model,price
"$362.47, $1000 down, oac, 2.9%apr $362.47,luxury low miles $1000 down, only 40k miles",0.241393591660269
& altima,0.0206270960442846
(300),0.0807810416582488
(cng) 2500 express van,0.1868459331690169
(s)port (s)edan,0.0504767869408865
* vmi * ♿,0.1009737767182512
-,0.2019475534365024
- 328i - convertible,0.0625984888278314
- benz sprinter,0.4322598892884561
- forester,0.0585579215321831
- international,0.0555274960604468
- santa fe,0.0434057941735019
- tc3 - 3500 hd,0.0959331690169299
-150 xlt,0.2019677562729807
-350,0.083306396218029
-benz e350,0.0959331690169299
-benz s430,0.0302739504626449
.. ect.,0.0023334276132368
/ accord,0.0757303325386884
/ braun,0.0631035597397874
/ durango sport,0.1918966422885773
/ vmi / ♿,0.1004788072245343
/ vmi ♿,0.1009333710452947
// vmi // ♿,0.1009737767182512
// vmi ♿,0.1009737767182512
/vmi conversion van,0.1767445149298961
"08' mkz 79,000 miles!",0.0907814457149783
"08' mkz 79,ooo mi.",0.0907814457149783
1 series,0.1308795866050704
1 series 128i,0.11326720271526118
1 series 128i convertible 2d,0.15243070733191544
1 series 128i coupe 2d,0.13766829708528658
1 series 135i 2dr coupe,0.2221099842417875
1 series 135i convertible 2d,0.23908049474956403
1 series 135i coupe 2d,0.19260374156531565
1 series 2dr conv 128i,0.14129358761970176
1 series 2dr conv 135i,0.1514404622408986
1 ton,0.06158329629479975
1 ton 3500,0.1666430966907753
1 ton box truck,0.0282536668148208
1 ton dump bed,0.1085599418158309
1-series,0.08821821083680145
1-series 128i,0.0907612428785001
1-series 128i coupe,0.0696694815952159
1-ton,0.0888621762495454
1-ton deluxe,0.1666430966907753
1.8t convertible 2d,0.0499717160289304
1/2 ton expressvan,0.0479514323811063
1/2 ton trucks,0.1109640793567416
100 cs quattro wagon,0.0252232413430845
124 spider,0.18837798160195018
124 spider $25k,0.2626065699624227
124 spider abarth,0.27565872470717107
124 spider classica,0.20876199313838206
124 spider lusso,0.2404378420884138
128,0.1110347892844155
128 i coupe,0.0898723180734575
128 sport package,0.0605782051800072
128i,0.12363651056608344
128i 1-series coupe,0.1514404622408986
128i 2dr coup automatic clean carfax local vehicle,0.1393591660269101
128i convertible,0.09589853558296724
128i coupe,0.06895985696391768
128ic,0.0757303325386884
135,0.1110600428300133
135i,0.12254851206109335
135i convertible,0.08987231807345748
135i m sport,0.12845973574689884
135is,0.2549042385550931
15,0.0191623903996121
15 passenger shuttle van,0.1060345872560507
15 passenger van,0.0656289142995676
15-pass. van,0.0704018344175522
150,0.08870181623499937
150 4wd,0.1262374237342922
150 4x4,0.1615418804800193
150 full size van i,0.0019899793931067
150 xlt,0.2110893369429067
150 xlt 4x4,0.3999353509232696
1500,0.2364417337324354
"1500 $374 month,slt,48 months, 2.9%apr,$1000 down, oa 48 months, 2.9%apr, $374 month, $1000 down, oac, only $16,750",0.1590670330114348
"1500 $381.17, month, $2000 down, only 76k miles $381.17, month, $2000 down, only 76k miles",0.2524546446321063
"1500 $398.43, $2500 down, only 58k miles $398.43, $2500 down, only 58k miles",0.2694755343650248
1500 *4x4*slt 4dr *crew cab sb *pichup *local *truck,0.17142106751787947
1500 *4x4-slt 4dr -crew cab sb -pickup *local *truck,0.1714210675178795
1500 2wd crew cab 140.5 spor,0.3231645723059517
"1500 2wd reg cab 120.5"" tradesman",0.1514404622408986
1500 2wd sport,0.292910824679785
1500 4 x 4,0.1610873166592589
1500 4.7 slt,0.1211362075235363
"1500 4dr quad cab 140.5"" wb slt",0.0757202311204493
1500 4wd,0.20044244211887344
1500 4wd crew cab,0.3030021415006667
"1500 4wd crew cab 140.5"" laramie",0.2676471776637439
"1500 4wd crew cab 140.5"" rebel",0.3105883065982464
"1500 4wd crew cab 140.5"" slt",0.2113216695624065
"1500 4wd crew cab 140.5"" sport",0.3686613600549517
"1500 4wd crew cab 149"" laramie",0.2928603175885894
"1500 4wd quad cab 140.5"" big horn",0.22549395935189298
"1500 4wd quad cab 140.5"" express",0.2827588993494687
"1500 4wd quad cab 140.5"" slt",0.1716432987191401
"1500 4wd quad cab 140.5"" sport",0.2827588993494687
1500 4x2,0.0454260778213261
1500 4x4,0.1839725336763124
1500 4x4 big horn,0.3424077740514768
1500 4x4 crew cab,0.19995959432704347
1500 4x4 crew cab low miles,0.2725968726009131
1500 4x4 express 4dr quad cab 6.3 ft sb pickup truck clean carfax 2-owner local truck,0.2212816679461796
1500 4x4 extended cab,0.090831952806174
1500 4x4 gas,0.3535092326962705
1500 4x4 hemi quad cab,0.2726978867833043
1500 4x4 laramie,0.1413895510929734
1500 4x4 lb,0.0402743545193745
1500 4x4 slt,0.16713554082993248
1500 4x4 sport,0.0302739504626449
1500 4x4 v6,0.2424037334841811
1500 5.7 hemi,0.0706291163279324
1500 8ft,0.1109842821932199
1500 avalanche ltz 4x4,0.1105802254636551
1500 big horn,0.2630464181368595
1500 big horn 1 owner 4x4,0.3837730817406763
1500 big horn 4wd,0.4158282489528196
1500 big horn 4wd 4x4,0.41340559214513717
1500 big horn 4wd!,0.2916380459816558
1500 big horn 4x2 crew cab 5'7 box w/ bluetooth automatic,0.3484686249949493
1500 big horn 4x4,0.23762720571682544
1500 big horn 4x4 5.7l hemi,0.3330639621802901
1500 big horn 4x4 crew cab,0.1918461351973817
1500 big horn 4x4 hemi,0.2423532263929855
"1500 big horn 4x4 quad cab 6'4"" box",0.3029617358277102
1500 big horn classic,0.383823588831872
1500 big horn crew cab short bed pick up truck,0.3231140652147561
1500 big horn diesel,0.3332659905450725
1500 big horn hemi,0.1105802254636551
1500 big horn hemi v8 4x4,0.1413390440017778
1500 big horn quad cab 4x4,0.2221907955877005
1500 big horn sport,0.4746858458927633
"1500 big horn | *one owner*,",0.3837730817406763
1500 big horn/lone star,0.3906516159079261
1500 big horn/lone star 4x4,0.4545234150874783
1500 big horn/lone star automatic,0.3381045698816113
1500 big horncrew cab,0.24672461513596508
1500 big hornextended cab,0.2919006828558729
1500 bighorn,0.38562164127843546
1500 bighorn 4x4,0.009347179010599733
1500 bighorn 4x4 gas,0.40876993247499
1500 classic,0.3603494469084998
1500 classic 4wd,0.2990827912238878
1500 classic big horn,0.371610974180775
1500 classic bighorn,0.3905477662397134
1500 classic crew cab,0.37175627919698384
1500 classic crew cab big,0.3433169016929976
1500 classic crew cab lone,0.3332154834538769
1500 classic crew cab slt,0.3232203959330626
1500 classic express,0.38067598690856197
1500 classic quad cab,0.31271822759037315
1500 classic quad cab slt,0.3493777526364701
1500 classic regular cab,0.2547778389548033
1500 classic slt,0.32479494120974584
1500 classic slt 4wd,0.296519917110648
1500 classic slt 4x4,0.37960456314733254
1500 classic slt crewcab,0.3732170996807952
1500 classic sport 4x4,0.3939149056527536
1500 classic sxt plus,0.3838134874136328
1500 classic tradesman,0.3364923835306477
1500 classic warlock,0.3920709376687395
1500 club coupe,0.1110347892844155
1500 conversation,0.0858317507778092
1500 conversion van,0.10836464772987459
1500 crew,0.2726574811103479
1500 crew 4x4,0.2423532263929855
1500 crew cab,0.25999841125993406
1500 crew cab 4x4,0.19940957210392338
1500 crew cab 4x4 big horn,0.2423532263929855
1500 crew cab 6ft 4 bed,0.2828094064406642
1500 crew cab big horn,0.3637710805463228
1500 crew cab express,0.2524546446321063
1500 crew cab express 4x4,0.2322518081538647
1500 crew cab express pickup,0.30576597736930955
1500 crew cab hemi,0.0999737363125782
1500 crew cab laramie,0.3745740568642504
1500 crew cab laramie limit,0.3533981170956402
1500 crew cab laramie pickup,0.3568602846654485
1500 crew cab lone star,0.32091011941712977
1500 crew cab ltz,0.2315447088771263
1500 crew cab rebel pickup,0.40845574415617647
1500 crew cab slt 4x4,0.1918461351973817
1500 crew cab slt pickup 4d,0.3566683414525312
1500 crew cab sport,0.4847367570406885
1500 crew cab tradesman,0.31666178431451775
1500 crew cab warlock,0.3636106509353913
1500 crew cab4x4,0.1878055679017334
1500 crew laramie,0.3015576386924724
1500 crew sport 4x4,0.4544426037415653
1500 diesel,0.3434179158753889
1500 eco diesel,0.2928603175885894
1500 ecodiesel,0.21307931633601354
1500 elevation crew cab,0.4645844276536425
1500 express,0.2387753533278999
1500 express 4x4 gas,0.34038328147938635
1500 express crew,0.3231645723059517
1500 express crew cab,0.2771526122267566
1500 express crew cab short,0.3332962947997899
1500 express hemi v8 4x4,0.1211362075235363
1500 express quad,0.313063154066831
1500 express quad cab,0.313063154066831
1500 express quad cab short,0.3029920400824276
1500 ext cab,0.029213301547537197
1500 extended cab,0.2676572790819831
1500 extended cab 4x4,0.2019475534365024
1500 f150,0.0696694815952159
1500 flex fuel,0.0777506161865125
1500 harvest,0.3230938623782779
1500 hemi,0.10299250630173086
1500 hemi 112k miles,0.136338841973413
1500 hemi 4x4,0.2701826336417633
1500 hemi crew,0.0605276980888116
1500 hemi express,0.1777546567538082
1500 hemi slt,0.24139359166026902
1500 hemi v8,0.1747242312820719
"1500 hemi, daytona",0.0959331690169299
1500 laramie,0.30577215426366955
1500 laramie 4dr cre,0.1913915713766212
1500 laramie 4dr quad cab 4x4 v8 hemi leather moon 20s,0.1766940078387005
1500 laramie 4wd,0.1797749404016324
1500 laramie 4x4,0.2178823964027406
1500 laramie 4x4 crew cab 57,0.4342801729362802
1500 laramie 4x4 eco diesel,0.3231645723059517
1500 laramie 4x4 gas,0.4393414374704051
1500 laramie 4x4 quad cab,0.39038445997818094
1500 laramie automatic,0.33313130496855087
1500 laramie big horn,0.1514808679138551
1500 laramie crew,0.2929007232615459
1500 laramie crew cab,0.3726574811103479
1500 laramie crew cab short,0.38801231026169397
1500 laramie crew hemi 5.7,0.3165178391046103
1500 laramie ecodiesel,0.318164370277587
1500 laramie fully loaded!!,0.2726574811103479
1500 laramie limited,0.29262040890541025
1500 laramie longhorn,0.2942447435409405
1500 laramie longhorn 4wd!,0.2687330801244494
1500 laramie longhorn 4x4,0.1915935997414037
1500 laramie longhorn automatic,0.3434179158753889
1500 laramie longhorn editi,0.3434078144571498
1500 laramie longhorn*leath,0.4579376944523011
"1500 laramie longhorn, lifted, 4x4 laramie longhorn, lifted, 4x4",0.3409127641520869
1500 laramie quad cab,0.0706695220008889
1500 laramie quad cab short,0.2524849488868237
1500 laramie slt,0.07235645884682203
1500 laramie slt 5.9,0.0252232413430845
1500 laramie sport,0.5454462806578044
"1500 laramie**v8,5.7l!!",0.3367206755828518
1500 laramie*nav*leather*ba,0.4377348579740595
"1500 laramie, $452.02 month, 2.9% apr, $2000 down, 72 m laramie, $452.02 month, 2.9% apr, $2000 down, 72 m",0.2928603175885894
1500 laramieextended cab,0.3232150793971473
1500 lifted big horn crew cab 5.7 liter hemi,0.3938744999797972
1500 limited,0.5942967392621925
1500 limited 4x4,0.5957008363974302
1500 limited 4x4 gas,0.5710782409234872
1500 limited crewcab leveled,0.5858014465230919
1500 limited edition crew cab lwb 4wd,0.2929007232615459
1500 lone star,0.24309803763115004
1500 lone star crew cab,0.3736716635015556
"1500 lone star, $435 month, $2000 down, oac, 2.9% $435 month, $2000 down, 2.9% apr, oac, 1 owner, 0 accidents, nice",0.2726574811103479
1500 lonestar,0.23981777041496624
1500 lonestar 4x4,0.1742191603701159
1500 long horn,0.0858317507778092
1500 longhorn,0.3376616615434345
1500 longhorn 4x4,0.2999818174471695
1500 longhorn 4x4 gas,0.4264639199788094
1500 longhorn limited,0.31068932078063755
1500 longhorn**navi*cam*lea,0.3468220938219726
1500 lt 4x4,0.0252232413430845
1500 lt crew cab,0.4115519818982584
1500 ltz,0.241393591660269
1500 mega cab,0.16850175764677355
1500 mega cab 4x4,0.1464402602125338
1500 megacab,0.0151218231039637
1500 megacab slt,0.0555274960604468
1500 night,0.3534183199321185
1500 orange,0.2272415047072609
1500 outdoorsman,0.2969895528887811
1500 outdoorsman 4wd,0.2823043355287082
1500 outdoorsman 4wd!,0.23530445674572706
1500 outdoorsman 4x4,0.31613352605614914
1500 outdoorsman hemi v8 4x4,0.1867954260778213
1500 pickup truck,0.1008828639540991
1500 plow truck 4x4,0.0035051921289749
1500 promaster - cargo van,0.2502424340377389
1500 promaster cargo van,0.2322922138268212
1500 quad cab,0.16227802133419528
1500 quad cab 140.5,0.0706493191644106
1500 quad cab 4 x 4,0.2699705038587418
1500 quad cab 4x4,0.13846013980362837
1500 quad cab 4x4 slt,0.2019475534365024
1500 quad cab big horn,0.33061038085536676
1500 quad cab express,0.19288153056689156
1500 quad cab express pickup,0.261441105255909
1500 quad cab harvest pickup,0.31823751847862886
1500 quad cab hemi,0.1868459331690169
1500 quad cab laramie pickup,0.32201209231594297
1500 quad cab lone star,0.3837225746494808
1500 quad cab long bed,0.1009333710452947
1500 quad cab short b,0.0282031597236252
1500 quad cab slt,0.1218365725214486
1500 quad cab slt pic,0.1816740070305871
1500 quad cab slt pickup,0.222150389914744
1500 quad cab slt pickup 4d,0.3365826228669172
1500 quad cab sport,0.1413390440017778
1500 quad cab sport pickup,0.25673331678624817
1500 quad cab sxt,0.110075154551699
1500 quad cab sxt pic,0.1816740070305871
1500 quad cab tradesman,0.28859246838256086
1500 quadcab,0.0100610125661642
1500 quadcab slt,0.0757303325386884
1500 r/t,0.19132591215806694
1500 r/t sport 4wd,0.1716635015556184
1500 rebel,0.4216860354886134
1500 rebel 4x4,0.2928199119156329
1500 rebel 4x4 1/2 ton,0.43236867379256966
1500 rebel 4x4 crew cab 57 b,0.4843529031476019
1500 rebel 4x4 off road,0.3231645723059517
1500 rebel crew cab,0.5050406077013213
1500 rebel hemi 4x4,0.2524546446321063
"1500 rebel*v8,5.7l",0.4377348579740595
1500 reg cab,0.1109640793567416
"1500 reg cab slt ""bumble bee"" 4x4",0.1060345872560507
1500 reg cab st,0.0565780435573154
1500 regular cab,0.15920753455603343
1500 regular cab lone star,0.3130126469756353
1500 regular cab slt pickup,0.1816942098670653
1500 regular cab tradesman,0.22306685619344715
1500 rst z71,0.535294355327488
1500 rt,0.2777536466119843
1500 savana conversion van,0.0585579215321831
1500 sb,0.1211362075235363
1500 sierra,0.10632045739221782
1500 sierra all-terrain,0.3030122429189058
1500 sierra crew cab,0.1737140894581599
1500 sierra denali,0.1110852963756111
1500 sierra silverado,0.0686593397713039
1500 sierra sle,0.2747282718493676
1500 sierra slt,0.2712937896480665
1500 silverado,0.1595443250232332
1500 silverado 4x4,0.13419532102307158
1500 silverado ltz z71,0.12876277829407246
1500 silverado sierra,0.0787607580104246
1500 silverado titan,0.0565376378843589
1500 silverado z71,0.1908865004646652
1500 single cab,0.0100711139844034
1500 slt,0.16938426139526108
1500 slt 1500 quad hemi,0.2256050749525233
1500 slt 1owner 4x4 5.7l well maint runs&drive great!!!,0.1644207846781688
1500 slt 4dr quad cab,0.111075194957372
1500 slt 4dr quad cab slt,0.10093337104529475
1500 slt 4dr quad cab v8 automatic short bed tow pkg,0.1009333710452947
1500 slt 4wd,0.308202351610166
1500 slt 4wd 4x4,0.3219220978625399
1500 slt 4wd pickup truck,0.3189068245181623
1500 slt 4wd!,0.04393409834740797
1500 slt 4wd!crew cab,0.29307469213121967
1500 slt 4wd!extended cab,0.19420313278650989
1500 slt 4x4,0.1463251040446078
1500 slt 4x4 1/2 ton,0.32142018364378355
1500 slt 4x4 81k v8 hemi crew cab 20s newer tires,0.313063154066831
1500 slt 4x4 big horn,0.2722029172895874
1500 slt 4x4 half ton,0.33685412063432646
1500 slt 4x4 quad cab 135k lifted offroad tires tow pac,0.131237625762657
1500 slt automatic,0.363499535334761
1500 slt big horn,0.27116752192007754
1500 slt biodiesel 4wd,0.2873550446482686
1500 slt crew cab,0.36155804274920195
1500 slt crew cab 4wd,0.1918865408703381
1500 slt crew cab 4x2,0.3484686249949493
1500 slt crew cab 4x4,0.2668188613681361
1500 slt hemi 4wd lifted on 35 inch mt,0.3130126469756353
1500 slt laramie,0.0353246595822053
1500 slt laramie 4x4,0.1918966422885773
1500 slt mega cab 4x4,0.1311871186714614
1500 slt quad cab,0.1504808275081821
1500 slt quad cab / 4x,0.1009333710452947
1500 slt quad cab 4wd,0.1311871186714614
1500 slt quad cab 4x4,0.2302820315972362
1500 slt rwd half ton,0.1716837043920966
1500 slt sport,0.1231918461351973
1500 slt**3.6l!,0.2963150026263687
1500 sltcrew cab,0.2564083397308982
1500 sltextended cab,0.098448422158471
1500 sport,0.2938307362678044
1500 sport 4wd!,0.1735996067181165
1500 sport 4wd!crew cab,0.22412521718049205
1500 sport 4x2 regular cab 6,0.353468827023314
1500 sport 4x4,0.3437916683502364
1500 sport 4x4 1/2 ton,0.3707409895349307
1500 sport 4x4 5.7 v8 loaded lifted on 37s,0.4544830094145218
1500 sport 4x4 gas,0.4292698694896763
"1500 sport 4x4 quad cab 6'4"" box",0.3433674087841933
1500 sport automatic,0.3584134712513637
1500 sport crew cab,0.3924097943351246
1500 sport crew cab lwb 4wd,0.2726574811103479
1500 sport crew cab swb 4wd,0.2322922138268212
1500 sport crew hemi sun r,0.286213584387248
1500 sport crewcab 4x4,0.39248555497191795
1500 sport quad cab,0.0201725322235241
1500 sport r/t hemi,0.3735908521556426
1500 sport r/t regular cab,0.353468827023314
1500 sport rwd 1/2 ton,0.4141177421309951
1500 sportcrew cab,0.3211796436219645
1500 sportextended cab,0.2770299521481387
1500 st,0.16204594125015148
1500 st 4dr quad cab st,0.1211362075235363
1500 st 4x4,0.10903134133365654
1500 st 4x4 1/2 ton,0.3535092326962705
1500 st 4x4 gas,0.32320497797890824
1500 st 4x4 half ton,0.33974773391517504
1500 st express,0.2423532263929855
1500 st express black,0.2272010990343044
1500 st extended cab,0.08694038142955265
1500 st quad cab,0.1565416784516546
1500 st quad cab 4x4,0.2322518081538647
1500 st rwd,0.1563396500868722
1500 st rwd half ton,0.2929007232615459
1500 st st 4dr quad cab,0.10597902945573555
1500 st tradesman/express,0.21653400137379278
1500 stl,0.0454260778213261
1500 suburban,0.067543133055881
1500 suburban z71,0.0706291163279324
1500 sxt 4x4,0.3434078144571498
1500 sxt 4x4 1/2 ton,0.333306396218029
1500 sxt 4x4 half ton,0.3321840164136822
1500 tahoe,0.0757303325386884
1500 tradesman,0.22815943871340044
1500 tradesman 4wd!,0.1410461028728433
1500 tradesman 4wd!crew,0.201078831467938
1500 tradesman 4x2 regular cab 8' box,0.1994727059679178
1500 tradesman 4x4,0.17775213139924842
1500 tradesman automatic,0.2424037334841811
1500 tradesman crew hemi l,0.2458079114307648
1500 tradesman hemi,0.2403329427451614
1500 tradesman quad,0.1548951472786779
1500 tradesman quad cab,0.17068366398642362
1500 tradesman reg cab,0.2120489716756232
1500 tradesman regular cab lwb 2wd 6-speed automat,0.090831952806174
1500 tradesman rwd gas,0.2120893773485797
1500 tradesman standard,0.1817952240494565
1500 tradesman*back up cam*,0.2559093296698856
"1500 tradesman*v6,3.6l!",0.2256050749525233
1500 tradesmanextended cab,0.23749444421996846
1500 trail boss,0.5050406077013213
1500 trailboss z71,0.4645844276536425
1500 truck,0.054517354236534796
1500 v8 slt,0.0797708998343367
1500 van,0.1211362075235363
1500 w/ plow 4x4,0.0060204452705159
1500 x-cab 4wd z-71,0.1211362075235363
1500 yukon denali xl,0.10260010505474966
1500 yukon slt,0.2536203482969008
1500 z-71 4wd,0.1211362075235363
1500 z71,0.4535233746818053
"1500, slt",0.1514808679138551
1500/4x4,0.161592387571215
1500hd,0.1302274839387449
1500outdoorsman,0.2322518081538647
19 foot flatbed stake body lift gate low miles,0.0605276980888116
190-class,0.0908521556426522
190e,0.0151218231039637
1985 blazer,0.3429128449634329
1988 scottsdale plow truck,0.0302739504626449
1989 cummins truck,0.0908824598973696
1994 3500hd,0.0403753687017657
1995 g20 van,0.0504767869408865
1`500,0.2928603175885894
2,0.04461371113346415
2 door 2door 2-dr 2dr,0.0095660430724473
2 door echo,0.0151218231039637
2 series,0.3173041204662554
2 series 228i,0.161592387571215
2 series 228i convertible 2d,0.2483635702452624
2 series 228i coupe 2d,0.18846216008727623
2 series 228i xdrive coupe,0.2079578972887793
2 series 228i xdrive gran,0.3392763343973494
2 series 230i coupe 2d,0.25898300993254314
2 series 230i xdrive,0.2161400460624671
2 series 230i xdrive coupe,0.2607607653569106
2 series 2dr cpe 228i rwd,0.2120489716756232
2 series m235i,0.2928603175885894
2 series m235i convertible,0.2726069740191523
2 series m235i coupe 2d,0.2554345630126469
2 series m235i xdrive,0.3029112287365146
2 series m240i coupe 2d,0.350355309240256
2 series m240i xdrive,0.3130126469756353
2 sport,0.04742110792355245
2 wheel drive,0.0151218231039637
2-series,0.1614711705523455
20,0.1868459331690169
200,0.08042099500574974
200 200c sedan 4d,0.1744449567778139
200 200s sedan 4d,0.14484495766062694
200 3.6l convertible,0.1908865004646652
200 4dr sdn s awd,0.1165602650612146
200 4dr sdn s fwd,0.1504303204169865
200 4dr sdn touring,0.0807305345670532
200 c,0.12205832270279313
200 c automatic,0.1343185583255889
200 c sedan,0.1009333710452947
200 convertable,0.0757303325386884
200 convertible,0.09211988363166185
200 limited,0.07768579058014305
200 limited 4d sedan automatic,0.1104287041900682
200 limited 4dr sedan,0.07446765525879831
200 limited automatic,0.1211766131964928
200 limited sedan,0.0429007232615459
200 limited sedan 4d,0.14903969183940086
200 limited/navigation,0.0504262798496909
200 limitedsedan,0.1307830619418966
200 lx,0.06639118286053512
200 lx 4dr sedan,0.0504767869408865
200 lx sedan 4d,0.0554769889692512
200 lxsedan,0.0908723584791304
200 nv cargo van,0.1615822861529758
200 s,0.08203399164650117
200 s awd,0.090831952806174
200 s awd gas sedan,0.1918865408703381
200 s convertible,0.1009737767182512
200 s convertible 2d,0.1271465513758131
200 sedan,0.0322942341104691
200 sedan limited,0.1009737767182512
200 series,0.0840539011677239
200 series 200c leather heated seats,0.11007515455169899
200 series limited,0.11053308551187246
200 series lx,0.0802759707462927
"200 series lx new tires 136k heated seats kbb $6,508",0.0453755707301305
200 series s 1-owner sport convertible navigation heated leather backup camera,0.090831952806174
200 sport,0.0696694815952159
200 ssedan,0.12286018290301291
200 touring,0.059398310254467006
200 touring 4dr sedan,0.06215114030581319
200 touring convertible,0.0720054345630126
200 touring sedan,0.089751101054588
200 touring sedan 4d,0.16943782240359875
200-series,0.07886934825649518
200-series 4dr sdn tou,0.065578407208372
2000,0.1666430966907753
2001 es300,0.0600731342680512
2002 rsx type s,0.0696694815952159
2004 f350 super duty,0.0252232413430845
2004 s80 / turbo,0.0100711139844034
2005,0.1565416784516546
200c,0.0504767869408865
200c awd,0.12116146106913404
200s,0.10897842914288017
200s sedan 4d,0.1706836639864236
200sl,0.0251727342518889
200t f sport,0.292910824679785
2011 328i,0.0928926421269546
2011 f-450 4x4 crew cab in-closed utility,0.318164370277587
2011 terrain,0.0898723180734575
2012,0.241393591660269
2012 s60 t5,0.0605782051800072
2013,0.3181542688593478
2016,0.2550305062830821
2016 a3 sportback e-tron,0.1917754252697078
2017 altima sl,0.1166410764071275
2018 f-250 4x4 crew-cab flatbed truck,0.4131177017253222
2200,0.0656289142995676
228,0.1070447290799628
228 xi,0.1464402602125338
228i,0.16343806098947716
228i m sport package,0.14947068568427
228i xdrive,0.24638369227039472
22r,0.0201725322235241
22re,0.057547779708271
230ge,0.8888945007879107
230i,0.3792667268262242
230i 2-series 2 series 230 i,0.2423532263929855
230i convertible,0.3626106105297184
230i xdrive,0.2817992646167522
238i,0.0906299244413915
24 ft,0.0226978867833043
240,0.03243132478657142
240 dl,0.035072124126227275
240 sedan 4d,0.0499717160289304
240 station wagon,0.0504262798496909
240 sx,0.1161360054951715
240 wagon,0.03689037940926905
240d,0.06916441068325987
240dl wagon,0.0555274960604468
240gd swb,0.3434179158753889
240m,0.3383672067558285
240sx,0.06899605371260786
240sx limited edition,0.0434057941735019
240sx s13,0.07505690465608034
240sx s14,0.0757303325386884
240sx se,0.0681542688593478
244,0.0252232413430845
245,0.0418905814376338
245 glt,0.0120913976322275
250,0.1966654300081913
250 5.9l v8 4 speed manual new tires long bed,0.0554769889692512
250 diesel,0.0636086306517435
250 pickup,0.161592387571215
250 super duty xl,0.3131136611580266
250 xlt,0.0858317507778092
2500,0.33255523945663246
"2500 $488 montslt,4x4,3/4 ton, will sell fast, hurry in $488 month, slt,4x4,3/4 ton, will sell fast, hurry in $2k down, oac, 2.9% apr,",0.3214473312053012
2500 *tradesman*4x4 *4dr -*c,0.54423411046911
2500 *tradesman*4x4 *4dr -*crew *cab *lifted *1-*owner,0.54423411046911
2500 4 x 4,0.4898884803426401
"2500 4dr quad cab 155"" wb hd 4wd",0.1514404622408986
2500 4dr quad cab 160.5 4wd slt,0.2615964281385106
2500 4wd,0.5554971918057295
2500 4wd laramie mega,0.2220998828235484
2500 4x4,0.1819411822231435
2500 4x4 5.7 hemi,0.0656289142995676
2500 4x4 5.7l hemi 1-owner new wheels&tires,0.2005838619742211
2500 4x4 big horn,0.3424077740514768
2500 4x4 crew,0.3130126469756353
2500 4x4 crew cab,0.227504141581478
2500 4x4 crew cab big horn,0.2575558608428623
2500 4x4 cummins,0.4451147414781245
2500 4x4 cummins diesel,0.4949290880439613
2500 4x4 diesel,0.3232049779789082
2500 4x4 diesel truck,0.4848276698048406
2500 4x4 laramie diesel,0.4545234150874783
2500 4x4 megacab,0.3222410140669464
2500 4x4 power wagon crew cab 5.7l hemi gas laramie one owner low miles,0.2919006828558729
2500 4x4 quad cab,0.0782556870984686
2500 4x4 quad cab sport,0.1312881328538526
2500 5.9 diesel,0.2019475534365024
2500 5.9l - cummins diesel - 4x4 - 8ft lb - clean car fax,0.2414845044244211
"2500 6"" lifted laramie crew 4x4",0.7272213018707827
2500 6.4 hemi,0.540395571538244
2500 6.4 hemi tradesmen 4wd,0.449482807386157
2500 6.7 cummins diesel 4x4 laramie !!leveled 35s!,0.4948886823710048
2500 6.7 cummins diesel 4x4 laramie clean leveled w/35,0.6565113741969373
2500 6.7 cummins diesel 4x4 laramie lifted on 37s,0.6666127924360581
2500 6.7 diesel,0.3434078144571498
2500 big horn,0.3546571211325342
2500 big horn 4x4,0.3260384257949816
2500 big horn 4x4 6.7l cumm,0.5858014465230919
2500 big horn 4x4 crew cab 6,0.5959028647622127
2500 big horn crew cab,0.49286839872318067
2500 bighorn,0.4421466523899955
2500 black widow,0.8281647743343166
2500 box truck,0.0555274960604468
2500 cargo,0.1004788072245343
2500 cargo van,0.0983196290759222
2500 crew 4x4,0.20309709483211438
2500 crew 4x4 diesel,0.5747403935512546
2500 crew 4x4 dmax,0.3727120287688391
2500 crew cab,0.3666289737645203
2500 crew cab 149 in,0.49303507212412623
2500 crew cab 4wd,0.4434219564426845
2500 crew cab 4x4,0.24189866257222511
2500 crew cab 4x4 hemi,0.2929007232615459
2500 crew cab big horn,0.5124569280224618
2500 crew cab hemi,0.3737221705927512
2500 crew cab laramie 4wd diesel,0.6262475251525315
2500 crew cab laramie picku,0.5958321548345388
2500 crew cab lone star,0.4645339205624469
2500 crew cab slt,0.3328114267243121
2500 crew cab slt 4x4,0.3975881486487975
2500 crew cab tradesman,0.4503919350276779
2500 crew cab tradesman 4x4,0.42169885651945527
2500 crew cab tradesman pic,0.520071518041133
2500 crew cav 4x4 hemi,0.2929007232615459
2500 crew lb 4x4,0.2621014990504667
2500 crew lt,0.1009333710452947
2500 crewcab,0.2777586973211038
2500 cummins,0.3087921884658138
2500 cummins 4x4,0.44567709806456823
2500 cummins 4x4 diesel,0.464624833326599
2500 cummins 6.7 - tradesman - 4x4 - crew cab - 8ft - - lifted,0.4241080447694856
2500 cummins diesel,0.28758232655864874
2500 cummins ho,0.2919006828558729
2500 cummins laramie,0.2908905410319609
2500 cummins sport,0.3919047234231686
2500 cutaway,0.0302739504626449
2500 diesel,0.26176203017691557
2500 diesel 4x4,0.2285647904965857
2500 diesel 4x4 5.9l 1,0.3424077740514768
2500 diesel 4x4 5.9l c,0.33432663946018015
2500 diesel 4x4 5.9l cummins turbo diesel quad cab short bed low miles,0.2919006828558729
2500 diesel 4x4 5.9l h,0.3222049375732352
2500 diesel 4x4 6.7l c,0.2919006828558729
2500 diesel 4x4 6.7l cummins turbo diesel crew cab short bed,0.2919006828558729
2500 diesel laramie,0.200987918703786
2500 diesel truck 5.9l cummins 6 speed manual,0.3332154834538769
2500 diesel truck 6.7l laramie mega cab,0.4847367570406885
2500 diesel truck 6.7l laramie mega cab one owner,0.5857509394318963
2500 diesel truck 6.7l one owner 4wd,0.3837225746494808
2500 diesel truck 6.7l turbo diesel laramie one owner,0.5857509394318963
2500 diesel truck 6.7l turbo diesel one owner laramie pre-def none def,0.4241282476059638
2500 diésel 4x4,0.1464402602125338
2500 dually,0.3939250070709927
2500 duramax,0.0070406885126671
2500 express,0.21664511697442315
2500 express van,0.136338841973413
2500 ext cab,0.0242130995191724
2500 extended cargo van,0.2928603175885894
2500 gas,0.2119984645844276
2500 gas 4x4,0.1403794092690613
2500 hd,0.13322507980120407
2500 hd 4.8l v8 cargo,0.0282536668148208
2500 hd 4x2 gas,0.1706836639864236
2500 hd 4x4,0.18733837730817401
2500 hd 4x4 diesel,0.19088650046466524
2500 hd crew,0.0756798254474928
2500 hd crew cab l bed,0.2817992646167522
2500 hd crew cab lt,0.2817992646167522
2500 hd gas 4x4,0.2110893369429067
2500 hd high country,0.7373227201099035
2500 hd lifted laramie crew,0.4948886823710048
2500 hd ltz,0.6969170471534204
2500 hd ltz z71 crew cab,0.6625722251404098
2500 hd silverado lt,0.1716938058103357
2500 hd sle,0.232731625520223
2500 hd z71 4x4,0.2272516061255
2500 heavy duty,0.383823588831872
2500 hemi,0.3321851387934866
2500 laramie,0.4544405442291088
2500 laramie 4dr megacab,0.6969170471534204
2500 laramie 4wd,0.2272516061255
2500 laramie 4wd 6.7 cummins,0.3938744999797972
2500 laramie 4wd 6.7 cummins diesel lifted on 37,0.3938744999797972
"2500 laramie 4wd 6.7 cummins diesel mega cab megacab leveled on 35s, sunroof and loaded",0.5655986100448503
2500 laramie 4x4,0.2777586973211038
2500 laramie 4x4 / 5.9,0.2928098104973938
2500 laramie 4x4 diesel,0.4545234150874783
2500 laramie 4x4 gas,0.3737120691745121
2500 laramie 4x4 longhorn,0.4545234150874783
2500 laramie 4x4 mega cab 64,0.7373227201099035
2500 laramie automatic,0.4415430926502081
2500 laramie crew 4wd,0.5049901006101257
2500 laramie crew cab,0.4570588710654976
2500 laramie crew cab 4x4,0.4848276698048406
2500 laramie crew cab lifted cummins,0.7272213018707827
2500 laramie crewcab 4wd,0.5858014465230919
2500 laramie cummins,0.3110933775102024
2500 laramie longhorn,0.3839485097040958
2500 laramie longhorn 4x4,0.3737120691745121
2500 laramie mega cab,0.5805234554931512
2500 laramie mega cab 4x4,0.2919006828558729
2500 laramie mega cab 4x4 bds lifted loaded diesel,0.695957412420704
2500 laramie quad cab / 4x4 / 5.9 l high output / cummins diesel / long bed / lifted / 116k miles,0.3433169016929976
2500 laramie quad cab / 4x4 / 5.9l cummins diesel / 5-speed manual / new moto metal wheels / new tires / lifted !!,0.2928098104973938
2500 laramie slt,0.0716897652430401
2500 limited megacab,0.4545335165057174
2500 lone star,0.216129944644228
2500 lone star crew cab,0.5554971918057295
2500 longhorn edition,0.3080629520384662
2500 longhorn loaded! south,0.3938744999797972
2500 longhorn mega 4x4,0.4434219564426845
2500 ls,0.0898723180734575
2500 lt 4x4 dmax,0.5343347205947716
2500 lt ext cab 6.0 4x4,0.2272516061255
2500 ltz 4x4,0.2423532263929855
2500 mega cab,0.35967249112120164
2500 mega cab 160.5,0.23482261909572094
2500 mega cab 4wd,0.4292799709079154
2500 mega cab 4x4,0.2557712769539509
2500 mega cab cummins,0.7262616671380663
2500 mega cab laramie,0.6303689037940927
2500 mega cab laramie picku,0.4746151359650895
2500 mega cummins,0.7262616671380663
2500 megacab laramie,0.3621055396177623
2500 outdoorsman,0.2726574811103479
2500 passenger van,0.0797708998343367
2500 pick up,0.1767445149298961
2500 pk,0.2726574811103479
2500 power wagon,0.3930238162580883
2500 power wagon 4x4,0.5453957735666088
2500 power wagon crew cab,0.5959028647622127
2500 power wagon crwe cab,0.5959028647622127
2500 powerwagon,0.464624833326599
2500 quad cab,0.19005986773876382
2500 quad cab 160.5,0.2423532263929855
2500 quad cab diesel,0.1868459331690169
2500 quad cab lng bd,0.0403248616105701
2500 quad cab slt,0.10855994181583091
2500 reg cab slt 4x4,0.242393632065942
2500 regular cab,0.1615418804800193
2500 savana cargo,0.1712071011133599
2500 service bed,0.2019879591094589
2500 sierra,0.1191664309669077
2500 silverado,0.1423996929168855
2500 silverado regular cab manual,0.1914925855590124
2500 slt,0.2802007917063071
2500 slt / 2wd / 5.9 l cummins turbo diesel / long bed / 103k miles / 5-speed manual transmission,0.2726069740191523
2500 slt / quad cab / 4x4 / leather / / 5.9 l high output / cummins diesel / long bed / moto metal wheels / new tires / lifted !!,0.3130126469756353
2500 slt / regular cab / 4x4 / high output 5.9l cummins turbo diesel / 6 speed manual / *** bulletproof *** lift !!!,0.282708392258273
"2500 slt 4dr quad 4x4 / flat bed / 5.9 l cummins turbo diesel / 92,000 miles !!!",0.3332154834538769
2500 slt 4x4,0.24388286972633813
2500 slt 4x4 cummins,0.2592976729608512
2500 slt 4x4 diesel,0.1716432987191401
2500 slt 4x4 laramie,0.2322922138268212
"2500 slt 4x4 mega cab 6'4"" box",0.5252333427613237
2500 slt 6.7 diesel,0.3737120691745121
2500 slt automatic,0.3434179158753889
2500 slt big horn,0.28937532829609275
2500 slt crew cab,0.2626065699624227
2500 slt cummins,0.32658221881018756
2500 slt mega cab,0.2220998828235484
2500 slt quad cab,0.2206856842700715
2500 slt* 4x4 * diesel 4dr mega cab clean carfax cummins,0.280284051880884
2500 st,0.23163006586124685
2500 st 4wd,0.2919006828558729
2500 st 4wd 8'bed,0.1504808275081821
2500 st 4x4 quad cab,0.2322518081538647
2500 st crew cab,0.14947068568427
2500 st crew cab flatbed,0.1817952240494565
2500 suburban,0.0908824598973696
2500 super duty,0.2928603175885894
2500 sxt 4x4 3/4 ton,0.1817851226312174
2500 tradesman,0.4035066351887233
2500 tradesman 4x4,0.38839784772448716
2500 tradesman 4x4 gas,0.4949290880439613
2500 tradesman crew cab,0.1930583053860762
2500 tradesman crew cab lwb,0.3433674087841933
2500 tradesman flatbed,0.4241787546971595
2500 tradesman lifted 4wd cummins,0.4948886823710048
2500 tradesman long bed,0.4140773364580387
2500 tradesman turbodiesel,0.2928098104973938
2500 utility truck,0.3433674087841933
2500 v10,0.0252232413430845
2500 van,0.1312881328538526
2500 w/t,0.222150389914744
2500 work truck,0.0757303325386884
2500 yukon xl,0.0454260778213261
2500 z71 texas edition,0.2777586973211038
25000,0.0686593397713039
2500hd,0.20068381284942927
2500hd 4.8l cargo,0.0282536668148208
2500hd 4wd 6.0l,0.2605862863145985
2500hd 4x4,0.09419235794038812
2500hd crew cab,0.4746151359650895
2500hd crew cab 4x4,0.35857004323407
2500hd crewcab 4x4,0.1565416784516546
2500hd denali,0.5251424299971716
2500hd duramax,0.25738702285229415
2500hd duramax 4x4 crew,0.090831952806174
2500hd duramax diesel,0.22672128166794614
2500hd ext-cab long box pickup,0.1605822457473029
2500hd lt duramax 4x4,0.35855994181583095
2500hd sierra denali duramax,0.671208937734858
2509 hd silveradt,0.111075194957372
250l,0.1161360054951715
2599,0.3737120691745121
280zx,0.14522068231713062
280zx turbo,0.0959331690169299
281i,0.1437633843791668
29,0.1716938058103357
2dr hardtop john cooper works,0.1716432987191401
2wd,0.0024950503050628
2wd 4 cyl pickup,0.0151218231039637
3,0.057047747677075926
"3 ,2012",0.0797708998343367
3 2.0 sport,0.0959331690169299
3 2.5,0.0504767869408865
3 6 speed,0.0655279001171764
3 6 speed sky active?,0.0706695220008889
3 grand touring,0.11274192896682689
3 grand touring fwd gas,0.1413794496747343
3 gt grand touring,0.0676491979473918
3 hatchback,0.038282932066519226
3 hatchback 2.5,0.0085559012485352
3 i grand touring,0.0605681037617681
3 i gt,0.0752252616267323
3 i sport,0.058802039139628504
3 i touring,0.071851387934866
3 i touring 2.0l,0.04997171602893039
3 i-sport,0.1153581962907592
3 i-touring,0.04136025698007995
3 itouring,0.070679623419128
3 mazda3 manual,0.0181522485757
3 s,0.0575225261626732
3 s 5 door grand touring,0.0262333831669966
3 s grand touring,0.0706695220008889
3 s sport,0.0403248616105701
3 s sport hatchback,0.083306396218029
3 select,0.0989635944886662
3 select fwd gas sedan,0.242393632065942
3 series,0.1630020880376897
"3 series ** awd,",0.14947068568427
"3 series ** sunroof,",0.111075194957372
"3 series **navigation,",0.1090650127277869
3 series 320i,0.14504075463104107
3 series 320i 4dr sedan,0.1110347892844155
3 series 320i sedan,0.2019980605276981
3 series 320i xdrive,0.13623185877115326
3 series 320i xdrive sedan,0.23826215200614156
3 series 320i xdrive**back,0.195300820235161
3 series 320xi xdrive,0.12622732231605316
3 series 325ci,0.0221928158713483
3 series 325ci 2dr converti,0.0806901288940967
3 series 325i,0.040262569531428836
3 series 325xi,0.0416380459816558
3 series 325xi 4dr wagon,0.0775485878217301
3 series 325xi awdsedan,0.0479514323811063
3 series 328d,0.1109842821932199
3 series 328d sedan 4d,0.22492827993050218
3 series 328d xdrive,0.2625560628712271
3 series 328d xdrive awd,0.1262273223160531
3 series 328d xdrive sport,0.3044417466515329
3 series 328i,0.09902267825572518
3 series 328i 2dr,0.1008626611176209
3 series 328i 2dr convertib,0.0907915471332175
3 series 328i 4dr sedan,0.08576440798954833
3 series 328i 4dr sedan sul,0.0554062790415774
3 series 328i convertible,0.16827615930609985
3 series 328i convertible 2d,0.16568734711892008
3 series 328i coupe,0.11356014384419565
3 series 328i gran turismo,0.1978564790496585
3 series 328i m sport cabriolet,0.1615418804800193
3 series 328i sedan,0.10587296456422475
3 series 328i sedan 4d,0.16268478380078846
3 series 328i xdrive,0.11784967224782972
3 series 328i xdrive sedan,0.14803965143372794
"3 series 328i | navigation,",0.131237625762657
3 series 328isedan,0.1271465513758131
3 series 328ix,0.0679017334033698
3 series 328xi,0.09344822013010622
3 series 330ci 2dr,0.0454260778213261
3 series 330e iperformance,0.24702793827808975
3 series 330i,0.22399490888520743
3 series 330i 4dr sedan,0.0604872924158551
3 series 330i gran turismo,0.2693745201826336
3 series 330i sedan,0.0762354034506444
3 series 330i sedan 4d,0.3099045182866751
3 series 330i xdrive,0.3107110776814603
3 series 330i xdrive automatic,0.2673542365348095
3 series 330i xdrive gran t,0.286213584387248
3 series 330i xdrive gran turismo,0.2380399208048809
3 series 330i xdrive sedan,0.27771155736932124
3 series 330i xdrive sport,0.2852337468180532
3 series 330i xdrive**navi*,0.3064164208654895
3 series 330xi,0.0555274960604468
3 series 335d,0.0767404743626005
3 series 335d sedan 4d,0.12868701765727905
3 series 335i,0.08447614045011917
3 series 335i convertible 2d,0.21704917370398802
3 series 335i sedan 4d,0.21473178951971916
3 series 335i xdrive,0.1711887348983797
3 series 335i xdrive 4dr s,0.1008828639540991
3 series 335i xdrive coupe,0.2018970463453068
3 series 335i xdrive sedan,0.2079578972887793
3 series 335is 2dr,0.2322518081538647
3 series 335isedan,0.1009333710452947
3 series 335xi,0.1201765727908198
3 series 335xi 4dr sedan,0.0705887106549759
3 series 340i,0.27200088892480495
3 series 340i gran turismo,0.3130126469756353
3 series 340i sedan 4d,0.2798117298591096
3 series 340i xdrive sedan,0.3142632987576217
3 series 340i xdrive**navi*,0.2660107479090064
3 series dinan,0.1211867146147319
3 series gran turismo,0.17637412959446166
3 series gran turismo 328i,0.2317972443331043
3 series m3,0.2929007232615459
3 series m3 2dr convertible,0.1504808275081821
3 series m340i sedan 4d,0.4736672862203186
3 series m340i sedan north,0.5049901006101257
3 series sdn 328i rwd,0.0554264818780556
3 series x5,0.0858317507778092
3 skyactiv,0.0666390561234797
3 skyactive,0.0605681037617681
3 speed,0.1009333710452947
3 sport,0.10954483009414513
3 sport hatchback,0.06657844761404501
3 sport sedan 4d,0.07522526162673235
3 standard range plus,0.383823588831872
3 touring,0.107122510000404
3-series,0.13736270106413848
3-series 320i,0.2171501878863792
3-series 320i sedan,0.1403794092690613
3-series 328i,0.11162908939081713
3-series 328i convertible,0.1009737767182512
3-series 328i sa 6-speed automatic,0.0858317507778092
3-series 328i xdrive sedan,0.1907652834457957
3-series 328i xdrive sedan 8-speed automatic,0.1161360054951715
3-series 328xi xdrive,0.1161360054951715
3-series 330ci,0.0252232413430845
3-series 330xi sedan 6-speed automatic,0.0666390561234797
3.0cl,0.0252232413430845
3.0si,0.0403753687017657
3.2 cl type s,0.07461311568144162
3.2 tl,0.03809749888884395
3.2 tl- type s,0.0454260778213261
3.2tl,0.0541705388769916
3.5 rl,0.027243524990908652
3.5rl,0.030947378345252935
3/4 ton,0.0252232413430845
3/4 ton 4x4,0.0656289142995676
3/4 ton cargo,0.1262374237342922
3/4 ton hd,0.0959331690169299
3/4t 4wd suburban,0.2676572790819831
30 flatbed,0.0524970705887106
300,0.12646270804123833
300 300c awd,0.1499757565962261
300 300c sedan 4d,0.19334352190106308
300 300s,0.2171501878863792
300 300s rwd,0.2726574811103479
300 300s sedan 4d,0.2554661299446442
300 4dr sdn v6 limited rwd,0.0958826619257343
300 all wheel drive,0.0652248575700028
300 awd,0.16739565234958978
300 c,0.0757303325386884
300 c 5.7 hami,0.0605276980888116
300 c hemi,0.0555274960604468
300 c platinum awd gas,0.2322922138268212
300 c rwd,0.1917754252697078
300 c srt 8,0.2120994787668188
300 cd,0.0221928158713483
300 coupe with t-tops,0.0353246595822053
300 d,0.0201220251323285
300 e,0.07825568709846854
300 hemi,0.1312881328538526
300 john varvatos,0.14969796759465026
300 limited,0.15716114792516866
300 limited 4dr sedan,0.1247655027908775
300 limited anniversary,0.2220998828235484
300 limited awd,0.19794234110469108
300 limited sedan 4d,0.21683333143392128
300 limited*,0.2559093296698856
300 limo,0.1110347892844155
300 limousine,0.30296173582771013
300 ltd,0.0176471776637439
300 lx,0.044415935997414
300 lxsedan,0.0484565032930623
300 m,0.0151218231039637
300 s,0.14118864510799534
300 s 4dr sedan,0.1503596104893126
300 s awd,0.1201765727908198
300 s awd gas sedan,0.2915538674963298
300 s awd v-6,0.216129944644228
300 s v6 awd,0.136338841973413
300 s v6 rwd 8-speed automatic,0.1814820800840438
300 sdn 300c awd,0.1413390440017778
300 se,0.0504262798496909
300 sedan 4d,0.16623606895584608
300 series,0.15653157703341544
300 series limited,0.12113620752353624
300 series s,0.18176491979473913
300 series touring,0.0597801931391167
300 srt8,0.23227706169946255
300 stretch limousine,0.2423532263929855
300 td wagon,0.0221928158713483
300 touring,0.06363628929692201
300 touring l sedan 4d,0.22339863659714962
300 touring rwd gas,0.2322922138268212
300 touring sedan 4d,0.23786795031876132
300 touring édition,0.0302234433714493
300 touringsedan,0.0756798254474928
300 v6,0.0252232413430845
300 zx,0.050426279849690864
300-c,0.1211362075235363
300-class,0.0521603566474066
300-hemi v8!! black pearl!! camel leather! loaded!,0.0504262798496909
300-series,0.15066404633555375
3000 gt,0.0706291163279324
3000 gt sl,0.070679623419128
3000gt,0.049824523934588937
3000gt sl,0.06344027368109145
3000gt vr-4,0.15906703301143477
3000gt vr4,0.13876318235080198
300c,0.09847872641318836
300c *moon roof!,0.1447937290395571
300c 5.7 hemi,0.04508936388002203
300c awd,0.11737342922946381
300c awd hemi,0.09791449005154605
300c base,0.1585316578447614
300c hemi,0.07850918459427889
300c sedan,0.2120489716756232
300c srt-8,0.1009838781364903
300c srt8,0.18530546688755095
300c v6,0.0252232413430845
300cd,0.0486248602637143
300ce,0.12068164370277586
300d,0.07994767465352129
300d 2.5 turbo diesel,0.0494666451169744
300d 2.5turbo diesel,0.0019899793931067
300e,0.0908824598973696
300m,0.02400054884372428
300m base 4-speed automatic,0.0271930178997131
300m special,0.0176471776637439
300m touring,0.0301224291890581
300s,0.17155782518019375
300s *navi*cam*leather,0.2357064931916441
300s awd,0.16758379126429349
300s hemi,0.141268334074104
300sd,0.020162430805285
300se,0.05603256697240289
300sl,0.0403248616105701
300td wagon,0.0454260778213261
300tdt,0.0120913976322275
300te,0.02269788678330435
300zx,0.11198790697310672
300zx 2 + 2,0.1161360054951715
300zx 2+2,0.07666543525568127
300zx convertible,0.1918461351973817
300zx coupe with t-tops,0.07476143817258606
300zx t top,0.0353246595822053
300zx turbo,0.0759828679946664
300zx twin turbo,0.14719786658046785
318i,0.09881928851382159
318i 2-door coupe,0.0494666451169744
318i convertible,0.0939128853691058
318ti,0.03254676956644705
320,0.1514808679138551
320 xi,0.2215038991474403
320e,0.0120913976322275
320i,0.14654383017544334
320i sedan,0.16403356364566915
320i xdrive,0.20152013717725964
320i xdrive awd,0.1918461351973817
320i xdrive sedan,0.1262374237342922
320x-drive,0.1413895510929734
320xi,0.1178128409228655
320xi 3 series xdrive,0.1312780314356135
323,0.0070406885126671
323 ci,0.0454260778213261
323ci,0.041048796584373735
323i,0.05504868883591252
325,0.0403585330047005
325 ci,0.06964422804961812
325 ci convertible,0.090831952806174
325 xi,0.028758737726776798
325 xi awd,0.040880439613721696
325ci,0.0510717930603908
325ci convertible,0.061019861633017695
325cic,0.09024017805433211
325e,0.023539671636564365
325i,0.036587429535657225
325i 3.0l,0.0605681037617681
325i convertible,0.1200439916764313
325i coupe,0.0656289142995676
325i e46,0.0211826740474362
325i i6 rwd,0.0554769889692512
325i premium sport package clean carfax,0.0555578003151642
325i sedan,0.03037496464503614
325i sport wagon,0.0656289142995676
325i wagon 325it touring,0.090831952806174
325ic,0.10263714358829307
325is,0.1312881328538526
325it,0.030268899753525348
325ix,0.04896157420501835
325xi,0.03992955944347915
325xi 4-door awd,0.0398702977898096
325xi awd,0.0302638490444058
325xi wagon,0.0366546796503562
325xit 2003,0.0151218231039637
328,0.1184210526315789
328 awd,0.0757303325386884
328 i,0.10598408016485512
328 i sulev,0.09372384454205943
328 ix wagon,0.0858317507778092
328 m sport xdrive,0.1302779910299406
328 sport package,0.1565416784516546
328 touring,0.1817851226312174
328 xdrive,0.10047375651541471
328 xdrive touring,0.1817851226312174
328 xi,0.12118671461473188
328 xi coupe,0.0656289142995676
328 xigt sulev,0.1610873166592589
3281,0.11058022546365509
328ci,0.041574912117661296
328d,0.13606177450171145
328d sport wagon,0.2317972443331043
328d sports line,0.1439149056527536
328d xdrive,0.1714008646814012
328d xdrive awd,0.1289607660915592
328d xdrive awd navi sport heated wheel and seats pano harmon,0.2625560628712271
328d xdrive awd tdi,0.1206816437027758
328gt,0.1807850822255444
328i,0.08982177411577194
328i 328 i,0.1514404622408986
328i 328i,0.12622732231605316
328i 330i 325i g35 c250,0.0504666855226473
328i 335i m3 528i 330i 540i,0.0676491979473918
328i 98468,0.1211362075235363
328i awd,0.0742151198028203
"328i cabriolet stunning & sharp,",0.1311568144167441
328i conv,0.1565416784516546
328i convertible,0.0899591902703139
328i coupe,0.0969357347771627
328i coupe awd,0.0807709402400097
328i gt,0.17132342047490132
328i gt xdrive awd,0.2423532263929855
328i hard top convertible,0.12194432098266593
328i hardtop convertible,0.12028768839145013
328i m,0.0484565032930623
328i m sport,0.1413794496747343
328i m3 coupe,0.1161158026586932
328i nav sport pkg.,0.1105802254636551
328i sedan,0.09367718561019295
328i sedan luxury,0.0999737363125782
328i sport,0.09628527559555074
328i sport 6 speed manual,0.125126267727989
328i sulev,0.11781284092286554
328i wagon,0.1009333710452947
328i x drive,0.1388540951149541
328i x drive coupe,0.1201765727908198
328i x-drive,0.0605782051800072
328i xd,0.1110852963756111
328i xdrive,0.10721998066941293
328i xdrive awd,0.12036417055811775
328i xdrive awd sport wagon only 30k miles,0.2919006828558729
328i xdrive coupe,0.0454260778213261
328i xdrive gran turismo,0.1716736029738575
328i xdrive gt,0.1767445149298961
328i xdrive luxury,0.1302779910299406
328i xdrive wagon awd red leather pano roof,0.131237625762657
328i xdrive wagon m pkg sport premium leather moon,0.1110347892844155
328ic,0.0403248616105701
328is,0.0504666855226473
328it,0.0797708998343367
328ix,0.09340781445714974
328xdrive,0.110075154551699
328xi,0.08042105571799268
328xi 2011,0.1110852963756111
328xi 3-series awd,0.0656289142995676
328xi awd,0.09323945748649771
328xi awd 4wd,0.0802759707462927
328xi coupe,0.07225544466443085
328xi coupe awd,0.08580649723221134
328xi m-sport,0.0934078144571497
328xi premium sedan,0.0806901288940967
328xi sulev,0.0802759707462927
328xi sulev awd,0.0802759707462927
328xi touring,0.0585579215321831
328xi wagon,0.10107277061699457
328xi xdrive awd,0.11647271943647548
328xi xdrive coupe,0.0802759707462927
330,0.036159710156639296
330 ci,0.06373489837973245
330 ci convertible,0.0656289142995676
330 xi,0.2827184936765122
330ci,0.050816119768400635
330ci 2dr convertible,0.0403248616105701
330ci convertible,0.0765246713365829
330cic,0.04540082427572825
330e,0.23735723328888705
330e iperformance,0.2777384944846256
330i,0.1545105395484093
330i conv,0.0555274960604468
330i gt m-sport awd,0.3332659905450725
330i sport,0.2016950179805244
330i xdrive,0.2536213584387248
330i xdrive awd,0.3736716635015556
330i xdrive f201277a,0.2727079882015434
330i xdrive m sport awd,0.4140773364580387
330i zhp,0.11024351152235103
330xi,0.09210761762380004
330xi and,0.0502040486484302
330xi awd,0.09802560565217637
330xi xdrive awd sport sedan,0.12296260911160954
3335i x drive gt,0.1706836639864236
3335xi,0.070679623419128
335,0.18994706856842694
335 coupe convertible,0.0959331690169299
335 i,0.1007060891349145
"335 x-drive, saddle brown interior, sharp & serviced",0.1089538971271566
335d,0.09714281385106463
335d clean turbo diesel,0.0797708998343367
335i,0.10942581307740756
335i 335i,0.0999636348943391
335i 335i sa,0.0757202311204493
335i convertible,0.13818487615661235
335i coupe,0.08734065012727783
335i e92 coupe,0.0999737363125782
335i hard top convertible 6 speed manual sport gps,0.131237625762657
335i m sport,0.18631560871146302
335i m-sport,0.0989635944886662
335i sedan,0.0696694815952159
335i sport,0.16159238757121494
335i sport convertible,0.1302779910299406
335i sport package,0.090831952806174
335i sport sedan,0.110075154551699
335i turbo,0.1262374237342922
335i x-drive,0.1009333710452947
335i xdrive,0.13125378803183965
335i xdrive f30 n55,0.1615822861529758
335i xdrive m-sport,0.136338841973413
335is,0.16159238757121497
335ix,0.0353246595822053
335xi,0.06933934888094649
335xi awd,0.09249435763638357
335xi awd coupe,0.08985548237639229
340i,0.31377891170206007
340i m sport package,0.31412380298193865
340i m sport package xi,0.4131177017253222
340ix,0.4545335165057174
348 tb,0.9479877974867672
350,0.06512384338761157
350 clk convertible,0.111075194957372
350 closed utility,0.070679623419128
350 le,0.1913915713766212
350 super duty van,0.0302739504626449
350 transit high roof,0.292910824679785
350 z,0.08833185179199154
3500,0.3839801252183512
3500 **200 miles**4x4 cummins 6.7l diesel service bed knapheide service body ladder rack tow pack backup camera,0.7474241383490242
3500 1 ton dually 4x4,0.4444320982665966
"3500 4wd mega cab 160.5"" laramie",0.4948886823710048
3500 4x4,0.2541403188007596
3500 4x4 *laramie 4dr crew cab 6.3 ft sb pickup,0.4434118550244454
3500 4x4 big horn,0.2928603175885894
3500 4x4 bighorn cummins 6.7,0.6464604630490122
3500 4x4 cummins,0.5444361388338923
3500 4x4 drw,0.3231645723059517
3500 4x4 laramie 4dr crew cab 8 ft. lb srw pickup lifted off road wheels & tires,0.3432966988565194
3500 4x4 laramie 4dr crew cab 8 ft. lb srw pickup lifted off rood wells & tire,0.3432966988565194
3500 4x4 tradesman,0.5454361792395653
3500 4x4 utility,0.1009737767182512
3500 big horn,0.4631449755545678
3500 bighorn,0.5252333427613237
3500 bighorn 4x4 1 ton,0.4949290880439613
3500 box truck,0.1830452745565477
3500 cargo van ext,0.0302739504626449
3500 chassis,0.3737120691745121
3500 chassis cab,0.3983983403901487
3500 crew 4wd diesel,0.3130126469756353
3500 crew 4x4 dually,0.3231645723059517
3500 crew cab,0.4124765021770961
3500 crew cab 4wd,0.3635702452624348
3500 crew cab cummins engine,0.3635702452624348
3500 crew cab flat bed tradesman 4x4 drw,0.3535092326962705
3500 crew cab laramie,0.4746151359650895
3500 crew cab trademan 4x4 drw,0.42421916037011603
3500 crew cab tradesman 4x4,0.35350923269627055
3500 crew cab tradesman pic,0.5150208089215726
3500 crewcab cummins diesel,0.3635702452624348
3500 cummins,0.40626781777939397
3500 cummins 4x4,0.3222049375732352
3500 cummins 4x4 crew cab,0.3433674087841933
3500 cummins 4x4 crewcab,0.3433674087841933
3500 cummins diesel 4x4,0.3635702452624348
3500 cummins laramie,0.3939250070709927
3500 cutaway,0.0353246595822053
3500 cutaway box,0.1807850822255444
3500 cutaway van,0.20149298961574205
3500 deisel cummins crew cab,0.3635702452624348
3500 dh,0.5757505353751667
3500 diesel,0.4068851266717847
3500 diesel 4x4,0.318164370277587
3500 diesel 5.9l slt 4dr quad cab,0.3433169016929976
3500 diesel 6.7,0.2211806537637884
3500 diesel dually,0.4645137177259687
3500 diesel truck 6.7l cummins automatic tradesman,0.5049395935189301
3500 diesel truck 6.7l tradesman 4 door crew cab long bed,0.4443310840842054
3500 diesel van,0.0151218231039637
3500 dooley,0.0959331690169299
3500 drw laramie,0.3413976322275647
3500 dually,0.13103054668875508
3500 dually 4x4,0.4009959998383773
3500 dually cummins,0.1792698694896763
3500 dually diesel,0.18095343919619644
3500 dually diesel 4x4,0.5449412097458484
3500 dually flat bed / 4x4 / laramie / 5.9l cummins turbo diesel / low miles / 1-ton,0.2726069740191523
3500 dually truck,0.1817952240494565
3500 dump,0.070679623419128
3500 duramax,0.1060345872560507
3500 duramax turbo diesel,0.20368163023421812
3500 express,0.0282536668148208
3500 express drw cube van,0.3228110226675825
3500 express van,0.08583175077780915
3500 extended van,0.0806800274758576
3500 flatbed,0.14741673064231545
3500 flatbed dually,0.1605822457473029
3500 hd,0.23496908966018823
3500 hd -gas-,0.1302779910299406
3500 hd 4x4,0.2070487696472584
3500 hd denali dually,0.7878298113055073
3500 hd dually gas,0.200987918703786
3500 hd ltz,0.5333245787708595
3500 hd sl,0.0585579215321831
3500 heavy duty,0.1338134874136328
3500 kaufman,0.2919006828558729
3500 laramie,0.4711561049683003
3500 laramie 4x4,0.48786819669481596
3500 laramie crew cab,0.4540284455937614
3500 laramie cummins,0.3413976322275647
3500 laramie drw crew cab cummins,0.4544830094145218
3500 laramie longhorn,0.5332942745161421
3500 laramie longhorn 4x4,0.4848276698048406
3500 laramie slt,0.2615964281385106
3500 lcf gas,0.2423027193017899
3500 lifted tradesman drw 6.7 cummins,0.6868156289142996
3500 limited,0.5808012444947271
3500 longhorn limited,0.5959432704351691
3500 ls crew cab,0.0322942341104691
3500 ltz dually,0.4331993211846943
3500 mega cab,0.4175026702050854
3500 mega cab laramie,0.6212069174512101
3500 mega cab slt,0.2817992646167522
3500 no,0.2323023152450604
3500 quad cab,0.26361502821662824
3500 regular cab,0.2540910743868439
3500 rwd,0.2220998828235484
3500 series dually truck,0.1817952240494565
3500 service,0.0756798254474928
"3500 service trk,only",0.1716837043920966
3500 service truck w,0.242393632065942
3500 sierra drw crew cab,0.3633682168976524
3500 silverado,0.2070487696472584
3500 slt,0.390657395051512
3500 slt 4dr quad cab dually 5.9l cummins long bed,0.2726574811103479
3500 slt 4x4,0.36185300416178423
3500 slt 4x4 cummins diesel,0.4444219968483575
3500 slt 4x4 mega cab,0.2826881894217948
3500 slt 4x4 one ton,0.4949290880439613
3500 slt crew cab,0.424229261788355
3500 slt dually,0.1807850822255444
3500 slt dually / 4x4 / 1-ton / v8 / long bed / new tires / 1-owner / very low miles,0.2423027193017899
3500 slt dually diesel,0.110075154551699
3500 slt lifted crew,0.4746858458927633
3500 slt/laramie quad,0.1918966422885773
3500 sprinter vans,0.646450361630773
3500 srw diesel,0.2312921734211483
3500 st,0.3837831831589155
3500 stake truck,0.0656289142995676
3500 topkick,0.1716938058103357
3500 tradesman,0.4207541589903052
3500 tradesman - 7ft crane,0.230595175562649
3500 tradesman - drw long,0.4570689724837367
3500 tradesman 4x4 crew,0.515131924522203
3500 tradesman crew cab sho,0.19187643945209898
3500 tradesman dually,0.4747262515657199
3500 tradesman hd 4x4 dually,0.6464099559578165
3500 tradesman lifted diesel crewcab 4x4,0.4939290476382884
3500 triton v8 band,0.0613560143844195
3500 truck,0.0595680633560952
3500 utility,0.0080508303365792
3500 van,0.04723423168612868
3500 wagon,0.0348195886702493
3500 wrecker,0.3929148652470807
3500hd,0.2614491157891901
3500hd 4x4 crew-cab utility truck,0.2312921734211483
3500hd 4x4 duramax,0.3423976726332376
3500hd 4x4 utility,0.1302779910299406
3500hd double cab duramax,0.6473190835993374
3500hd high country,0.8474786860075155
3500hd lcf diesel,0.3019515940037981
3500hd st,0.2626065699624227
3500w,0.0666390561234797
350sd,0.0429007232615459
350z,0.09699196837658539
350z - fairlady z,0.0807810416582488
350z base model,0.1009838781364903
350z convertible,0.07646436893073116
350z coupe,0.06739666249141373
350z enthusiast,0.08830659824639377
350z enthusiast coupe,0.057547779708271
350z grand touring,0.0807810416582488
350z roadster,0.09736981516649378
350z roadster convertible,0.0883571053375894
350z roadster touring,0.0898723180734575
350z touring,0.08463417152657117
352i,0.0403753687017657
35i x6,0.1312881328538526
360 modena,0.9559390567007037
370 z,0.0555274960604468
370z,0.2163607339914968
370z coupe,0.2266859267041092
370z coupe 2d,0.32880453082279415
370z coupe 6 speed manual premium wheels newer tires,0.1918461351973817
370z nismo,0.21007919511899464
370z nismo coupe 2d,0.39418764394520983
370z nismo tech,0.4333205382035637
370z nismo tech coupe 2d,0.3635197381712392
370z roadster,0.1651135736124018
370z roadster 2d,0.2119984645844276
370z sport touring coupe,0.38184659697650114
370z sport touring v6 3.7l 6 speed manual 1 owner,0.313063154066831
370z touring,0.17123465043583022
370z touring coupe 2d,0.24059052891025895
370z touring sport,0.2727079882015434
370z w/ sport package,0.2626065699624227
380 sel,0.0045153339528869
380 series,0.0858317507778092
380 sl,0.08852546230824136
380-class,0.141187522728191
380-class 380 sl,0.0656289142995676
380sl,0.08831747669680512
380slc,0.1060345872560507
3i,0.05401228332457875
3i grand touring hatchback,0.1040143036082266
3i sport,0.1615620833164976
3i sv,0.0807305345670532
3i touring,0.06048392527644212
3oozx,0.0878520344256333
3s,0.0555274960604468
3s touring,0.0605276980888116
3z,0.1211766131964928
4 door,0.0585579215321831
4 door 4-dr 4door 4dr,0.02738061566701103
4 door 4door 4-dr 4dr,0.01936778590380753
4 runner,0.10834465533960964
4 runner 4wd,0.1412380298193866
4 runner sr5,0.09492014107352097
4 runner trd pro,0.6818154268859349
4 series,0.25905691271204007
4 series 428i,0.16855731544708874
4 series 428i convertible 2d,0.26297177508337555
4 series 428i coupe 2d,0.20557684870384368
4 series 428i gran coupe,0.19802238719164647
4 series 428i xdrive,0.271633134167037
4 series 428i xdrive coupe,0.21346776178284516
4 series 428i xdrive gran,0.2625055557800315
4 series 428ix,0.222150389914744
4 series 430i,0.2523839347044325
4 series 430i 2d coupe automatic,0.2817992646167522
4 series 430i convertible 2d,0.3507987996090922
4 series 430i gran coupe,0.2920882806231709
4 series 430i gran coupe 4d,0.24634328659743823
4 series 430i xdrive,0.35775070597689695
4 series 430i xdrive coupe,0.308972079679987
4 series 430i xdrive gran,0.2897120422373967
4 series 435i,0.1403753687017657
4 series 435i convertible 2d,0.2786678249626247
4 series 435i coupe 2d,0.3190734979191078
4 series 435i gran coupe,0.286035918266454
4 series 435i gran coupe 4d,0.2928098104973938
4 series 435i xdrive,0.2812941937047961
4 series 435i xdrive coupe,0.3040996308822934
4 series 435i xdrive gran,0.2726069740191523
4 series 440i convertible 2d,0.4604933532667986
4 series 440i coupe 2d,0.35314894877907516
4 series 440i gran coupe,0.32386231841765395
4 series 440i gran coupe 4d,0.30897207967998713
4 series 440i xdrive coupe,0.4206649042096939
4 series 440i xdrive gran,0.3053956316007307
4- runner,0.0151218231039637
4-dr silverado 4x4,0.11007515455169899
4-runner,0.22140404707511196
4-runner sr5,0.0176471776637439
4-series,0.27480908319528063
4-series gran coupe,0.3231140652147561
4.6,0.0403753687017657
4.6 hse,0.1211867146147319
400,0.0181522485757
"40k mile $362.47, $2000 down, only 40k miles $362.47,luxury low miles $2000 down, only 40k miles",0.2583134672107964
420,0.0671441270354357
420 sel,0.0600731342680512
428,0.174080265869328
428 gc,0.1514808679138551
428 i,0.21785728716311764
428 xdrive awd gas sedan,0.2524950503050628
428i,0.18546907925266642
428i 428i,0.1359852923350438
428i convertible,0.22555120072191467
428i coupe,0.12875671744312894
428i gran coupe,0.16541144519547682
428i rwd coupe,0.2019475534365024
428i xdrive,0.18595123612498046
428i xdrive coupe,0.1817952240494565
428i xdrive gran coupe,0.2372722130187078
430,0.110075154551699
430 gran coupe,0.2994262394440179
430 i gran coupe,0.3231645723059517
430 ls,0.0332538688431855
430 sc convertible,0.0555274960604468
430 xdrive awd gas coupe,0.3131035597397875
430i,0.30997579332865605
430i convertible,0.3248565598610045
430i m pkg,0.2743814564898244
430i sport,0.2523839347044325
430i xdrive,0.31580737268845877
430i xdrive gran coup,0.2423532263929855
435,0.20717575890512166
435i,0.25089363880022086
435i gran coupe,0.2287836545584333
435i gran coupe m-sport,0.1906844720998828
435i m sport package,0.20072275647500903
435i sport package,0.1615822861529758
435i xdrive,0.19403612267162304
435i xdrive convertible,0.26560332404002857
435i xdrive gran coupe,0.2120994787668188
440i,0.3790001616226918
440xi xdrive gran coupe,0.292405753767829
450 amg,0.5504464826861691
450 tow truck (wrecker),0.3431956846741282
4500,0.38068054008514135
4500 2016,0.3232150793971473
4500 chassis cab,0.7974766657238677
4500 chassis cab tradesman,0.0002626368742171
4500 crew cab,0.3929148652470807
4500 crew cab 4x4,0.3222049375732352
4500 diesel bucket truck,0.3525091922905976
4500 kodiack,0.292910824679785
4500 lcf gas,0.4342296658450846
4500 regular cab & chassis,0.2312921734211483
4500 tradesman - 12ft,0.5748717119883632
4500 wheelchair van,0.1605822457473029
4500 wrecker,0.4737262111600469
4500hd,0.4948886823710048
450gl,0.0504767869408865
454 ss,0.0908824598973696
454ss,0.1060345872560507
458 spider,0.0200311123681764
460,0.0353246595822053
460l,0.1110852963756111
4d caliber,0.0201725322235241
4dr,0.6858559941815832
4dr 1500 slt 4x4,0.1408844801810174
4dr e500,0.0403248616105701
4dr suv,0.7464645036163078
4runne sr5,0.0292638086387328
4runner,0.19234438625680278
"4runner 1-arizona owner*0-rust*new bilstein toytec lift*new 33""yokohama m/t*new black rhino wheels* 3rd seat*nav*black out pkg*0-accidents",0.3837932845771546
4runner 4wd,0.11727852906337517
4runner 4wd 4dr v6 limited (natl),0.1843205786092367
4runner 4wd 4dr v6 sr5 (natl),0.3029617358277102
4runner 4wd 4dr. suv,0.0585074144409875
4runner 4wd sport edition,0.2171501878863792
4runner 4x4,0.12103952252039041
4runner 4x4 4dr. suv,0.1312881328538526
4runner 4x4 gas suv auto,0.2070386682290193
4runner 4x4 limited,0.0484565032930623
4runner leather 3rd seat 1owner,0.0807305345670532
4runner limited,0.20681996762054128
4runner limited 1-califonia owner*highway miles*all services done @dealer since new w/records*no rust*moon roof*cooled seats*heated seats*limited*jbl sound system*tow pkg,0.2928805204250677
4runner limited 4dr limited,0.0999737363125782
4runner limited 4wd,0.3333164976362681
4runner limited 4x2,0.3109721604913329
4runner limited 4x4,0.1919949982030108
"4runner limited 4x4 / v6 3.4l / leather / rear differential locker / new lift / new timing belt / 122,000 miles",0.2119984645844276
4runner limited 4x4 gas,0.49309246654593947
4runner limited limited 4dr suv,0.0807305345670532
4runner limited sport,0.3775349261833564
4runner limited v6,0.0595175562648996
4runner limited v8 4x4,0.0903773889854135
4runner limited v8 awd,0.1311871186714614
4runner ltd,0.2312921734211483
4runner nightshade,0.4848377712230797
4runner rwd 4dr v6 sr5 (natl),0.28408891941761955
4runner rwd 4dr v6 sr5 premium (natl),0.2928098104973938
4runner sport,0.11523950462644952
4runner sport 4wd,0.1050143440138995
4runner sport 4x4,0.1464402602125338
4runner sport edition,0.09355389650553086
4runner sport edition 4,0.2387672229180976
"4runner sport edition 4dr suv 1-oregon owner*rust free* new bilstein lift*new 33""yokohama geolanders*new mk6 wheels*no accidents*tyger roof basket*all records since new",0.21206917451210147
4runner sport edition 4wd,0.08570548304982015
4runner sport v8 4x4,0.1030041617843145
4runner sporty,0.0297688795506889
4runner sr% 4x4,0.1160854984039759
4runner sr-5 sport 2wd--we finance!!,0.0757303325386884
4runner sr5,0.11319930147460992
4runner sr5 **4wd**,0.0807305345670532
4runner sr5 2wd (natl),0.336776233383167
4runner sr5 2wd with,0.2105640631944725
4runner sr5 4dr suv,0.1009333710452947
4runner sr5 4wd,0.1012759009546758
4runner sr5 4wd (natl),0.3433674087841933
4runner sr5 4wd suv,0.1110347892844155
4runner sr5 4x2,0.10569113903592062
4runner sr5 4x4,0.14793141320677783
"4runner sr5 4x4 / v6 4.0l / diff lock / sun roof / excellent condition / super low 63,000 miles",0.2625055557800315
4runner sr5 4x4 gas suv,0.3607135641844114
4runner sr5 4x4 v6 automatic suv lifted new 33 tires,0.222150389914744
4runner sr5 4x4suv,0.1817447169582609
4runner sr5 awd,0.1363287405551739
4runner sr5 premium,0.2806888301403231
4runner sr5 premium 25k in add ons and modifications * overland 4x4 ready* all keys*remote start* full icon lift set up* full gobi roof rack set up w/ tent* upgraded sound,0.4241989575336377
4runner sr5 premium 4wd (natl),0.3938744999797972
4runner sr5 premium 4x4,0.37948719428779226
4runner sr5 premium sport,0.33375026441947736
4runner sr5 rwd,0.0903571861489353
4runner sr5 sport,0.10584939458833346
4runner sr5 sport utilit,0.22207967998707015
4runner sr5 sport utility,0.32703811087438484
4runner sr5 sport v8 4wd,0.0706291163279324
"4runner sr5 sport* full new build* new bilstein toytec lift* new 33"" bf goodrich ko2 tires*new 17"" black rhino wheels*new timing belt &water pump* full service*like new in & out",0.1918663380338599
4runner sr5 sr5 4dr suv,0.1615822861529758
4runner sr5 v6,0.1008828639540991
4runner sr5 v6 4x4,0.2018970463453068
4runner sr5 v8,0.1311366115802658
4runner sr5 v8 2wd,0.0898723180734575
4runner sr5**leather*moo,0.3468220938219726
4runner sr5/sr5 premium,0.3938744999797972
4runner trail,0.3584488262152006
4runner trail premium,0.2424037334841811
4runner trd off road,0.4533808324466533
4runner trd off road 4x4,0.4578905545005185
4runner trd off-road,0.3897834255929532
4runner trd off-road pre,0.47332089175320213
"4runner trd off-road premium new bilstein-toytec lift*new 17""trd pro wheels*new 33"" yokohama geolander goo3 m/t tires*tyger rock sliders*tyger roof basket*leather*nav*back up cam",0.4747060487292416
4runner trd offrd premium,0.4330099195927108
4runner trd offroad,0.449482807386157
4runner trd premium,0.4030162834862014
4runner trd pro,0.4306200923943055
4runner trd pro - suv,0.4025314154107237
4runner trd pro 4wd (natl),0.464624833326599
4runner trd pro 4x4,0.3938239928886015
4runner trd pro sport,0.49723726211160046
4runner venture special,0.4949290880439613
4runner venture sport,0.4645339205624469
4s3bmbg60a3217471,0.0907612428785001
4wd 4dr s,0.3888742979514323
4wd z71,0.1787647985777203
4x4,0.1255871449351489
4x4 crew,0.070174552507172
4x4 gas,0.4949290880439613
4x4 no rust ext cab,0.110075154551699
4x4 pickup,0.1210654975958624
4x4 pickup 2500,0.1615822861529758
4x4 pickup truck,0.0585579215321831
4x4 truck,0.1666430966907753
4x4 van,0.0454260778213261
4x4 van awd,0.0403248616105701
4x4- club cab,0.020162430805285
4xcrew,0.0605276980888116
5,0.04306394617804336
5 grand touring,0.0555274960604468
5 series,0.19024114074419132
5 series 4dr sdn 528i rwd,0.17102711220655376
5 series 525i,0.04473581424165283
5 series 525xi,0.0908723584791304
5 series 528i,0.07769162390399609
5 series 528i automatic,0.1464301587942947
5 series 528i sedan,0.0504666855226473
5 series 528i sedan 4d,0.19197929025598828
5 series 528i xdrive,0.11946120871734024
5 series 528i xdrive awd 4dr,0.1514404622408986
5 series 528i xdrive sedan,0.2246252373833286
5 series 528i xdrive**navi*,0.1851994019960402
5 series 528isedan,0.0959230675986908
5 series 530e iperformance,0.3534183199321184
5 series 530e xdrive,0.3465493555295163
5 series 530e xdrive sedan,0.4544325023233262
5 series 530i,0.0863267202715261
5 series 530i sedan,0.2726574811103479
5 series 530i sedan 4d,0.3776617237060083
5 series 530i xdrive sedan,0.37856553481161387
5 series 535d sedan 4d,0.2423027193017899
5 series 535d xdrive sedan,0.24411034151300104
5 series 535i,0.1509572777351273
5 series 535i gran turismo,0.277901510475519
5 series 535i m sport,0.1716736029738575
5 series 535i sedan 4d,0.22863922199940026
5 series 535i xdrive,0.1460287957762603
5 series 535i xdrive 4dr s,0.1098731261869166
5 series 535i xdrive 535,0.0595680633560952
5 series 535i xdrive gran tur automatic,0.1817851226312174
5 series 535i xdrive sedan,0.21334532034964374
5 series 535isedan,0.14435263377644883
5 series 535xi,0.1168060662383665
5 series 540i,0.20699826255606285
5 series 540i sedan,0.3332659905450725
5 series 540i sedan 4d,0.3130126469756353
5 series 540i xdrive,0.3823083760960039
5 series 540i xdrive sedan,0.395312622944893
5 series 550i,0.07823043355287075
5 series 550i sedan 4d,0.2712997316587954
5 series 550i xdrive sedan,0.282708392258273
5 series 550i xdrive**navi*,0.1447937290395571
5 series gran turismo,0.28611532513710375
5 series hybrid,0.1302779910299406
5 series iperformance,0.3838033859953937
5 series sdn 528xi awd,0.0453250636389349
5 sport,0.07143722978706207
5 touring,0.041865327892036
5 van,0.1262374237342922
5-series,0.14607297895874577
5-series 525i,0.0453755707301305
5-series 528i,0.1918865408703381
5-series 528i xdrive,0.1009737767182512
5-series 528i xdrive 6-speed automatic,0.1161360054951715
5-series 535i,0.1262374237342922
5-series 535i gt,0.1918865408703381
5-series gran turismo,0.1211766131964928
5-x,0.0353246595822053
5.7l hemi crew rwd,0.1817447169582609
50,0.0200210109499373
500,0.06148640957362453
500 2dr conv pop,0.0292638086387328
500 2dr hb sport,0.0302638490444058
500 abarth,0.08197166215469981
500 abarth 2dr hatchback,0.1237070184653925
500 abarth hatchback 2d,0.1807569648758067
500 c 2015,0.0454260778213261
500 limited,0.0282233625601034
500 lounge,0.08315487494444215
500 lounge convertible,0.0554769889692512
500 pop,0.050290668309830644
500 pop 2dr hatchback,0.0524970705887106
500 pop hatchback 2d,0.18440896601882897
"500 pop, 5 speed manual",0.0453755707301305
500 sedan,0.025475776799062502
500 sel,0.0151218231039637
500 sl,0.0252232413430845
500 sport,0.048194182088165144
500 sport 2dr hatchback,0.0504515333952887
500 sport hatchback 2d,0.0706291163279324
500 sport ruby,0.0907814457149783
500 turbo,0.0545173542365348
500-class,0.17225106738319387
5000s,0.0232029576952604
500c,0.06204964510350582
500c convertible,0.0656289142995676
500c gq edition cabriolet,0.14381389147036241
500c pop,0.0797708998343367
500e,0.08495352159207856
500e battery electric,0.1050244454321386
500e battery electric 2dr,0.0802759707462927
500e electric,0.0656289142995676
500e hatchback 2d,0.0706291163279324
500l,0.07534849892924962
500l 5dr hb lounge,0.090831952806174
500l easy,0.0535072124126227
500l lounge,0.08320336175198995
500l pop hatchback,0.111075194957372
500l pop hatchback 4d,0.1715927916279445
500l trekking,0.07899645776933745
500l trekking hatchback 4d,0.0807810416582488
500l trekkinghatchback,0.1060244858378116
500sec,0.0656289142995676
500sl,0.10466368049502715
500sl sport,0.0858317507778092
500x,0.11605874329620737
500x easy,0.10044513583040388
500x lounge,0.08987231807345748
500x lounge fwd,0.1504808275081821
500x lounge sport utility,0.1681294482316745
500x pop,0.12972241302678889
500x pop sport utility 4d,0.1473493878540547
500x trekking,0.131237625762657
500x trekking 1 owner,0.131237625762657
500x trekking awd,0.1402379894137136
500x trekking sport utility,0.0807305345670532
525,0.04641096609964035
525i,0.03795076249758093
525i sedan,0.0383550850539415
525i wagon,0.060568103761768105
525ia,0.0353246595822053
525it,0.0545173542365348
525it wagon,0.0494666451169744
525xi,0.04912993117567033
525xi sport sedan,0.0393652268778536
528,0.11336965995740082
528 i,0.15807305345670525
528 i one owner,0.1009333710452947
528 i rwd gas sedan auto,0.1918865408703381
528 i xdrive,0.0151218231039637
528 x-drive,0.0656289142995676
528 xi,0.0807305345670532
528e,0.02865772354438558
528i,0.10570233518914128
528i 4door sedan,0.0297688795506889
528i 5 series,0.2625964685441836
528i 5-series,0.1311871186714614
528i sedan,0.10350418198715094
528i sport,0.2110893369429067
528i touring,0.0797708998343367
528i wagon,0.0247181704311285
528i x drive,0.0857812436866136
528i xdrive,0.1235477268700833
528i xdrive awd,0.2221907955877005
528i xdrive sport,0.110075154551699
528ix,0.1464402602125338
528xi,0.11749245028784644
528xi awd,0.06028778940563252
528xi xdrive,0.0979534526647541
528xi xdrive awd,0.1307830619418966
530,0.04209982510115844
530 i,0.0171421067517879
530 xi,0.2976382884156935
530e,0.2506180231340843
530e iperformance,0.4012485352943552
530e xdrive iperformance,0.4211988363166188
530i,0.12553838154114927
530i 6cyl automatic only 121k heated leather sport,0.0706291163279324
530i m sport,0.042991636025698
530i sedan,0.0327993050224251
530i xdrive,0.24183805406279035
530ia,0.0745484666047113
530xi,0.050570357972996215
530xi - 6 sp - awd - navigation,0.0796496828154672
530xi awd,0.0686593397713039
530xi awd sedan,0.0352741524910097
530xi wagon,0.03630954786051955
530xit,0.1211867146147319
535,0.1403794092690613
535 diesel sedan,0.1812901531375005
535 gran turismo,0.1110852963756111
535 gt,0.1666430966907753
535 i,0.1080599216129944
535 i m-sport,0.272586771182674
535 x drive awd,0.136338841973413
535 xi,0.0946856438643985
535 xi awd,0.12359085215564261
535d,0.1918663380338599
535d xdrive,0.1908865004646652
535gt,0.0883571053375894
535i,0.13752256706412128
535i 535i,0.098448422158471
535i 6-spd sport sedan,0.11058022546365512
535i gran turismo,0.2120489716756232
535i gt,0.15048082750818212
535i m sport,0.1868459331690169
535i m sport package,0.1312881328538526
535i m-sport 5-series,0.2069982625560628
535i sedan,0.0403753687017657
535i sport premium,0.1504808275081821
535i twin turbo,0.1806840680431532
535i x drive,0.04290072326154585
535i xdrive,0.13029097856767657
535i xdrive awd,0.14671575343723708
535i xdrive gran coupe,0.1302779910299406
535i xdrive gran turismo,0.1211766131964928
535i xdrive m series,0.1716432987191401
535ix,0.0807810416582488
535xi,0.09425425388548078
535xi wagon,0.056520802187293696
535xi xdrive awd,0.1105802254636551
538i,0.0807709402400097
540,0.0171421067517879
540 xi,0.38017192613842976
540i,0.16459770380332825
540i bad credit,0.32318477514243
540i m sport,0.3727120287688391
540i m-sport,0.0686552992040082
540i sport,0.0696694815952159
540i wagon,0.0302739504626449
540i x-drive,0.3328114267243121
540i xdrive,0.3290873705334895
545i,0.06037617681522485
545i sedan,0.08492262313628829
550,0.13253818336094386
5500,0.4576414634119218
5500 4x4 crew cab,0.3434179158753889
5500 4x4 utility,0.5454462806578044
5500 chassis,0.2570356378035476
5500 chassis cab,0.44609209799722543
5500 chassis cab tradesman,0.0021212978302153
5500 crew cab 4x4 flat bed drw,0.44442199684835754
5500 crew cab flatbed,0.2828094064406642
5500 crew flat bed tradesma,0.4342094630086064
5500 doge,0.4444320982665966
5500 hd chassis,0.2323023152450604
5500 slt,0.3737221705927512
5500 st chassis diesel,0.2827993050224251
5500 sy chassis diesel,0.2827993050224251
5500 tradesman,0.3938744999797972
5500 tradesman - 12ft box,0.3609034708473069
5500hd,0.49237974261586326
550i,0.11222126673541481
550i 4d sedan,0.0605782051800072
550i f10,0.1676532385146874
550i gran turismo 550i,0.0797708998343367
550i gt,0.1792698694896763
550i m sport,0.1397059813864533
550i sport pkg,0.0747201907147763
550i xdrive,0.17709806456826532
550i xdrive 550xi,0.21950718547550738
550sd,0.4333205382035637
550sl,0.4737262111600469
550xi,0.1918966422885773
550xi gt,0.1413390440017778
560,0.0454260778213261
560 sel,0.14568265384459972
560 sl,0.15553009356799402
560-class,0.26765727908198306
560sec,0.2919006828558729
560sel,0.0090609721604913
560sl,0.1565416784516546
575,0.8333367004727464
5th avenue,0.0502166754212291
6,0.06032527689109768
6 2006,0.0201725322235241
6 convertible,0.1009838781364903
6 dr town car limo,0.0807305345670532
6 grand touring,0.10050686671964294
6 gt,0.10093337104529469
6 i,0.043643177502121246
6 i grand touring,0.0393652268778536
6 i sport,0.08238716715826899
6 i touring,0.1009333710452947
6 isport,0.0615883470039193
6 itouring,0.1110852963756111
6 mazda6,0.1906339650086872
6 s grand touring,0.0333043759343811
6 sedan,0.0292638086387328
6 sedan i touring,0.0201725322235241
6 series,0.30907963007418005
6 series 2dr cpe 640i rwd,0.2808194270475574
6 series 640i 2dr,0.2524950503050628
6 series 640i convertible 2d,0.32970194667505226
6 series 640i coupe 2d,0.2530775654235187
6 series 640i gran coupe,0.2761508882513772
6 series 640i gran coupe 4d,0.3493777526364701
6 series 640i m sport sedan,0.2672532223524183
6 series 640i xdrive,0.4229867873449432
6 series 645ci,0.04576279176263013
6 series 650i,0.1009838781364903
6 series 650i 2dr coupe,0.1817043112853044
6 series 650i convertible 2d,0.35053220043522676
6 series 650i gran coupe,0.4948381752798093
6 series 650i gran coupe 4d,0.37362115641036
6 series 650i xdrive,0.3029112287365146
6 series 650i xdrive gran,0.3796820073538324
6 sport,0.12682128570851342
6 sport wagon,0.0504767869408865
6 touring,0.13851443492666365
6 wagon,0.0040102630409309
6-series,0.23682269990706692
6-series 650i convertible,0.1802800113135884
60 t-5,0.0782556870984686
600,0.0693159319568467
600 es,0.0605782051800072
600 sel,0.0252232413430845
6000,0.008303365792557249
6000 topkick,0.0999737363125782
600sel,0.0605782051800072
620,0.0120913976322275
626,0.017520909935754926
626 lx,0.0075457594246232
626 sdn lx 4-cyl auto,0.0200715180411329
633 csi,0.0151218231039637
633csi,0.0858317507778092
635csi,0.14421794819992723
640,0.2893584925990275
640 gran coupe,0.2424037334841811
640i,0.26078275889934943
640i coupe,0.33786213584387237
640i gran coupe,0.2582508384177138
640i m sports package,0.35857004323407
640i xdrive,0.24237847993858336
645 ci,0.0858317507778092
645 ci coupe,0.0370924077740514
645ci,0.0975708614489474
645ci convertible,0.12298115941192429
645ci sport coupe,0.0898723180734575
650,0.070679623419128
6500,0.05595897092523215
6500 topkick,0.1050244454321386
650c 2001,0.1009838781364903
650ci,0.1237070184653925
650i,0.21414785698412053
650i / alpina b6,0.34839791506727535
"650i cabriolet stunning, sharp",0.1603701159642813
650i convertible,0.17815399948819477
650i gran coupe,0.2151602084932724
650i gran coupe m sp,0.2827588993494687
650i m sport gran coupe,0.37698829582340027
650i xdrive,0.22725160612549994
650i xdrive gran coupe,0.2727079882015434
650xi,0.241393591660269
650xi xdrive gran coupe,0.2418986625722251
6i,0.04480989130873972
6i grand touring,0.1434098347407976
6i sport,0.0454260778213261
6i touring,0.0282536668148208
7,0.0009798375691947
7 series,0.2554855421327322
7 series 4dr sdn 740i rwd,0.2781829568871469
7 series 740e xdrive sedan,0.4039254111277223
7 series 740i sedan 4d,0.5204284348189153
7 series 740li,0.2211907551820275
7 series 740li sedan 4d,0.2322013010626692
7 series 740li xdrive sedan,0.29819723355825817
7 series 740lisedan,0.2211907551820275
7 series 750i 4dr sedan,0.0604872924158551
7 series 750i sedan 4d,0.41344960546746473
7 series 750i xdrive sedan,0.4877465673731613
"7 series 750i*v8,4.4l*luxur",0.3872277667784556
7 series 750isedan,0.1565315770334154
7 series 750li,0.09845515643729712
7 series 750li xdrive,0.14381894217948196
7 series 750li xdrive sedan,0.3073191203317673
7 series m sport package,0.1302779910299406
7-series,0.25869956586349163
7-series 740li,0.1309514189125486
7-series 750li,0.1767445149298961
7-series m package,0.4544830094145218
700,0.0959331690169299
7000,0.094392702735464
718,0.5646389753121339
718 boxster,0.7868701765727908
718 cayman,0.5356664242326289
718 cayman 6 speed manual,0.545325063638935
718 cayman s 4-cyl turbo,0.5453452664754131
720,0.021856101930044235
725i,0.0656289142995676
735i,0.0100206068932078
735il,0.0898723180734575
735l,0.070679623419128
740,0.041966342074427204
740 il,0.07570507899309059
740 turbo,0.0353246595822053
740 wagon,0.01360661036809565
740/gl,0.0100711139844034
7400,0.1110852963756111
740i,0.2340285754691387
740i m sport,0.11055497191805724
740i m sport package,0.16830983070023028
740il,0.05723968645197782
740il e38,0.0787607580104246
740il e38 sport,0.0403248616105701
740li,0.09650317761756606
740li xdrive,0.20447290799628265
740li xdrive awd,0.2423532263929855
740lxi xdrive,0.2312921734211483
745,0.0731999272697886
745 li,0.06045193745201825
745i,0.027468000951778034
745li,0.057575053537516616
75,0.4747363529839589
750,0.21809972120085658
750 il v12,0.0807810416582488
750 li,0.0774054843966759
7500,0.16275405066871385
7500 10ft dump,0.1302779910299406
7500 dump,0.1085599418158309
750i,0.19969205104968163
750i / alpina b7,0.18579740595579614
750i / b7,0.44549948146053037
750i alpina,0.1713907632631621
750i m package,0.1918461351973817
750i m sport pkg,0.1817447169582609
750i m-package riley's sale',0.1918865408703381
750i m-sport package,0.2625560628712271
750i xdrive,0.23593515256814782
750il,0.08903053322019742
750l,0.1817952240494565
750li,0.11554378048631513
750li / alpina b7,0.1753050628308214
750li alpina,0.0858317507778092
750li sport,0.0504666855226473
750li xdrive,0.15233050942574555
750lxi,0.12871227120287687
750lxi / alpina b7,0.1241565315770334
750xi xdrive m-sport edition,0.2621014990504667
760,0.04529981009333705
760li,0.2115018115210042
760li sedan v12 leather moon 109 service records,0.090831952806174
7series,0.2120994787668188
8 series,0.23397915067275443
830 sl,0.1211867146147319
840ci,0.1110852963756111
850,0.025576790981453726
850 glt,0.012975271728150575
850 glts,0.0161319649278758
850 wagon,0.0120913976322275
8500,0.1302779910299406
850ci,0.3787728797123116
850i,0.8474786860075155
86,0.24006376965914247
86 ** trd special edition ** 23k miles 6 speed manual brembo brakes new tires back up camera 2.,0.313063154066831
86 2.0l,0.1560366075396985
86 2dr coupe 6a backup c,0.1918057295244252
86 coupe 2d,0.2322013010626692
86 gt,0.1918461351973817
"86 gt 2,0l automatic 15k lowered 18s 1 owner",0.2827588993494687
86 trd special edition,0.3089720796799871
860,0.0100711139844034
8cl,0.0504262798496909
90 quattro,0.0454260778213261
911,0.4046556594879254
911 / 993,0.6464604630490122
911 2dr cabriolet,0.6262576265707706
911 2dr carrera cpe 6-,0.222150389914744
911 2dr cpe carrera s 99,0.4898884803426401
911 4s,0.3737221705927512
911 c4,0.240383449836357
911 c4s gt2 wing ims done,0.4444320982665966
911 carrera,0.43898849714289356
911 carrera 2dr convert,0.1918057295244252
911 carrera 4,0.2514899591902703
911 carrera 4 awd 6spd,0.3929148652470807
911 carrera 4 cabriolet,0.7454543617923957
911 carrera 4s,0.6505010303446604
911 carrera 4s 4 s,0.3422865570326073
911 carrera c4s,0.3231645723059517
911 carrera cabriolet,0.28400642450200003
911 carrera cabriolet c4,0.2525051517233019
911 carrera convertible,0.2524546446321063
911 carrera coupe,0.1413895510929734
911 carrera gts,0.8282758899349469
911 carrera s,0.7262616671380663
911 carrera s cabriolet,0.3153864802618287
911 carrera turbo awd,0.4949189866257222
911 comvertible,0.3222049375732352
911 convertible,0.2070487696472584
911 gt3,0.8737423734292296
911 s,0.8484888278314275
911 targa,0.6464604630490122
911 turbo,0.6525132328578932
911 turbo coupe,0.5655986100448503
911/996 carrera cab,0.2817992646167522
911carrea s cabriolet,0.6464604630490122
924,0.09323945748649774
924s,0.021940280415370276
924s special edition,0.0908824598973696
928,0.1203786011556022
928 s,0.1383591256212372
928 s4,0.19021307258205714
928s,0.20768515899632306
940,0.0176471776637439
940 se turbo,0.0201725322235241
940 turbo,0.0757303325386884
940 wagon,0.0302739504626449
944,0.08267505757808392
944 - 5 speed ----,0.1301567740110711
944 2dr coupe 5-spd,0.05148692876479855
944 cpe,0.1201765727908198
944 s2,0.318164370277587
944 s2 cabriolet,0.16152504478295418
944 s2 convertible,0.1464402602125338
944 turbo,0.14441660942529658
944 turbo / 951,0.1464402602125338
"944, 86 + 90",0.0605782051800072
944s,0.0999737363125782
95 s80,0.0282536668148208
960,0.020169165084111068
968,0.1649595269842552
986,0.1110852963756111
996 turbo,0.5453957735666088
997,0.3535193341145096
:,0.0262333831669966
;esabre,0.0150713160127681
a,0.0231928562770213
a 4,0.1413895510929734
a 6,0.2219180572952442
a-4,0.131237625762657
a-class,0.26423963257774724
a-class a 220,0.3140631944725039
a3,0.1456604564605711
a3 1.8t premium,0.11688351044486642
a3 1.8t premium sedan 4d,0.1917956281061861
a3 2.0 tdi premium,0.08779030353639425
a3 2.0 tdi premium plus,0.1816942098670653
a3 2.0 tdi wagon 4d,0.1715927916279445
a3 2.0 turbo,0.005020404864843
a3 2.0t,0.10113792476463691
a3 2.0t premium,0.1433095975905786
a3 2.0t premium +,0.1512889409673118
a3 2.0t premium cabriolet,0.1666430966907753
a3 2.0t premium fronttrak,0.2219281587134833
a3 2.0t premium plus,0.17462995137850681
a3 2.0t premium plus pzev,0.0807305345670532
a3 2.0t premium plus sedan,0.2079578972887793
a3 2.0t premium pluswagon,0.0499717160289304
a3 2.0t premium wagon 4d,0.151389955149703
a3 2.0t prestige,0.240383449836357
a3 2.0t quattro,0.15262377123462414
a3 2.0t quattro 4dr wagon,0.0806901288940967
a3 2.0t quattro premium,0.19625540425875784
a3 2.0t quattro premium plus,0.1412380298193866
a3 2.0t s-line,0.0555274960604468
a3 3.2 quattro sline,0.1211766131964928
a3 convertible,0.242393632065942
a3 e-tron,0.21273013487850448
a3 etron,0.2524041375409107
a3 premium,0.17293195107450224
a3 premium plus,0.1045900844478564
a3 premium plus sedan 4d,0.2931663311411275
a3 premium sedan 4d,0.25368131942134925
a3 prestige,0.26510667097660506
a3 prestige sedan 4d,0.24230271930178987
a3 quattro,0.09421592791627939
a3 quattro premium plus,0.1201765727908198
a3 s line,0.0686593397713039
a3 s line premium sedan 4d,0.3291749161582286
a3 s-line,0.0519919996767546
a3 s-line 3.2 quattro,0.0322942341104691
a3 sedan,0.20569966912243365
a3 sedan 1.8t premium plus,0.0019899793931067
a3 sedan 2.0t premium,0.1615822861529758
a3 sportback e-tron,0.21170552345549312
a3 sportback e-tron premium,0.2454678303500478
a3 tdi,0.1225706089134914
a3 tdi premium,0.1787647985777203
a3 tdi premium plus,0.10641411196989195
a3 tdi premium sedan 4d,0.1978564790496585
a3 tdi prestige,0.1615418804800193
a3 wagon,0.0807305345670532
"a3, 2.0l",0.0757303325386884
a4,0.11319339612330748
"a4 ** s line package,",0.1605822457473029
"a4 **awd, navigation,",0.1191664309669077
a4 1.8 t avant,0.0353246595822053
a4 1.8t,0.0484565032930623
a4 1.8t 2dr convertible,0.0352741524910097
a4 1.8t avant quattro,0.0605276980888116
a4 1.8t convertible 2d,0.0499717160289304
a4 1.8t quattro,0.04364949088852067
a4 2.0 quattro,0.04980756798254472
a4 2.0 tfsi auto ultra prem,0.2319083599337346
a4 2.0t,0.052873348418117874
a4 2.0t avant quattro,0.10023637318679539
a4 2.0t premium,0.10721308605061482
a4 2.0t premium awd,0.0848216089538971
a4 2.0t premium fronttrak,0.1434098347407976
a4 2.0t premium plus,0.11134824891914821
a4 2.0t premiumsedan,0.13268645775009663
a4 2.0t quattro,0.0891365589589243
a4 2.0t quattro awd,0.1161360054951715
a4 2.0t quattro prem. plus,0.0903773889854135
a4 2.0t quattro premi,0.1714917774455533
a4 2.0t quattro premium,0.1537707817254465
a4 2.0t quattro premium +,0.1714917774455533
a4 2.0t quattro premium 4,0.1210958018505798
a4 2.0t quattro premium awd,0.1413794496747343
a4 2.0t quattro premium plu,0.1949018142147157
a4 2.0t quattro premium plus,0.1009737767182512
a4 2.0t quattro premium plus awd,0.3434078144571498
a4 2.0t quattro sedan,0.0604569881611378
a4 2.0t special ed. quattro,0.0695482645763465
a4 2.0t special edition,0.1208836720675582
a4 2dr cabriolet 1.8t cvt,0.0402743545193745
a4 3.0 avant quattro 6 speed manual,0.0807709402400097
a4 3.0 cabriolet,0.04364914652198984
a4 3.0 quattro,0.0302739504626449
a4 3.2 avant quattro,0.0706695220008889
a4 3.2 quattro,0.0824730292133015
a4 3.2 quattro awd,0.070174552507172
a4 40 premium sedan 4d,0.3332154834538769
a4 45 premium sedan 4d,0.3695805891147117
a4 4dr sdn auto quattro 2.,0.1917956281061861
a4 4dr sdn auto quattro 2.0t premium plus,0.1615418804800193
a4 4wd,0.07138672269586645
a4 allroad,0.23542533705065524
a4 allroad 2.0t quattro premium,0.2928603175885894
a4 allroad 2.0t quattro premium plus,0.3728029415329912
a4 allroad premium plus,0.3632906338400427
a4 allroad premium wagon 4d,0.340929293745569
a4 allroad prestige wagon,0.4033105421914279
a4 allroad quattro,0.156491171360459
a4 allroad quattro 2,0.2120489716756232
a4 and a6,0.0282536668148208
a4 avant,0.058635059635100004
a4 avant 1.8t,0.0434057941735019
a4 avant 2.8,0.0166370358398319
a4 avant awd wagon,0.1009131682088165
a4 avant quattro,0.090831952806174
a4 avant quattro wagon,0.0979534526647541
a4 avant wagon,0.0807507374035314
a4 avanti,0.0352741524910097
a4 awd,0.0095660430724473
a4 b7 2.0t quattro,0.0333043759343811
a4 convertible,0.06208331649763625
a4 l 4cyl,0.033294274516142
a4 premium,0.1411471170552345
a4 premium plus,0.12959782886850643
a4 premium plus 2.0t,0.0857812436866136
a4 premium plus awd,0.2070285668107802
a4 premium plus awd gas,0.3294274516142066
a4 premium plus awd nav,0.090831952806174
a4 premium plus quattro,0.0706291163279324
a4 premium plus quattro awd,0.1237120691745121
a4 premium plus sedan 4d,0.2577915606017751
a4 premium quattro,0.1105802254636551
a4 premium sedan 4d,0.247465666401785
a4 quattro,0.06237434184035297
a4 quattro 1.8t,0.0322942341104691
a4 quattro 2.0t awd,0.0555274960604468
a4 quattro 2.0t premium,0.0403753687017657
a4 quattro 3.0,0.0070406885126671
a4 quattro awd,0.0504262798496909
a4 quattro awd premium plus,0.084316538041941
a4 quattro premium,0.11108529637561108
a4 quattro premium plus,0.1390774486960191
a4 quattro premium s-line,0.1499757565962261
a4 quattro s-line,0.06118226999070666
a4 quattro slime,0.0656289142995676
a4 quattro turbo sedan,0.0282536668148208
a4 s line,0.1009333710452947
a4 s line 2.0t,0.0802759707462927
a4 s line se 2.0t,0.0802759707462927
a4 s-line,0.1662188371247323
a4 s-line plus pkg awd 1 owner,0.1211362075235363
a4 sline,0.1615822861529758
a4 titanium premium sedan,0.27462725766697643
a4 turbo,0.0262333831669966
a4 ultra premium plus sedan,0.2625055557800315
a4 ultra premium sedan 4d,0.24316038688813035
a4 wagon,0.0757303325386884
a4-1.8-2004,0.0262333831669966
a4quatro,0.0302234433714493
a5,0.13216489004147086
a5 2.0 tfsi premium plus s,0.2989918784597357
a5 2.0t fronttrak premium,0.1877550608105377
a5 2.0t premium,0.3433674087841933
a5 2.0t premium plus,0.16114976179019166
a5 2.0t premium plus coupe,0.2079578972887793
a5 2.0t premium plus quattr,0.2216958260939835
a5 2.0t prestige coupe 2d,0.2322013010626692
a5 2.0t quattro,0.070679623419128
a5 2.0t quattro premium,0.18048877395719684
a5 2.0t quattro prestige,0.1716432987191401
a5 cabrio,0.1441371368540143
a5 cabriolet,0.14764232898298915
a5 convertible,0.2120994787668188
a5 coupe,0.21450217324798107
a5 coupe 2.0 tfsi premium,0.3231645723059517
a5 coupe premium plus,0.2919208856923512
a5 manual,0.10047880722453431
a5 prem plus convertible,0.1817952240494565
a5 premium,0.20869193368082206
a5 premium cabriolet 2d,0.1918966422885773
a5 premium convertible,0.1403794092690613
a5 premium coupe 2d,0.2955212438142104
a5 premium plus,0.3535193341145096
a5 premium plus cabriolet,0.3241242070386682
a5 premium plus convertible,0.1807850822255444
a5 premium plus coupe 2d,0.3093974025532132
a5 premium plus sedan 4d,0.33151086912602523
a5 premium s line awd gas,0.2929007232615459
a5 premium sedan 4d,0.30930879362129104
a5 prestige,0.21965028890056165
a5 prestige coupe 2d,0.3362459089256131
a5 prestige sedan 4d,0.3938239928886015
a5 quattro,0.1024649985858014
a5 quattro premium plus,0.2154497824827938
a5 sport convertible,0.1908865004646652
a5 sport convertible.,0.1908865004646652
a5 sportback,0.3438398443449152
a5 sportback premium,0.3837730817406763
a6,0.14997227721883258
"a6 2,7t quattro all road",0.070679623419128
a6 2.0t premium fronttrak,0.3324578770859429
a6 2.0t premium plus sedan,0.2873463552562349
a6 2.0t premium sedan 4d,0.2778687575496793
a6 2.7t qu,0.0302739504626449
a6 2.7t quattro,0.03380439613721765
a6 2.8 quattro,0.04337548991878455
a6 3.0 quattro,0.0125964685441836
a6 3.0 quattro prestige,0.2373530243646207
a6 3.0 quattro wagon,0.0252232413430845
a6 3.0 t,0.0906299244413915
a6 3.0t,0.16053173865610731
a6 3.0t premium plus,0.18682067962341908
a6 3.0t premium plus sedan,0.2987246168398187
a6 3.0t prestige,0.1858256899268657
a6 3.0t prestige sedan 4d,0.30456112704890426
a6 3.0t quattro,0.1185430291555791
a6 3.0t quattro premium,0.177653642571417
a6 3.0t quattro prestige,0.0656289142995676
a6 3.0t quattro sedan 4d,0.151389955149703
a6 3.0t quattro tiptronic,0.1907652834457957
a6 3.2,0.02017253222352415
a6 3.2 quattro,0.04036802221577359
a6 3.2 sw,0.0605276980888116
a6 4.2,0.0151218231039637
a6 4.2 quattro,0.0418779546648349
a6 45 tfsi premium plus,0.41567379973191704
a6 45 tfsi premium sedan 4d,0.40238048833820966
a6 4dr sdn quattro 2.0t premium plus,0.1716432987191401
a6 4x4,0.060477190997616
a6 55 tfsi premium plus,0.4200876803103155
a6 avant,0.0858317507778092
a6 awd,0.0237080286072164
a6 competition sedan 4d,0.3231140652147561
a6 premium,0.3282657885167077
a6 premium plus,0.16225571403558386
a6 premium plus 3.0t,0.2474544426037415
a6 premium plus awd gas,0.2929007232615459
a6 premium plus quattro awd,0.2726978867833043
a6 premium quattro,0.14313204573922172
a6 prestige,0.15123843387611619
a6 quatt. compet. prestige,0.3735201422279688
a6 quattro,0.07924141716163613
a6 quattro 3.2,0.0796496828154672
a6 quattro awd,0.0656289142995676
a6 quattro premium plus,0.12111937182647108
a6 quattro premium plus awd,0.131237625762657
a6 s awd,0.131237625762657
a6 s-line,0.13343468422966578
a6 tdi quattro,0.1817952240494565
a7,0.3295985210027191
a7 3.0t premium plus,0.1615418804800193
a7 3.0t prestige quattro,0.1812901531375005
a7 3.0t quattro,0.1615418804800193
a7 3.0t quattro prestige,0.2914403467961187
a7 3.0t quattro prestige awd,0.31814753458052175
a7 4dr hb quattro 3.0 prestige,0.2009374116125904
a7 premium plus awd,0.3332659905450725
a7 premium plus sedan 4d,0.3437209584225625
a7 premium quattro sedan 4d,0.2322013010626692
a7 prestige,0.22257464948078703
a7 prestige sedan 4d,0.35914245693428687
a7 quattro,0.16125567362991092
a7 quattro awd gas sedan,0.3131035597397875
a7 quattro supercharged,0.18880560830740628
a7 s-line,0.1292678492060285
a7 tdi prestige sedan 4d,0.3231140652147561
a8,0.1896552498192968
a8 3.0t sedan 4d,0.2382621520061416
a8 4.0t lwb quattro only 77k leather gps moon 2 owner,0.2524546446321063
a8 4.0t quattro,0.1918663380338599
a8 4.0t quattro dealer serviced since new with all records*97k msrp* sport-conv-comfort-cold weather-camera assistance-led headlights and much more*no accidents*non smoker previous owner,0.1918663380338599
a8 l,0.2139131424961155
a8 l 3.0 quattro tdi,0.333306396218029
a8 l 3.0 tfsi,0.3938744999797972
a8 l 3.0t,0.2211907551820275
a8 l 3.0t quattro,0.1716837043920966
a8 l 3.0t sedan 4d,0.3089720796799871
a8 l 4.0t quattro,0.2524950503050628
a8 l 4.0t sedan 4d,0.29887066144086627
a8 l 4.0t sport sedan 4d,0.4544325023233262
a8 l 4.2 quattro sedan 4d,0.2220998828235484
a8 l 4dr sdn,0.2321507939714736
a8 l 4dr sdn 3.0t,0.3343670451331367
a8 l quattro,0.13062143925007066
a8 l quattro awd,0.1711887348983797
a8 l tdi sedan 4d,0.3116657912104192
a8 quattro,0.09553488452635887
a8 w12,0.0858317507778092
a8l,0.2112264276190091
a8l 4.0t,0.2019475534365024
a8l quatro,0.0656289142995676
a8l quattro,0.31542111369579146
a8l s-line quattro,0.0454260778213261
acadia,0.15432953941396885
acadia all terrain,0.29268185919969825
acadia at4,0.3967281506323487
acadia awd,0.07139794649390994
acadia awd 4dr denali,0.2019475534365024
acadia awd 4dr sle w/sle-1,0.2019475534365024
acadia awd 4dr sle w/sle-2,0.1918966422885773
acadia awd 4dr slt w/slt-1,0.1867954260778213
acadia awd 4dr slt w/slt-2,0.2412622732231605
acadia awd 4dr slt1,0.1210553961776233
acadia awd slt-1,0.2727079882015434
acadia awdsle1,0.0484565032930623
acadia awdslt w/slt-1,0.2322518081538647
acadia denali,0.17372985379268457
acadia denali awd,0.1918274864252479
acadia denali awd gas suv,0.3535092326962705
acadia denali sport utility,0.35602785297722467
acadia fwd 4dr denali,0.1565416784516546
acadia fwd 4dr sle,0.0807305345670532
acadia fwd 4dr sle1,0.1559355933573073
acadia fwddenali,0.1585619620994787
acadia fwdsle1,0.0484565032930623
acadia fwdslt w/slt-1,0.136338841973413
acadia limited,0.21335904791801996
acadia limited awd,0.2171501878863792
acadia limited sport utility,0.27003570392192155
acadia sel,0.1050244454321386
acadia sl,0.0907612428785001
acadia sl fwd,0.0807709402400097
acadia sle,0.17398084172499295
acadia sle awd,0.0723054466847145
acadia sle fwd,0.0403753687017657
acadia sle fwd gas suv auto,0.1514808679138551
acadia sle sport utility 4d,0.3149066628954704
acadia sle-1,0.17597175643460336
acadia sle-1 awd,0.0464362196452382
acadia sle-1 sport utility,0.24156515543036203
acadia sle-2,0.13607508271939156
acadia sle-2 automatic,0.1815527900117176
acadia sle-2 awd! awd,0.2779001171764516
acadia sle-2 sport utility,0.27464256284612654
acadia sle1,0.0650127277869812
acadia sle2 awd,0.0863368216897652
acadia slt,0.11383446428649661
acadia slt 4x4,0.136338841973413
acadia slt automatic,0.3028910259000363
acadia slt awd,0.10670532142712834
acadia slt awd gas suv auto,0.33330639621802904
acadia slt sport utility 4d,0.3042778912041604
acadia slt- 2 awd,0.1412885369105822
acadia slt-1,0.14584571959617412
acadia slt-1 107k 3rd row leather dvd backup camera,0.1362883348822174
acadia slt-1 awd 6-speed automatic,0.1161360054951715
acadia slt-1 awd! awd,0.11607034627661719
acadia slt-1 sport utility,0.2723712742602394
acadia slt-2,0.08806560726840332
acadia slt-2 awd,0.1565113741969372
acadia slt-2 fwd,0.19439674330275966
acadia slt-2 sport utility,0.26546550624079707
acadia slt1,0.13119924037334835
acadia slt1 4wd,0.1615014748070629
acadia slt2,0.1261734480854445
acadia slt2 awd,0.1766940078387005
acadia slt2 rear ent syst,0.0841852196048325
acadia slt2`,0.0453755707301305
acadia-awd-slt-1,0.2727079882015434
accent,0.05871925478509098
accent 4dr sdn auto gls,0.0555274960604468
accent fwd gas hatchback,0.0605681037617681
accent gl,0.0259808477110186
accent gl 4dr sedan,0.0383550850539415
accent gls,0.051465884143467026
accent gls 4-door,0.0504767869408865
accent gls 4dr sedan,0.07421006909370073
accent gls coupe,0.0403652672835266
accent gls fwd,0.0353246595822053
accent gs,0.050688512667178436
accent gs fwd gas auto,0.0706695220008889
accent gs hatchback,0.03731968968443165
accent hatchback,0.03147399894945246
accent se,0.0746822542773894
accent se hatchback,0.1059840801648551
accent se hatchback 4d,0.09670761108192923
accent se sedan 4d,0.1495811125518386
accent sedan,0.10053941573396903
accent value edition,0.10468324197161721
accord,0.08767896212628248
accord - ex sedan,0.0196674613115681
accord 1993,0.0080508303365792
accord 2-door coupe,0.07427194028041534
accord 2.0t touring,0.2575558608428623
accord 2001,0.0221928158713483
accord 2002,0.0201725322235241
accord 2006,0.0277485959028647
accord 2011,0.0605782051800072
accord 2014,0.1181562891429956
accord 3.0 6cyl vtec,0.0282536668148208
accord 4 dr,0.0504262798496909
accord 4-door sedan,0.05692822605627158
accord 4-door sedan se,0.0373449432300295
accord 4dr i4 auto ex-l,0.0403248616105701
accord 4dr sedan cars,0.0454260778213261
accord 6cyl vtec,0.026906811049604667
accord coupe,0.07249106024485832
accord coupe 3.0,0.0181522485757
accord coupe ex,0.0252232413430845
accord coupe ex-l,0.13844751303082947
accord coupe ex-l v6,0.0706594205826498
accord coupe touring auto,0.1817649197947391
accord cpe,0.06539826524977438
accord cpe ex,0.12255545678613275
accord crosover,0.0363348014061174
accord crosstou,0.060477190997616
accord crosstour,0.10164985021039807
accord crosstour ex-l,0.10079498161541878
accord crosstour ex-l awd,0.07409390278395085
accord crosstour exl,0.0999737363125782
accord dx,0.0145914986464099
accord ex,0.057547470086256
accord ex 2007,0.0353246595822053
accord ex 2dr coupe,0.0252232413430845
accord ex 2dr coupe 5a,0.1009333710452947
accord ex 4 cyl,0.0595680633560952
accord ex 4-door sedan,0.0151218231039637
accord ex 4cyl,0.04997171602893039
accord ex 4dr sedan 5a,0.05497696876641475
accord ex coupe,0.04410885288294472
accord ex coupe at,0.08987231807345748
accord ex cpe,0.0807305345670532
accord ex fwd gas sedan,0.1514808679138551
accord ex hybrid,0.123206998262556
accord ex l,0.09155252064056457
accord ex l 4dr,0.0651238433876116
accord ex l 4dr sedan,0.0191623903996121
accord ex l 4dr sedan 5a,0.0938623782779102
accord ex l v6 2dr,0.1564608671057416
accord ex l v6 2dr coupe,0.1514808679138551
accord ex l v6sedan 5a,0.0666390561234797
accord ex l w/navi 4dr se,0.1261162067154228
accord ex leather 2.4l automatic heated leather moon,0.0403248616105701
accord ex sedan,0.08144885764183508
accord ex sedan 4d,0.2066447129176936
accord ex sedan at 5-speed automatic,0.070174552507172
accord ex v-6,0.06052769808881161
accord ex v6,0.0393747966425012
accord ex w/honda sensing,0.2180593155279001
accord ex wagon,0.0504767869408865
accord ex- l,0.0555274960604468
accord ex-l,0.08818650360732866
accord ex-l 2.4,0.062056379382331904
accord ex-l 3.5 v6,0.0742151198028203
accord ex-l 3.5l v6,0.1666430966907753
accord ex-l automatic navi,0.1110347892844155
accord ex-l coupe,0.126408306059504
accord ex-l coupe 2d,0.156023559874473
accord ex-l cpe,0.0482039678370843
accord ex-l cvt,0.2827993050224251
accord ex-l hybrid,0.23197401915228893
accord ex-l i4 fwd,0.0605276980888116
accord ex-l navi,0.07401309143803783
accord ex-l sedan,0.08869381927889336
accord ex-l sedan 4d,0.18286122077422018
accord ex-l sedan 4d automatic,0.0931148733282152
accord ex-l v-6 coupe at 5-speed automatic,0.0452240494565437
accord ex-l v6,0.08417239857399053
accord ex-l v6 auto,0.0706291163279324
accord ex-l v6 coupe,0.1211867146147319
accord ex-l v6 sedan,0.05180680700903737
accord ex-l v6 vtech,0.0297688795506889
accord ex-l v6 with navi,0.0705786092367368
accord ex-l w/navi,0.0706695220008889
accord ex-l*leather*cam!,0.286213584387248
accord ex-l*leather*moon,0.104388056083074
accord exl,0.07607508416762356
accord exl - v6,0.0681542688593478
accord exl 2.0t,0.2625863671259444
accord exl coupe,0.06596562824087167
accord exl hybrid,0.1302779910299406
accord exl v6,0.06039750203150743
"accord exl, 2dr-coupe",0.0499717160289304
accord exv6,0.0504666855226473
accord exvl,0.0696694815952159
accord hybrid,0.1520102740606599
accord hybrid base,0.1412582326558648
accord hybrid ex,0.2447977696068528
accord hybrid ex-l sedan,0.282708392258273
accord hybrid sedan 4d,0.24820816381081437
accord hybrid touring,0.2656278123266688
accord hybrid w/navi,0.0201220251323285
accord low miles,0.0454260778213261
accord lx,0.06608718962627197
"accord lx , v6",0.0272435249909087
accord lx 2.4,0.1009333710452947
accord lx 2.4l,0.0282536668148208
accord lx 4 dr,0.0504262798496909
accord lx 4dr,0.1408844801810174
accord lx 4dr 5 speed,0.0166370358398319
accord lx 4dr sedan,0.090831952806174
accord lx 4dr sedan 5a,0.0615883470039193
accord lx coupe,0.03481958867024925
accord lx cvt,0.211028728433472
accord lx premium,0.0454260778213261
accord lx se,0.0605782051800072
accord lx sedan,0.08632223075230869
accord lx sedan 4d,0.17022236588683712
accord lx sedan 4dr,0.0484565032930623
accord lx sedan at 5-speed automatic,0.0696694815952159
accord lx sedan cvt,0.12354792112812635
accord lx special,0.0175981136322968
accord lx w / multi view cameras,0.2120893773485797
accord lx w/ leather,0.131237625762657
accord lx*back up cam!!,0.1649965655177986
accord lx*back up cam*fue,0.1346923108004363
accord lx-p,0.060557408142456116
accord lx-p 4-cyl 2.4l,0.0625984888278314
accord lx-p sedan,0.0656188128813285
accord lx-p sedan at,0.0605276980888116
accord lx-s,0.1210139803628429
accord lx-s automatic,0.1312780314356135
accord lx-s coupe,0.1009333710452947
accord lx-s coupe 2d,0.1917956281061861
accord lx-s coupe manual,0.0807305345670532
accord lxp,0.059719584629681965
accord lxsedan,0.21443038102549594
accord lxsedan cvt,0.1666430966907753
accord navigation,0.0403753687017657
accord sdn,0.07335106591389669
accord sdn 4dr i4 auto ex,0.07670006868964399
accord sdn 4dr i4 auto lx,0.0855994181583094
accord sdn 4dr i4 cvt sport,0.1514404622408986
accord sdn ex auto,0.0251222271606933
accord sdn ex-l,0.08251596024081778
accord sdn ex-l at pzev,0.0393652268778536
accord sdn ex-l automatic,0.0656289142995676
accord sdn ex-l v6 at,0.0705483049820194
accord sdn i4 auto ex,0.0605276980888116
accord sdn lx,0.11768994033428959
accord sdn lx-p,0.0555173946422077
accord sdn vp auto,0.02976887955068885
accord se,0.0709557288509973
accord se 4dr sedan,0.0666390561234797
accord se four door,0.0151218231039637
accord se sedan,0.06798591188869584
accord se sedan 4d,0.1311871186714614
accord se v6,0.0251727342518889
accord se w/htd leather,0.0555173946422077
accord sedan,0.12069762230980863
accord sedan 2.4 l4 lx automatic,0.189785445876601
accord sedan 4dr i4 cvt lx,0.1574306032566972
accord sedan 4dr i4 cvt sport,0.1565315770334154
accord sedan ex,0.08209422602933446
accord sedan ex-l,0.16544304820396777
accord sedan ex-l 1.5t,0.2568487615661238
accord sedan ex-l cvt pzev,0.143359327649602
accord sedan i4,0.0706695220008889
accord sedan lx,0.12231049739383404
accord sedan lx 1.5t,0.22662026748555486
accord sedan lx 1.5t cvt,0.1918461351973817
accord sedan lx 1.5t cvt w/ sunroof,0.1969473514081376
accord sedan sport,0.15303432173305698
accord sedan sport 1.5t,0.23685906501272774
accord sedan sport 1.5t c,0.2827588993494687
accord sedan sport 1.5t cvt,0.241393591660269
accord sedan sport 1.5t cvt w/ bluetooth,0.2525051517233019
accord sedan touring auto,0.1918865408703381
accord sedan touring automatic,0.2321810982261909
accord special edition,0.0802759707462927
accord sport,0.1483178108206392
accord sport 1.5t,0.24407046749363612
accord sport 2.0,0.2525051517233019
accord sport 2.0t,0.26049537355044644
accord sport 4d,0.1398743383571053
accord sport cvt,0.2827993050224251
accord sport fwd gas sedan,0.1292577477877894
accord sport se,0.19119964443007792
accord sport se sedan 4d,0.20695448974369327
accord sport sedan,0.1292678492060285
accord sport sedan 4d,0.19576606269805988
accord sport special fwd,0.1716837043920966
accord sport w/honda sensing,0.1615822861529758
accord sportsedan (1.5t,0.2817790617802739
accord touring,0.14406159581326955
accord touring 2.0t,0.3181441674411087
accord touring coupe 2d,0.131237625762657
accord touring fwd gas,0.1716837043920966
accord touring fwd gas suv,0.1817851226312174
accord touring sedan 4d,0.24447091657382977
accord touring v6,0.1514404622408986
accord v6,0.025556588144975533
accord v6 ex-l,0.0373449432300295
accord v6 exl,0.08835710533758935
accord v6 hybrid w/navi,0.0555274960604468
accord vp,0.0252232413430845
accord vtec,0.0196674613115681
accord wagon,0.0100711139844034
accord with only 121k,0.0023334276132368
accordem ex,0.0272435249909087
accored ex,0.0504262798496909
accorx,0.1009838781364903
aceent,0.0252232413430845
acord crosstour,0.0787607580104246
acty,0.0814271283688229
acty minitruck,0.0454260778213261
advenger,0.0378500141419855
advenger rt,0.0282536668148208
aero 750cc shadow,0.0100711139844034
aerostar,0.0341882500303042
aerostar van,0.0322942341104691
aerostar van xlt,0.0393652268778536
aerostar xlt,0.0181522485757
aerst,0.0191623903996121
alalanche,0.0807709402400097
alanta convertible,0.0858317507778092
alitma,0.0252232413430845
all road,0.17921936239848069
all road 2.7t,0.0201725322235241
all-new 1500,0.40971280224886425
all-new wrangler unlimited,0.39319495002552907
allante,0.0622483063288752
allante convertible,0.06764919794739176
allente,0.1262374237342922
allroad,0.1613395550147005
allroad 2.0t premium,0.1514808679138551
allroad 2.0t premium plus,0.1312578285991353
allroad 2.0t quattro,0.1665925895995797
allroad 2.7t,0.04222729537893783
allroad 2.7t awd,0.0908824598973696
allroad premium plus,0.1614913733888237
allroad premium plus awd,0.1388641965331932
allroad premium plus wagon,0.22931415080881434
allroad premium quattro,0.0747201907147763
allroad prestige wagon 4d,0.1978564790496585
allroad quattro,0.08822578690048076
allroad quattro a4,0.2575558608428623
allroads,0.0353246595822053
alltrack manual,0.3130227483938745
allure cxl,0.0353246595822053
alpina b6 gran coupe xdrive,0.4656450765687502
alpina b7,0.1562049645103505
alpina b7 lwb xdrive,0.1969473514081376
also,0.0201725322235241
altec bucket truck,0.3837023718130025
altima,0.08484547344062972
altima 2.5,0.07858670280384285
altima 2.5 4dr sedan,0.08344175522243318
altima 2.5 4dr.,0.0802759707462927
altima 2.5 clean title!,0.0402844559376136
altima 2.5 platinum,0.2820214958180128
altima 2.5 platinum sedan,0.2625055557800315
altima 2.5 s,0.07707721090215558
altima 2.5 s automatic,0.1312780314356135
altima 2.5 s automatic good gas miles good family car,0.0997110994383611
altima 2.5 s awd sedan,0.20481635621641273
altima 2.5 s bluetooth f,0.0807305345670532
altima 2.5 s coupe,0.0705281021455412
altima 2.5 s coupe 2d,0.1009333710452947
altima 2.5 s sedan,0.14728541220520686
altima 2.5 s sedan 4d,0.11979833079675492
altima 2.5 s w/ power seat,0.137338882379086
altima 2.5 s*back up cam,0.2256050749525233
altima 2.5 sedan,0.1054487049981817
altima 2.5 sedan 4d,0.11106172639971978
altima 2.5 sedan 4d automatic,0.1311972200897005
altima 2.5 sl,0.08575054069170256
altima 2.5 sl (2017.5),0.1917956281061861
altima 2.5 sl 4dr sedan,0.0555274960604468
altima 2.5 sl cvt,0.0888621762495454
altima 2.5 sl sedan,0.15999232292213822
altima 2.5 sl sedan 4d,0.17391424718993503
altima 2.5 slsedan,0.08830659824639375
altima 2.5 sr,0.16279887571214996
altima 2.5 sr automatic,0.2220089700593963
altima 2.5 sr sedan,0.17196212473231237
altima 2.5 sr sedan 4d,0.18894346295631667
altima 2.5 srsedan,0.2120186674209059
altima 2.5 ssedan,0.0590629924441391
altima 2.5 sv,0.13452388511265345
altima 2.5 sv automatic,0.1665824881813406
altima 2.5 sv sedan,0.1021177623338316
altima 2.5 sv sedan 4d,0.14835952967796676
altima 2.5 svsedan,0.1439048042345145
altima 2.5l,0.0494666451169744
altima 2.5s,0.07046518474050895
altima 2.5s coupe,0.050241087181973655
altima 2.5s sedan,0.0524970705887106
altima 2.5se,0.1009838781364903
altima 2.5sl,0.08929653723382756
altima 2.5sv,0.072689805648713
altima 2.5sv sedan,0.1009737767182512
altima 2014,0.0903773889854135
altima 2019,0.1231968968443169
altima 2dr cpe i4 2.5 s,0.1110044850296981
altima 3.5,0.0317841124893935
altima 3.5 limited,0.0327993050224251
altima 3.5 s,0.090831952806174
altima 3.5 se,0.03672692009594506
altima 3.5 se 2dr,0.0524970705887106
altima 3.5 se 2dr coupe,0.0433982181098226
altima 3.5 se sedan,0.0146167521920077
altima 3.5 se sedan 4d,0.0493454280981049
altima 3.5 se-r,0.0757303325386884
altima 3.5 sl,0.1030647702937492
altima 3.5 sl sedan,0.05012323730251724
altima 3.5 sl sedan 4d,0.1473493878540547
altima 3.5 sr,0.06562218002074154
altima 3.5 sr sedan,0.0908723584791304
altima 3.5 sv,0.09289264212695461
altima 3.5se,0.028506202270798753
altima 3.5sl,0.08420037173219115
altima 4 door,0.0706291163279324
altima 4dr sdn i4 2.5,0.1413390440017778
altima 4dr sdn i4 2.5 s,0.1335508505394157
altima 4dr sdn i4 2.5 sl,0.18862883348822168
altima 4dr sdn i4 2.5 sv,0.1716028930461836
altima 4dr sdn i4 cvt 2.5 s,0.06511374196937245
altima 4dr sdn i4 cvt 2.5 s ulev,0.0300214150066669
altima 4dr. sedan cars,0.1110852963756111
altima bad credit,0.0756091155198189
altima coupe,0.05536154418937556
altima coupe 2.5 s,0.0504262798496909
altima coupe 2.5s,0.0403248616105701
altima coupe 3.5,0.0403753687017657
altima coupe 3.5 se,0.0555274960604468
altima coupe se 3.5l v6,0.0504767869408865
altima fuel economy!!,0.1346923108004363
altima gle,0.02673845407895265
altima gxe,0.0292638086387328
altima hybrid,0.04143096690775381
altima limited edition,0.0403248616105701
altima only 77k miles,0.1201765727908198
altima s,0.07479482897176538
altima s 2.5,0.15046062467170387
altima s fwd gas sedan,0.0969332094226029
altima s sedan,0.0706291163279324
altima s: 2.5,0.1181562891429956
altima sdn v6 auto 3.5,0.0402743545193745
altima se,0.03364108987568517
altima se 3.5,0.0302739504626449
altima se v6,0.0653662774253505
altima se-r,0.0398702977898096
altima sedan,0.1211362075235363
altima sedan i4 cvt 2.5,0.08077094024000965
altima ser,0.0100711139844034
altima sl,0.08157070904928962
altima sl fwd gas sedan,0.2322922138268212
altima sl sdn,0.1009333710452947
altima sl sedan,0.0595680633560952
altima sport,0.0453755707301305
altima sr,0.15752802582371447
altima sr fwd gas sedan,0.2019879591094589
altima sr midnight,0.0100711139844034
altima sv,0.1045707999221272
altima sv sdn,0.1615418804800193
altima sv sedan,0.12787048634961676
altima type s,0.0787607580104246
altima ￼,0.1110347892844155
altima-sport-coupe,0.0398702977898096
altima2.5 s,0.0398702977898096
altime gle,0.0277485959028647
altma,0.1110549921208937
amanti,0.024659245491400274
amanti base 4dr sedan,0.007343731059840759
ambulance,0.070679623419128
ambulette,0.0858317507778092
amer cj5jp,0.0555274960604468
amg,0.7575659622611015
amg c 43,0.42156922165205324
amg c 43 4matic,0.3837730817406763
amg c63 s,0.7473837326760677
amg c63 s sedan,0.6161562083316499
amg cls 63 s,0.6969574528263769
amg e 43 4matic,0.5302941532991232
amg e43,0.4735241827952644
amg gle 43,0.43173966624914134
amg gle 43 4matic,0.4746858458927633
amg gle 43 coupe,0.6363489433916523
amg gt,0.8074332969682277
amg gt s carbon c,0.0004848680754777
amg s 63,0.7676269748272658
"amg, s63,4matic",0.1388641965331932
and freightliner,0.1716938058103357
anything,0.0252232413430845
aoutlok,0.0383550850539415
aplina b7,0.1413895510929734
ar quattro premium,0.04492100690937005
arcadia,0.1019940199604024
arcadia 4x4,0.0075457594246232
arcadia slt,0.0403248616105701
arcadia slt awd,0.0746696836235807
armada,0.17599671036186357
armada 2wd 4dr titanium,0.08229625439411689
armada 4wd 4dr sv,0.2322518081538647
armada 4x4,0.0453250636389349
armada le,0.0458162451008121
armada le 4x4,0.0807305345670532
armada lenissan armada,0.0504666855226473
armada pathfinder,0.0462038870257384
armada plat. res. 4x4,0.292910824679785
armada platinum,0.1587773059701218
armada platinum 4wd,0.22365838735186988
armada platinum 4wd 5-speed automatic,0.1410764071275607
armada platinum 4x4 gas,0.5757404339569276
armada platinum automatic,0.4645137177259687
armada platinum nav head,0.1817447169582609
armada platinum reserve 4,0.23229221382682122
armada platinum sport,0.2980625479817366
armada se,0.052455943385879895
armada se 4x4,0.10316915161555344
armada se sport utility,0.0706291163279324
armada sl,0.28772778698129214
armada sl 4x4 gas suv,0.4444219968483575
armada sl awd,0.3534183199321185
armada sl sport utility,0.2997364972899338
armada sv,0.20615647770280277
armada sv 4x4,0.1716432987191401
armada sv 4x4 4dr suv,0.353468827023314
armada sv automatic,0.111075194957372
armada sv sport utility,0.18927027354640588
armada titanium,0.1060345872560507
"armada,platinum",0.1211766131964928
armanda,0.0625984888278314
arteon,0.29839589478362755
arteon se 4motion,0.2697785769121985
arteon sel 4motion,0.3190734979191078
arteon sel premium,0.33927633439734944
arteon sel r line awd,0.3737120691745121
arteon sel r-line,0.3411129558953713
ascent,0.3663527268319381
ascent limited,0.3686714614731908
ascent limited awd,0.3525091922905976
ascent limited sport,0.3695805891147117
ascent premium,0.241393591660269
ascent premium sport,0.3029112287365146
aspen,0.0551648551456624
aspen awd 3rd row,0.0504262798496909
aspen limited,0.06781130165913385
aspen limited 4x4,0.06964422804961815
aspin,0.0484565032930623
aspire,0.0115610731746737
asto awd,0.0858317507778092
astra,0.03388226123614417
astra xe 4dr,0.0327993050224251
astra xr,0.0305593155279001
astro,0.05057132585517566
astro 1997,0.0398702977898096
astro awd,0.07117627648255147
astro awd 4x4,0.0403248616105701
astro awd pass van,0.0469412905571942
astro base 3dr,0.0252232413430845
astro cargo,0.0605276980888116
astro cargo van,0.04479473918138103
astro ext lt,0.0656289142995676
astro ls,0.0151218231039637
astro ls 2-owner 100k miles 4.3l v6 190hp 250ft. lbs.,0.0807305345670532
astro ls 2-owner cargo van 4.3l v6 190hp front and rear ac,0.0807305345670532
astro passenger,0.05990141015798613
astro transit van,0.0454260778213261
astro van,0.05091259098491709
astro van awd,0.0090609721604913
astro.,0.0201725322235241
astrovan,0.0252232413430845
atlas,0.29667801435270874
atlas 3.6l v6 se,0.3073659541799668
atlas 3.6l v6 se w/technology automatic,0.3633985211523697
atlas cross sport,0.4029859792314841
atlas cross sport s,0.2988706614408662
atlas cross sport se,0.363650079051744
atlas cross sport sel,0.37390088799236637
atlas launch edition,0.2726069740191523
atlas s 4motion sport,0.2910781387992588
atlas s sport utility,0.24345716710054657
atlas se,0.2877995070507899
atlas se 4motion,0.316245100812154
atlas se r-line,0.37362115641036
atlas se sport,0.27134429673926214
atlas se w/tech pkg,0.2920016970382641
atlas sel,0.3888742979514323
atlas sel 4motion,0.31705321427128363
atlas sel awd,0.3838134874136328
atlas sel premium,0.3882444448141695
atlima sr spec. ed.,0.1615418804800193
ats,0.14881350725570436
ats 2.0 l turbo,0.2575558608428623
ats 2.0l turbo,0.2180593155279001
ats 2.0l turbo luxury,0.22478135021066042
ats 2.0l turbo standard,0.20127542060751477
ats 2.0t,0.10216237693105444
ats 2.0t luxury,0.2726574811103479
ats 2.5l,0.1484100367691623
ats 2.5l luxury,0.15396581680067875
ats 2.5l luxury sedan,0.1816942098670653
ats 2.5l standard,0.1362883348822174
ats 3.6l luxury,0.1716837043920966
ats 3.6l luxury sedan,0.21427128368822976
ats 3.6l premium,0.2817992646167522
ats 3.6l v6 premium awd,0.1716432987191401
ats 4 performance awd,0.2514950098993899
ats awd,0.15526104309489494
ats coupe,0.16460597734588597
ats coupe 2d,0.2710356422930668
ats coupe premium,0.2626065699624227
ats luxury,0.14583164976362675
ats luxury awd,0.1242171400864681
ats luxury coupe 2d,0.27859891885963645
ats luxury sedan 4d,0.2344052468602955
ats performance,0.1257323528223362
ats performance rwd,0.1514808679138551
ats premium,0.141268334074104
ats premium luxury,0.33271041254192085
ats sedan,0.17773647420097777
ats sedan 2.0t,0.242393632065942
ats sedan 4d,0.2361264235784418
ats sedan awd,0.1968160329710291
ats standard awd,0.1893712877287971
ats v,0.3939250070709927
ats-v,0.5055406279041578
ats-v coupe 2d,0.4241282476059638
ats-v premier turbo,0.2171501878863792
ats-v sedan,0.454422400905087
ats4 luxury,0.1605822457473029
ats4 performance,0.156491171360459
ats4 premium,0.15603660753969856
aura,0.04130061976086054
aura 4dr sdn xe,0.058052850620227
aura hybrid,0.057547779708271
aura xe,0.038485367448153784
aura xe 3.6,0.006367260630059101
aura xe 4 door sedan,0.0353246595822053
aura xe 4dr sedan,0.0441255202230393
aura xr,0.04350864497739116
aurora,0.0211826740474362
auru xr,0.021182674047436196
autobiog,0.8979857772031193
autobiography,0.5090306679057741
avalache ls 4x4,0.2418986625722251
avalance,0.240383449836357
avalanch,0.1665925895995797
avalanch z66,0.0706291163279324
avalanche,0.12798416390414832
avalanche 1500,0.10004178797229443
avalanche 1500 4dr z7,0.0807709402400097
avalanche 1500 ls 4dr 1500 ls crew cab sb,0.11002464746050344
avalanche 1500 lt,0.103504181987151
avalanche 1500 ltz,0.2828094064406642
avalanche 1500 ltz 4x4,0.15393046183684184
avalanche 1500 z66,0.0600731342680512
avalanche 1500crew,0.060477190997616
avalanche 1500lt,0.1034991312780314
avalanche 2500,0.0719423006990181
avalanche 2lt,0.1009333710452947
avalanche 2wd lt,0.2059881207321507
avalanche 4wd,0.1353236494403814
avalanche 4wd z71,0.0706695220008889
avalanche 4x4,0.13302108727176398
avalanche black,0.27235055340231307
avalanche black diamond,0.1917956281061861
avalanche crew,0.06046102872843342
avalanche ls,0.11607287163117695
avalanche ls 4x4,0.1917956281061861
avalanche ls 4x4crew,0.0802759707462927
avalanche lt,0.08891717285995836
avalanche lt 1500,0.09718069416946137
avalanche lt 4wd,0.0802759707462927
avalanche lt 4x4,0.1514404622408986
avalanche lt black diamond,0.2120489716756232
avalanche lt z71,0.1201765727908198
avalanche ltz,0.14735816013831496
avalanche ltz 4x4,0.1413390440017778
avalanche ltz black,0.1769667461311568
avalanche ltz black di,0.2120489716756232
avalanche ltz truck,0.0504767869408865
avalanche z66,0.05347690815790533
avalanche z71,0.0841666329952725
avalanche z71 4wd,0.0504767869408865
avalanche z71 4x4,0.0732049779789082
avalon,0.083651124507688
avalon 2001,0.0252232413430845
avalon 4dr sdn xls w/bench seat,0.0402743545193745
avalon hybrid,0.17784493817932034
avalon hybrid limited,0.26313623563183053
avalon hybrid xle,0.09592811830781035
avalon hybrid xle plus,0.2281607337670208
avalon hybrid xle premium,0.2584649884843832
avalon hybrid xle sedan,0.282708392258273
avalon hybrid xle touring,0.1362209920939566
avalon hybrid xse sedan,0.31382076043476503
avalon limited,0.09763954344038385
avalon limited hybrid,0.22843852276859666
avalon limited sedan,0.0907612428785001
avalon limited sedan 4d,0.2665814780395167
avalon limited w/ navigation / moon roof,0.0807709402400097
avalon limited |,0.1766940078387005
avalon ltd,0.0555274960604468
avalon touring,0.07253106907638399
avalon touring sedan 4d,0.33321548345387686
avalon trd sedan 4d,0.39382399288860154
avalon xl,0.03710511600990065
avalon xl 2008,0.0737100488908642
avalon xl white color,0.0191623903996121
avalon xl/xls,0.0262232817487575
avalon xle,0.13823285789324816
avalon xle automatic,0.1534102387975271
avalon xle plus,0.2120489716756232
avalon xle premium,0.12818363031502952
avalon xle premium sedan,0.20189704634530678
avalon xle premiumsedan,0.17000013468557648
avalon xle sedan 4d,0.17583370371866872
avalon xle touring,0.0499717160289304
avalon xle touring hybrid,0.1715927916279445
avalon xle touring sedan,0.23651123951136066
avalon xle v6 fwd,0.1615418804800193
avalon xlesedan,0.0959331690169299
avalon xls,0.045157592757602075
avalon xls sedan,0.0393652268778536
avalon xls sedan 4d,0.0403248616105701
avalon xlsedan,0.0161319649278758
avalon xlssedan,0.0327993050224251
avalon xlt,0.1302779910299406
avalon xse,0.292405753767829
avalon xse sedan 4d,0.29718709173434615
avalon ylimited,0.110075154551699
avalong limited,0.06427195711611237
avanger,0.065578407208372
avant quattro 1.8t,0.0605276980888116
avant s4,0.0686593397713039
avante quattro,0.005020404864843
avenger,0.055155171717143535
avenger 4d,0.0453250636389349
avenger 4dr sdn se,0.08275250178458389
avenger ex,0.0595680633560952
avenger express,0.0221928158713483
avenger heat,0.06559861004485025
avenger heatsedan,0.04537557073013051
avenger lux,0.0401834417552224
avenger mainstreet heat,0.0542648187805567
avenger r/t,0.041725884401126394
avenger r/t 4dr sedan,0.0454260778213261
avenger rt,0.0555274960604468
avenger se,0.05535839831912396
avenger se 4dr sedan,0.054515670666828255
avenger se sedan,0.0706291163279324
avenger sedan,0.0737100488908642
avenger sxt,0.048507229980306585
avenger sxt 4dr sedan,0.0605276980888116
avenger sxt plus,0.0545173542365348
"avenger, se",0.1009737767182512
aveo,0.027809847229823745
aveo 5,0.020500828316295547
aveo aveo lt,0.0484565032930623
aveo hatchback,0.0403753687017657
aveo ls,0.024309360092980525
aveo lssedan,0.0363348014061174
aveo lt,0.0347472494815691
aveo lt sedan,0.0196674613115681
aveo5,0.0383550850539415
aveo5 2lt,0.0302234433714493
aveo5 ls,0.04035011515616785
aveo5 ls 4dr hatchback,0.0277485959028647
aviatior,0.2282213422764556
aviator,0.2665895318729776
aviator awd premium,0.0705786092367368
aviator lux,0.0554769889692512
aviator luxury awd,0.033294274516142
aviator premium,0.0706695220008889
aviator reserve,0.6665420825083842
aviator ultimate,0.0656289142995676
avolon xle,0.0221928158713483
awd,0.0605681037617681
awd *gl 450 4matic 4dr*suv*clean*carfax *3row seat nav,0.220231120449311
awd 1500 express cargo,0.1716432987191401
awd premium crosstrek,0.1110347892844155
azera,0.07405482624497317
azera 3.3l,0.1693603781970988
azera fully loaded!,0.1514404622408986
azera limited,0.05163743989656146
azera limited 4dr sedan,0.06596562824087161
azera limited sedan 4d,0.16014451762360768
azera se,0.03764798577720307
azera sedan 4d,0.19610556655487757
aztec,0.018152248575699977
aztek,0.04032082104327442
b 2500 van,0.0181522485757
b-class,0.14317924374513213
b-class b 250e,0.1917956281061861
b-class electric,0.16074705836067799
b-series,0.09333710452947593
b-series 2wd truck,0.04946664511697435
b-series 4wd truck,0.0504262798496909
b-series cab plus,0.0504666855226473
b-series pickup,0.0494767465352135
b150,0.0555274960604468
b1500,0.0757303325386884
b2000,0.03355691139035915
b2200,0.011081255808315451
b2200 kingcab,0.0171320053335488
b2200 truck,0.0151218231039637
b2300,0.03390901796897993
b2300 truck,0.0019899793931067
b250,0.03465123169959727
b2500,0.041385510525677766
b2500 se,0.0302739504626449
b2600,0.055527496060446845
b2600i 4x4,0.0151218231039637
b3000,0.03369400206646151
b3000 dual sport,0.032799305022425104
b350,0.05552749606044685
b3500 cargo van,0.0322942341104691
b400 se,0.0454260778213261
b4000,0.06091491912131127
b4000 4x4,0.0898723180734575
b4000 seextended cab,0.11397430199199962
b6,0.449482807386157
b9,0.0499717160289304
b9 tribeca,0.04200914018854559
b9 tribeca awd,0.0646086710574164
b9 tribeca limited,0.0934078144571497
b9+tribeca,0.0705887106549759
baja,0.05074026559995686
baja awd,0.0503757727584952
baja sport,0.057848296900884826
baja sport arizona rust free* all service records since new*new timing belt*new brakes&rotors*new tune up*new tires*new struts*smoke free*zero oil leaks*rare find,0.141359246838256
baja turbo,0.07696523091842092
barth,0.0151218231039637
beat,0.09193048203967835
beelte r line,0.164107640712756
beetle,0.07178952124166485
beetle 1.8t,0.1729424533426715
beetle 1.8t classic,0.1614913733888237
beetle 1.8t dune,0.2220998828235484
beetle 1.8t fleet,0.1574508060931754
beetle 1.8t s,0.1764103910958329
beetle 1.8t se,0.1858266082376147
beetle 1.8t sel,0.18170683663986417
beetle 1.8t wolfsburg,0.1675522243322962
beetle 2.0t,0.2076043476504101
beetle 2.0t coast,0.2220998828235484
beetle 2.0t s,0.19203330853534184
beetle 2.0t se,0.2625055557800315
beetle 2.0t turbo,0.151389955149703
beetle 2.0t turbo w,0.0949230271930179
beetle 2.5,0.0504262798496909
beetle 2.5l,0.1917956281061861
beetle 2.5l hatchback,0.1614913733888237
beetle 2.5l pzev,0.0896197826174795
beetle blush edition convertible,0.0772455452745565
beetle bug,0.02320295769526035
beetle convertible,0.13462374359784354
beetle coupe,0.1279705745686694
beetle fender edition,0.10593357307365951
beetle gls,0.0289102590003636
beetle gls tdi turbo,0.0504262798496909
beetle glx fwd gas,0.0120913976322275
beetle r-line,0.131237625762657
beetle tdi,0.12498877620195649
beetle tdi hatchback,0.1715927916279445
beetle turbo,0.13257101297022097
beetle turbo coupe,0.1210857004323407
beetle w/sunroof,0.0757303325386884
beetle-classic,0.1110145864479373
beetle-classic 2.5l e,0.0807305345670532
beetle-classic 2.5l pzev 52k miles leather,0.1211362075235363
beetle-classic turbo,0.0998525192937088
beetle-classic turbo pzev,0.1009333710452947
beetles,0.0353246595822053
belair 1957,0.1893712877287971
ben 190d,0.0277485959028647
bends slk230,0.0555274960604468
bennz 420sel,0.0696694815952159
bennz s550,0.0757303325386884
bens c250,0.0706291163279324
bens s550,0.1413390440017778
bentz slk 350,0.1464402602125338
benz,0.11085899996944934
benz 190e,0.032799305022425104
benz 240d,0.0403753687017657
benz 2500 high roof,0.3939149056527536
benz 280 sl,0.0908824598973696
benz 280 slk,0.0593660349913127
benz 300 ce,0.0706291163279324
benz 300 diesel,0.0176471776637439
benz 300 sdl,0.0353246595822053
benz 300 se,0.0181522485757
benz 300 sel,0.0282536668148208
benz 300 sl convertible,0.0454260778213261
benz 300ce,0.0720180613358115
benz 300ce coupe,0.057547779708271
benz 300d,0.070679623419128
benz 300d turbo,0.03821997858499328
benz 300d turbo diesel,0.0656289142995676
benz 300dt,0.0504767869408865
benz 300e,0.01108125580831545
benz 300e 4-matic,0.0353246595822053
benz 300e w124,0.0302739504626449
benz 300sd,0.04542355246676627
benz 300sd turbo,0.0252232413430845
benz 300sd turbo diesel,0.0282536668148208
benz 300sdl,0.0353246595822053
benz 300td,0.0151218231039637
benz 300te,0.02837993454280975
benz 320 c,0.0252232413430845
benz 350,0.1161360054951715
benz 350 clk,0.1302779910299406
benz 380 sec,0.0151218231039637
benz 380 sl,0.06264899591902699
benz 380sec,0.1797749404016324
benz 380sl,0.09796499714274166
benz 380slc,0.0605782051800072
benz 3e20 sportwagon,0.0555274960604468
benz 400e,0.0656289142995676
benz 400sel,0.0605782051800072
benz 420 sel,0.0867156248737322
benz 420sel,0.09845852357671009
benz 43 gle amg,0.4696856438643985
benz 500 sel,0.0282536668148208
benz 500sl,0.1334767734723288
benz 560 sec,0.17876479857772024
benz 560 sel,0.1908865004646652
benz 560 sl,0.1413895510929734
benz 560 sl convertible,0.17505757808396297
benz 560sec,0.0605782051800072
benz 560sel,0.0540122833245787
benz 560sl,0.15401632389187436
benz 600 sel,0.156996242272415
benz 600sel,0.2424037334841811
benz 63amg,0.0807810416582488
benz a220,0.2474544426037415
benz amg gle coupe,0.5757505353751667
benz amg gts,0.8575801042466363
benz c 230,0.0403753687017657
benz c 300,0.0691644106832599
benz c 320,0.018657319487656
benz c 320 wagon,0.0282536668148208
benz c 350,0.0807810416582488
benz c class c400,0.0555274960604468
benz c-300 4matic,0.1610873166592589
benz c-300 sedan,0.1009333710452947
benz c-class c300 4matic luxury sedan 7-speed automatic,0.0959331690169299
benz c-class c300 4matic sport sedan 7-speed automatic,0.09186734817568384
benz c230,0.034534372155262325
benz c230 compressor,0.0454260778213261
benz c230 kompressor,0.040038654760461666
benz c230 sport,0.0403652672835266
benz c240,0.029376706842581823
benz c240 4matic,0.034506444704836506
benz c240 c-class wagon,0.0484565032930623
benz c240 wagon,0.02771829164814735
benz c250,0.1187837654759669
benz c250 coupe,0.10853216291567333
benz c250 luxury,0.1006303284981211
benz c250 sport,0.10650430320416981
benz c280,0.037267288577316204
benz c280 4matic,0.04651927575075981
benz c300,0.11765666768035281
benz c300 4-matic,0.0535072124126227
benz c300 4matic,0.1222504500743015
benz c300 4matic amg,0.2120994787668188
benz c300 4matic sport,0.0941654208250838
benz c300 amg,0.2504848680754777
benz c300 awd,0.0858317507778092
benz c300 coupe,0.3939250070709927
benz c300 sport v6,0.090831952806174
benz c32 amg,0.058052850620227046
benz c320,0.043482396595148604
benz c350,0.08771566527940518
benz c350 4matic,0.058052850620227
benz c350 amg,0.078250636389349
benz c350e,0.2716978463776314
benz c36 amg,0.0171421067517879
benz c43 amg,0.3938744999797972
benz c55 amg,0.12118671461473185
benz c63 amg,0.32820349643756647
benz c63s amg,0.6464604630490122
benz cl 500 amg,0.131237625762657
benz cl-500,0.0706291163279324
benz cl500,0.05849478766818857
benz cl55 amg,0.15653662774253502
benz cl550,0.1787647985777203
benz cl550 amg,0.1716837043920966
benz cl550 coupe,0.136338841973413
benz cl600,0.0857169619341828
benz cl600 lorinser,0.1161360054951715
benz cla,0.12050991959271075
benz cla 250,0.14419101108462287
benz cla 250 4matic sport,0.2321709968079518
benz cla 250 edition 1,0.20174552507172003
benz cla250,0.1231994221988767
benz cla250 sport,0.1867954260778213
benz cla45 amg,0.2776576831387126
benz clk,0.054517354236534754
benz clk 320,0.05311277608138082
benz clk 350,0.08191961579977255
benz clk 430,0.0277485959028647
benz clk 500,0.0454260778213261
benz clk 55 amg,0.0757303325386884
benz clk 550,0.09492302719301784
benz clk 550 amg,0.1413895510929734
benz clk320,0.0151218231039637
benz clk320 cabriolet,0.07326991566758825
benz clk320 conv,0.0282536668148208
benz clk350,0.0628510242838094
benz clk350 coupe,0.1009838781364903
benz clk430,0.047926178835508454
benz clk430 convertible,0.06562891429956766
benz clk500,0.11613263835575843
benz clk500 convertible,0.0893672471615014
benz clk500 coupe,0.0423956523495898
benz clk55 amg,0.10967109782213418
benz cls 550,0.11459301385914578
benz cls 63s amg,0.5373651460665078
benz cls500,0.08413134537422383
benz cls55 amg,0.1742191603701159
benz cls550,0.17262235925616262
benz cls63 amg,0.35516586528748634
benz clx 430,0.0605782051800072
benz crew transit van,0.7777789001575822
benz d300 diesel,0.0019899793931067
benz e 320,0.0252232413430845
benz e 320 wagon,0.0201220251323285
benz e 350,0.14640995595781642
benz e 350 luxury,0.1815931956846741
benz e-350,0.0729524425229302
benz e-400 convertible,0.2424037334841811
benz e-class e350 luxury sedan 5-speed automatic,0.0777506161865125
benz e-class wagon e350 4matic 5-speed automatic,0.0600731342680512
benz e300,0.3047136103623234
benz e300 4matic,0.5353448624186836
benz e300 diesel,0.042545490053470136
benz e320,0.03618220264791838
benz e320 4-matic,0.0302739504626449
benz e320 4matic,0.036376048863927125
benz e320 4matic wagon,0.11608549840397589
benz e320 bluetec,0.05687098468624987
benz e320 cdi,0.06549182362346527
benz e320 sedan,0.0221928158713483
benz e320 sport,0.0545173542365348
benz e320 wagon,0.06966948159521594
benz e320w4,0.0797708998343367
benz e350,0.08980323559649993
benz e350 4matic,0.101375078515569
benz e350 4matic 09,0.057547779708271
benz e350 4matic sport,0.070679623419128
benz e350 awd,0.0484565032930623
benz e350 bluetec,0.11713806618449225
benz e350 cabriolet,0.1917956281061861
benz e350 sport,0.0757303325386884
benz e350 sport awd,0.1391167319891712
benz e350 wagon,0.1211362075235363
benz e400,0.2777586973211038
benz e400 4matic,0.5252434441795628
benz e400 cabriolet,0.5939330882055841
benz e420,0.023539671636564397
benz e430,0.02582932643743178
benz e430 4matic,0.0484565032930623
benz e450 4matic,0.5353448624186836
benz e500,0.04875842346043158
benz e500 4matic,0.05214352095034138
benz e500 awd sedan,0.0757303325386884
benz e500 sport,0.039668269425027235
benz e500 wagon,0.098953493070427
benz e55 amg,0.09943078508222553
benz e550,0.1240562944268144
benz e550 4matic,0.1191563295486686
benz e550 amg,0.2424037334841811
benz e550 sport 4matic,0.2322518081538647
benz e63 amg,0.1161360054951715
benz g500,0.36358708095950004
benz g55 amg,0.6464604630490122
benz g550,0.696715018788638
benz g550 4matic,0.7271707947795871
benz g63 amg,0.8787829811305508
benz gl 450,0.12504208924266297
benz gl 550,0.11131257828599131
benz gl-class gl450 7-speed automatic,0.0979029455735585
benz gl320,0.0757202311204493
benz gl350,0.14812382991905393
benz gl350 bluetec,0.15031247053753008
benz gl450,0.13146048830255763
benz gl450 awd,0.1514404622408986
benz gl550,0.1492854930165528
benz gl550 4matic,0.1729261788355085
benz gl550 amg,0.1302779910299406
benz gl550 awd,0.3580144652309184
benz gla 250,0.2823043355287082
benz gla 250 4matic,0.241393591660269
benz gla250,0.14546776912933118
benz gla250 4matic awd,0.2524546446321063
benz glc 300,0.34341791587538884
benz glc300,0.28984672781391835
benz glc300-4matic,0.35857004323407
benz gle 350,0.3681663905612348
benz glk,0.1454048648430239
benz glk 350,0.11579024837944384
benz glk 350 4matic,0.1105802254636551
benz glk350,0.1352166662381216
benz glk350 4matic,0.11197855035989908
benz glk350 4matic awd,0.1918461351973817
benz gls 63 amg,0.3232150793971473
benz l350,0.0353246595822053
benz m class,0.0451937452018263
benz m430,0.0252232413430845
benz metris cargo van,0.1918966422885773
benz ml,0.0984332700311123
benz ml 320,0.034482874728945234
benz ml 320 cdi 4 matic,0.0806800274758576
benz ml 350,0.14340983474079755
benz ml 350 4 matic,0.1161360054951715
benz ml 350 4-matic,0.1206816437027758
benz ml 450,0.19329063800557592
benz ml 550 4matic,0.214624833326599
benz ml cdi,0.0807709402400097
benz ml-350,0.0301527334437755
benz ml320,0.037839351533844184
benz ml320 2001,0.0353246595822053
benz ml320 4matic,0.0120913976322275
benz ml320 4wd,0.0262333831669966
benz ml320 cdi,0.06714412703543575
benz ml350,0.09992954260778208
benz ml350 4 matic,0.0550224251484908
benz ml350 4matic,0.13432445081956168
benz ml350 4runner x5,0.1565416784516546
benz ml350 awd,0.1615418804800193
benz ml350 bluetec,0.14803628429431487
benz ml430,0.0224453513273263
benz ml500,0.04404402014406456
benz ml55,0.0489615742050183
benz ml55 amg,0.0131015394561396
benz ml550,0.0605276980888116
benz ml63 amg,0.3030122429189058
benz r 350,0.0686593397713039
benz r-350,0.0454260778213261
benz r350,0.05395279719494836
benz r350 4matic,0.06512027818117425
benz r350 4matix,0.0297688795506889
benz r500,0.11004990100610121
benz s 430,0.0908723584791304
benz s 500,0.0454260778213261
benz s 550,0.3986221665521839
benz s-500 c0uoe,0.0272435249909087
benz s-class 430,0.0302234433714493
benz s320,0.0871786065430253
benz s350,0.15881449755545674
benz s420,0.0201725322235241
benz s430,0.04108778451441947
benz s430 4 matic,0.0252232413430845
benz s430 4matic,0.0656289142995676
benz s430 4matic (awd),0.0605782051800072
benz s450,0.6949472705967918
benz s500,0.049473232998434674
benz s500 4matic,0.06056557840720832
benz s55,0.136338841973413
benz s55 amg,0.0875153204843293
benz s550,0.17407220549107558
benz s550 4 matic,0.4333205382035637
benz s550 4-matic,0.15774374722210996
benz s550 4matic,0.18520129601196003
benz s550 4matic awd,0.423219119964443
benz s560,0.7676522283728635
benz s600,0.15300113135884275
benz s600 designo,0.1747242312820719
benz s63 amg,0.41980736595417995
benz s65 amg,0.3255720769862755
benz sclass,0.070679623419128
benz se,0.0504767869408865
benz sl 320,0.1201765727908198
benz sl 500,0.12885369105822453
benz sl 550,0.1666430966907753
benz sl 560,0.2727079882015434
benz sl300,0.0146167521920077
benz sl320,0.0916400662653036
benz sl500,0.1021898889238195
benz sl500 convertible,0.14775344458361947
benz sl500 roadster,0.09348862580306268
benz sl550,0.23867462658423907
benz sl550 amg,0.2423532263929855
benz sl560,0.1009838781364903
benz sl5pp,0.090831952806174
benz slc 300,0.3020021010949937
benz slk,0.2373530243646207
benz slk 230,0.0459058951876843
benz slk 250,0.24156194863092104
benz slk 320,0.07663946018020928
benz slk 350,0.12046374168076049
benz slk roadster,0.0787607580104246
benz slk230,0.06567815871348333
benz slk230 kompressor,0.04980335905827837
benz slk280,0.09037738898541353
benz slk300,0.1918966422885773
benz slk32 amg,0.1412885369105822
benz slk320,0.0629772920117984
benz slk350,0.08370843266394598
benz sport c280,0.0201725322235241
benz sprinter,0.4974594933128611
benz sprinter 2500,0.5454462806578044
benz sprinter 2500 ext,0.3434179158753889
benz sprinter 3500,0.28928778267135374
benz sprinter van,0.3100832356862903
benz-e500 5.0l v8,0.04441593599741395
beonco,0.1413895510929734
beretta,0.0080508303365792
bertone x 1/9,0.0656289142995676
bettle,0.083811467129985
big horn 1500,0.20477595054345626
big horn 2016,0.4444320982665966
big horn lonestar,0.3938744999797972
big horn slt,0.1009333710452947
bj74 land cruiser,0.1716938058103357
black diamond,0.1918865408703381
blackwood,0.1054600690937007
blazer,0.12106805754432028
blazer 1lt,0.2928603175885894
blazer 1lt sport,0.27221845793303223
blazer 2 door,0.0454260778213261
blazer 2lt sport,0.3004481431932769
blazer 3lt sport,0.3291749161582286
blazer 4 door,0.0353246595822053
blazer 4x4,0.05971958462968195
blazer 4x4 ls,0.0009798375691947
blazer extreme,0.013051032364944
blazer k5,0.0796496828154672
blazer ls,0.020318441598089213
blazer ls 4dr ls,0.0200513152046547
blazer ls 4wd,0.1110347892844155
blazer ls 4x4 135k miles 4.3l v6,0.0453755707301305
blazer ls 5spd,0.0797708998343367
blazer lt,0.23874499979797162
blazer lt suv,0.3095377591013778
blazer premier,0.3636005495171522
blazer premier awd gas,0.44442199684835754
blazer premier sport,0.3762186639575624
blazer rs,0.35428704190068283
blazer rs sport,0.3709274448799278
blazer s10,0.0251727342518889
blazer xtreme,0.0302739504626449
bolt,0.20028923727558012
bolt ev,0.22003890489081804
bolt ev lt,0.18813554756421128
bolt ev lt hatchback,0.2474977343961949
bolt ev premier,0.1257323528223362
bolt lt,0.2272516061255
bolt premier,0.222150389914744
bonco ll,0.0232029576952604
boneville,0.0297688795506889
bongo friendee,0.1908865004646652
bonneville,0.03604446709479296
bonneville 4dr sedan,0.0403753687017657
bonneville gxp,0.04279970907915466
bonneville gxp sedan heated leather moon roof premium wheels,0.0605276980888116
bonneville se,0.03168983258582833
bonneville sle,0.0191598650450523
bonneville sse,0.0201220251323285
bonneville ssei,0.0341124893935108
boom truck,0.0886298436300456
borrego,0.061657794254313274
borrego limited,0.1110347892844155
borrego lx,0.05552749606044683
box,0.0524970705887106
box truck,0.0818358423838496
box truck cube van 3.0l v6 196k timing belt replaced @172k ac automatic,0.0807305345670532
box van,0.0454260778213261
boxster,0.1575163767027978
boxster 71k miles convertible 5 speed manual,0.1817447169582609
boxster 986,0.1110852963756111
boxster cabriolet,0.2774556547739302
boxster convertible,0.1118378520344256
boxster convertible 2d,0.3055072932239686
boxster roadster,0.3938239928886015
boxster roadster 2d,0.3695805891147117
boxster roadster w/power,0.1105802254636551
boxster s,0.13099788543644855
boxster s (986),0.0908723584791304
boxster type s,0.1262374237342922
boxster w/power top,0.1105802254636551
boxter,0.10726696028122346
boxter 986,0.1161360054951715
boxter s,0.09868580548709036
brat,0.045931148733282155
brat gl,0.0807305345670532
braughm,0.0201725322235241
brigadier,0.12724756555820432
bronco,0.08813039618803714
bronco 2,0.0591640066265303
bronco 2 ranger xl,0.1110852963756111
bronco 25 year anniversary,0.136338841973413
bronco 4wd,0.2211907551820275
bronco 4x4,0.0353246595822053
bronco eddie bauer,0.08097044325023228
bronco ii,0.07204443726121365
bronco sport,0.355388096488747
bronco sport badlands 4x4,0.424219160370116
bronco xl,0.06310355973978746
bronco xlt,0.12140317357699873
bronco xlt 4x4,0.17102037792772773
brougham,0.07319992726978863
brz,0.20881550769728066
brz 2.0 limited,0.1817851226312174
brz limited,0.16788246300549822
brz limited coupe 2d,0.27056234960448683
brz premium coupe 2d,0.282708392258273
bucket truck,0.0908723584791304
bug,0.029937236521340903
bus,0.14284022699009158
bus kk35,0.1413895510929734
bus/vanagon gl camper,0.3434078144571498
c,0.15616431832743596
c - max se hybrid,0.0863368216897652
c 10,0.0555274960604468
c 10 truck pick up,0.0252232413430845
c 1500 short bed,0.1262374237342922
c 20 silverado,0.1161360054951715
c 240,0.031867449189866226
c 240 elegance,0.0196674613115681
c 250,0.11170372764780614
c 250 amg pkg,0.1716432987191401
c 250 luxury,0.1410865085457998
c 250 sport,0.1070023031233585
c 250 sport sedan,0.1050244454321386
c 2500,0.0242130995191724
c 280,0.0352994060366075
c 300,0.2778450185315109
c 300 4matic,0.23980261828760757
c 300 amg,0.1161360054951715
c 300 sedan,0.2049072689805648
"c 300 sedan,1 owne",0.2423027193017899
c 300 sport,0.21797513704257407
c 300 sport 4matic,0.1817447169582609
c 300 sport 4matic only 45k heated leather loaded,0.1716432987191401
c 300 sport sedan,0.239878378924401
c 320,0.0504262798496909
c 350 sport sedan,0.1512384338761161
c 350e gas/electri,0.2625964685441836
c 400 4matic sedan,0.2300496989777364
c 4500 bucket truck,0.2222008970059396
c 63 s amg 503hp gps leather pano roof loaded,0.5049901006101257
c class,0.05744171481676022
c class benz e350,0.0757303325386884
c class c 300 sport 4matic,0.1261869166430966
c max,0.08575599014101576
c max energi,0.136338841973413
c series,0.0757303325386884
c-10,0.10224655541638039
c-10 truck,0.1413895510929734
c-280,0.026182876075801
c-300,0.1514606650773768
"c-300 4-matic ultra low mile gem, like",0.1731989171279647
c-320,0.0403753687017657
c-3500 encloed utility service truck,0.1918461351973817
c-3500 enclosed utility service truck,0.1918461351973817
c-5500,0.2373530243646207
c-5500 38 foot utility,0.090831952806174
c-5500 shuttle bus,0.2423532263929855
c-6500 duramax diesel non cdl,0.1514404622408986
c-7500,0.0504262798496909
c-7500 corner mounted 3 section,0.1918461351973817
c-7500 multiple uses perfect,0.1110347892844155
c-8500 tandem 10 yard dump truck with knuckle boom,0.2423532263929855
c-class,0.1722930359249385
c-class 2.3l,0.0100610125661642
c-class 2004,0.0252232413430845
c-class 2dr cpe c,0.3433169016929976
c-class 300,0.1413895510929734
c-class amg c 43,0.454331488140935
c-class amg c 63,0.6968463372257465
c-class c 230 spo,0.0585579215321831
c-class c 240,0.0353246595822053
c-class c 250,0.13050455141044656
c-class c 250 2dr,0.1514404622408986
c-class c 250 sport automatic,0.1211766131964928
c-class c 280,0.05115021482349454
c-class c 300,0.2655917019781835
c-class c 300 -,0.1615418804800193
c-class c 300 4dr,0.2423532263929855
c-class c 300 4ma,0.2221099842417875
c-class c 300 4matic sedan,0.292910824679785
c-class c 320,0.0554769889692512
c-class c 350e,0.27361711584306436
c-class c 400,0.2524546446321063
c-class c 450 amg,0.2927087963150026
c-class c 63 amg,0.315764586796262
c-class c 63 amg®,0.5251424299971716
c-class c 63 s am,0.4343205786092367
c-class c250,0.11358539738979351
c-class c250 luxury sedan,0.1312780314356135
c-class c300,0.2321592118200062
c-class c300 4mat,0.20203509906124148
c-class c300 4matic sedan,0.2524950503050628
c-class c300 4matic sport sedan,0.13729510956671642
c-class c300 sedan,0.1777546567538082
c-class c450 amg,0.2963150026263687
c-class hybrid,0.313063154066831
c-class hybrid c 350e luxury,0.2120893773485797
c-class sport,0.1019839185421633
c-class sport amg,0.0494666451169744
c-hr,0.19040406421209682
c-hr le fwd (natl),0.2251101054588064
c-hr le sport utility 4d,0.20391732999313097
c-hr limited,0.2315144046224089
c-hr xle,0.19001575821245295
c-hr xle fwd (natl),0.19853731463897523
c-hr xle premium sport,0.2018970463453068
c-hr xle sport utility 4d,0.20055019058009074
c-max,0.08960968119924033
c-max energi,0.108903390035961
c-max energi hatchback se,0.0907814457149783
c-max energi hatchback sel,0.0752252616267323
c-max energi se,0.0907814457149783
c-max energi sel,0.07246353388015672
c-max energi sel wagon 4d,0.1537667594412608
c-max energi titanium,0.1161259040769323
c-max hybrid,0.10392851693691223
c-max hybrid se,0.08786213584387245
c-max hybrid se wagon,0.0726493999757566
c-max hybrid se wagon 4d,0.1511353665599365
c-max hybrid sel,0.0821952402117257
c-max hybrid sel wagon 4d,0.13770528836794138
c-max hybrid titanium,0.2602327366762293
c-max hybrid titanium wagon,0.17226621951055254
c-max r4452a,0.1312881328538526
c-max r4512,0.1514909693320942
c-max se,0.0726999070669522
c-max se hybrid,0.090831952806174
c-max se wagon,0.0686088326801082
c-max sel,0.08830659824639375
c-max sel hybrid,0.0535072124126227
c-v tradesman,0.1009333710452947
c-x7,0.0302739504626449
c/30,0.0499717160289304
c/k 10,0.1161360054951715
c/k 10 series,0.2624045415976403
c/k 1500,0.10254671184405717
c/k 1500 series,0.06559861004485025
c/k 1500 short bed,0.0807305345670532
c/k 20,0.14127843549234306
c/k 2500,0.0605276980888116
c/k 2500 series,0.050355569922017
c/k 3500,0.0365873368620954
c/k 3500 crew cab,0.13947477114675783
c/k 3500 series,0.05145460422643335
c/k 3500 series k3500,0.1085599418158309
c/t hicube,0.1009737767182512
c/v,0.056220240690213905
c/v cargo van,0.1229241585518606
c/v tradesman,0.0800577801123277
c/v tradesman cargo van 101k miles no rear windows,0.1059840801648551
c10,0.15685069938921462
c10 custom,0.08381146712998505
c10 custom deluxe,0.3686714614731908
c10 pickup,0.0807810416582488
c10 pickup truck,0.0454260778213261
c10 short step side,0.0555274960604468
c10 silverado,0.0797708998343367
c1500,0.040800159921400306
c1500 silverado,0.0393652268778536
c20,0.02438145648982445
c20 scottsdale,0.070679623419128
c220,0.0151218231039637
c230,0.039704083544238655
c230 1.8l,0.0403248616105701
c230 kompressor,0.032512424744434075
c230 sport,0.05886096407935673
c240,0.03253666814820795
c240 4matic,0.0403248616105701
c250,0.09419283896030425
c250 coupe,0.12295446280657799
c250 sport,0.1130474968685603
c2500,0.13040231617749895
c2500 cheyenne extended cab only 119k two tone,0.0453755707301305
c2500 suburban,0.0333043759343811
c280,0.050089565908386834
c280 3.0l luxury,0.0454260778213261
c280 4 matic,0.0686593397713039
c280 4matic,0.043910865085457954
c30,0.06179759066744396
c30 1 ton,0.0787607580104246
c30 rebel blue polestar,0.0605276980888116
c30 t5,0.05984946000704209
c30 t5 2dr hatchback,0.07034290947782397
c30 t5 r-design 2.5l auto heated leather moon roof,0.1160854984039759
c30 t5 r-design premier,0.0898723180734575
c30 t5 version 1.0,0.0504666855226473
c300,0.1421651506121459
c300 4 matic,0.0767404743626005
"c300 4-matic awesome color, great",0.1412582326558648
c300 4-matic bling sport!~ emblem,0.1330962867186552
c300 4matic,0.14213958139722813
c300 4matic 4wd,0.2625560628712271
c300 4matic awd,0.17738090427896078
c300 4matic turbo,0.3501858660955998
c300 awd,0.17687179279970902
c300 c-300 luxury awd,0.1004788072245343
c300 luxuruy,0.1817447169582609
c300 luxury 4matic,0.1262071194795749
c300 luxury v6,0.0797708998343367
c300 sport,0.10677956685118588
c300 sport 4matic,0.14218082885503783
c300 sport sedan,0.0858317507778092
c320,0.031161191697981
c320 4matic,0.0353246595822053
c320 wagon,0.0100711139844034
c35 pickup,0.0555274960604468
c350,0.09742986248602632
c350 sport,0.0807305345670532
c3500,0.19497931647534344
c3500 crew cab,0.0908824598973696
c3500 dump truck,0.1540163238918744
c3500 service truck,0.0151218231039637
c3500hd,0.1141157218473473
c3500hd 6.5 diesel,0.0100711139844034
c3500hd flat bed,0.1413895510929734
c3500hd utility,0.1504808275081821
c43,0.4333205382035637
c43 amg,0.5151167723948442
c4500,0.18107627503209137
c4500 4x4,0.3711084286233787
c4500 4x4 service tru,0.3787728797123116
c4500 7 yard mason dump truck,0.2423532263929855
c4500 bucket boom service truck,0.1918461351973817
c4500 kodiak,0.2609230002559026
c4e042,0.3837730817406763
c5 corvette,0.1464402602125338
c55,0.1056911390359206
c5500,0.24653278920360416
c5500 24 foot flatbed 8.1l gas,0.1413390440017778
c5500 26' box truck,0.1767445149298961
c5500 4x4,0.3030122429189058
c5500 4x4 bucket truck,0.3837023718130025
c5500 bucket truck,0.32309386237827786
c5500 bus,0.1371065497595862
c5500 kodiak,0.1918865408703381
c5500 ladder bucket truck,0.2321810982261909
c5500 topkick,0.1694490462016422
c550o,0.3131136611580266
c6,0.19172828531792527
c6000,0.0732049779789082
c63,0.1514909693320942
c65,0.2373530243646207
c6500,0.17329293802080578
c6500 flatbed,0.136338841973413
c6500 service truck non c d l,0.1716432987191401
c6500 topkick,0.06562891429956764
c7,0.2575558608428623
c70,0.07244632663667352
c70 (fleet-only),0.0806598246393793
c70 convertible,0.06498098047251545
c70 premier plus,0.1210857004323407
c70 t5 2dr convertible,0.0545173542365348
c70 t5 convertible,0.06793203765808717
c70 t5 convertible 2d,0.1614913733888237
c70 t5 platinum,0.177653642571417
c70 t5 premier plus,0.1978564790496585
c7000,0.045426077821326065
c7500,0.22952112284257015
c7500 14 foot stake body flatbed,0.1413390440017778
c7500 7h2,0.1514909693320942
c7500 dump truck,0.2423532263929855
c7500 enclosed service truc,0.1918865408703381
c7500 enclosed utility service truck,0.1615418804800193
c7500 service truck w crane,0.35857004323407
c7d042,0.0302234433714493
c7h top kick,0.0807810416582488
c8500,0.267388493518403
c8500 18' flatbed dump,0.222150389914744
c8500 tandem dump truck,0.1918461351973817
c85008,0.1812901531375005
caballero,0.07916481473998946
cabellero,0.0858317507778092
cabrio,0.012929815346074515
cabrio convertable,0.0595680633560952
cabrio convertible,0.014806153783991237
cabrio glx,0.0348195886702493
cabriolet,0.039525165999973015
cabriolet convertible,0.0757303325386884
cadenza,0.15354604675385308
cadenza limited automatic,0.1917956281061861
cadenza limited sedan 4d,0.2018970463453069
cadenza limited-sxl,0.005020404864843
cadenza limited-sxl sedan 4d,0.1675522243322962
cadenza premium,0.08426603095074546
cadenza premium automatic,0.1816942098670653
cadenza premium sedan 4d,0.19515862334764106
cadenza sedan 4d,0.2120994787668188
cadenza technology sedan 4d,0.25492949210069094
caliber,0.0409310879834941
caliber basewagon,0.0600731342680512
caliber express 5 spd,0.015899632308376023
caliber hatchback,0.0151218231039637
caliber heat,0.041890581437633766
caliber mainstreet,0.049365630934583175
caliber r/t,0.04694718305116699
caliber r/t awd,0.0398702977898096
caliber se,0.050264657157864934
caliber sewagon,0.0595680633560952
caliber srt4,0.08960715584468057
caliber sxt,0.03710503454685034
caliber sxt 4d hatchback,0.0600731342680512
caliber sxt 4dr wagon,0.0403248616105701
caliber sxt i4 fwd,0.0403248616105701
caliber sxtwagon,0.0393652268778536
california,0.8979857772031193
california t,0.0104145622045335
caliper srt4,0.0706291163279324
calliper,0.0393652268778536
calvier,0.0191623903996121
camaro,0.19867946870667005
camaro 1ls,0.1362450430897641
camaro 1lt,0.18251386780418252
camaro 1ss,0.4102893046183684
camaro 1ss 1le,0.2825568709846862
camaro 1ss automatic,0.3939149056527536
camaro 2dr coupe 2lt,0.1706836639864236
camaro 2dr cpe 1ls,0.1686633803385995
camaro 2dr cpe 1lt,0.25918892345818684
camaro 2dr cpe 2lt,0.0807709402400097
camaro 2dr. coupe cars,0.2676572790819831
camaro 2ls 2ls,0.1562386359044809
camaro 2lt,0.18462564144005816
camaro 2ss,0.28489178410060534
camaro 2ss 6-spd,0.2928603175885894
camaro 2ss convertible,0.292910824679785
camaro 2ss coupe,0.4434219564426845
camaro 2ss rs,0.1161360054951715
camaro berlinetta,0.0656289142995676
camaro convertible,0.13730306825987457
camaro convertible 2lt,0.1604610287284334
camaro convertible lt,0.1816740070305871
camaro convertible rs,0.0656289142995676
camaro convertible ss,0.2827993050224251
camaro iroc z,0.1009737767182512
camaro iroc z28,0.08027597074629275
camaro iroc-z,0.096943310840842
camaro ls,0.13937993005329055
camaro ls 2dr coupe,0.12959614529879993
camaro ls coupe,0.111075194957372
camaro ls coupe 2d,0.25266298638328816
camaro ls rwd gas,0.24870701846539253
camaro lt,0.14476507399598082
camaro lt 1,0.2019475534365024
camaro lt 2dr,0.1211766131964928
camaro lt convertible,0.2201575244021403
camaro lt coupe 2d,0.25028622535087436
camaro lt rs,0.2019475534365024
camaro lt rwd gas auto,0.2929007232615459
camaro lt w/ manual 6-spd,0.2080488100529314
camaro lt-2,0.1615418804800193
camaro lt1 coupe 2d,0.3635197381712392
camaro lt2,0.1565416784516546
camaro rs,0.1462070362914247
camaro rs 108k 2lt convertible leather 6 speed manual,0.131237625762657
camaro rs conv,0.110075154551699
camaro rs convertible,0.1469453311244898
camaro rs cv,0.090831952806174
camaro ss,0.25486492492735163
camaro ss 1le,0.43685603458725597
camaro ss 2015,0.1413794496747343
camaro ss 2dr,0.49492908804396124
camaro ss 2ss/rs,0.3130833569033092
camaro ss 6.2l v8 6 s,0.4423613075275768
camaro ss convertible,0.3420077578892077
camaro ss coupe,0.3507313426805123
camaro ss coupe 2d,0.35291269224907834
camaro ss manual,0.1613297506969978
"camaro ss*v8,6.2l!!",0.286213584387248
camaro v6 automatic coupe only 66k low miles 18s tinted,0.156491171360459
camaro yanase,0.0605276980888116
camaro z-28 coupe,0.1110246878661764
camaro z/28 ss 35th anniversary 67k miles 6 speed manual convertible 35th anniversary,0.1918461351973817
camaro z28,0.12111075719706367
camaro z28 30th anniversary pace car,0.1666430966907753
camaro z28 conv,0.136338841973413
camaro z28 convertible,0.10137783344781606
camaro z28 indy 500 pa,0.0907612428785001
camaro zl1,0.59340592044123
camaro zl1 1le,0.7070538203563781
camaro zl1 convertible,0.4763273263566204
camaro zl1 coupe 2d,0.3893024056768046
camaro zl1 super charged v-8 1900 miles!!!,0.6757545759424624
camaro1lt,0.2423532263929855
camary hybrid,0.1009838781364903
camary se v6,0.0201725322235241
camero,0.12572814389806988
camero 2ss,0.2828094064406642
camero ss,0.1716938058103357
camero ss 1le,0.4292799709079155
camery,0.03531960887308575
camery le,0.09845347286759056
camper,0.0555274960604468
camr le,0.2301608145783668
camrey le,0.0855792153218311
camro,0.363499535334761
camry,0.08981515444586735
camry - se,0.0583053860762051
camry 2.4l le,0.0403753687017657
camry 2001,0.0201220251323285
camry 2009,0.0292638086387328
camry 2012 se,0.0772455452745565
camry 4d sedan,0.0705584064002586
camry 4d sedan le,0.0434057941735019
camry 4dr sdn i4 auto le (natl),0.1165602650612146
camry 4dr sdn i4 auto se (natl),0.1034031678047598
camry 4dr sdn le auto (natl),0.03330437593438115
camry 4dr sdn xle v6 auto,0.0595680633560952
camry 4dr sedan 5a,0.0706695220008889
camry 4dr. sedan cars,0.0686088326801082
camry 4dr.xle,0.1241666329952725
camry 4x4,0.0494666451169744
camry base,0.06758858943795705
camry base 4dr sedan 6a,0.06052769808881161
camry ce,0.04068030526485914
camry dx,0.01254596145298795
camry hybrid,0.07802308146766505
camry hybrid base,0.0504666855226473
camry hybrid electric,0.0691644106832599
camry hybrid hybrid *90 d,0.0757303325386884
camry hybrid le,0.11339094508869041
camry hybrid le sedan,0.1666228938542971
camry hybrid le sedan 4d,0.23196362063351336
camry hybrid se,0.17045604536210213
camry hybrid se sedan 4d,0.2726069740191523
camry hybrid sedan,0.03582973049416133
camry hybrid sedan 4d,0.090831952806174
camry hybrid xle,0.10936581051535187
camry hybrid xle sedan 4d,0.2042387387552848
"camry hybrid | gas saver,",0.0675986908561962
camry l,0.09083952886985325
camry l sedan 4d,0.2012909612509596
camry le,0.06366297628186993
camry le 2.4l,0.0302739504626449
camry le 2009,0.0696694815952159
camry le 4 door,0.0494666451169744
camry le 4cyl,0.0706291163279324
camry le 4dr sedan,0.06750748099150763
camry le 4dr sedan 5a,0.0545173542365348
camry le 5-spd at,0.0555274960604468
camry le 6-spd at,0.070174552507172
camry le 6-spd mt,0.070174552507172
camry le auto (natl),0.22768933424919516
camry le automatic,0.18848909720258056
camry le sedan,0.05139349064608668
camry le sedan 4d,0.17075338128918383
camry le v6,0.028556709361994403
camry le v6 fwd,0.05042627984969085
camry le w/ navigation system,0.19765877986412142
camry le*fuel economy!,0.2155036567134025
camry lesedan,0.10590831952806173
camry lesedan w/,0.0494666451169744
camry lg,0.0706291163279324
camry lx,0.0150713160127681
camry only 75k miles,0.0999737363125782
camry se,0.11512370564099922
camry se (sports edition),0.099872722130187
camry se *4dr *sedan 1-*owner *clean carfax *local *car *leather *back of *camera,0.17139076326316208
camry se 2.5,0.0797708998343367
camry se 4dr sedan,0.12187817298580973
camry se 4dr sedan 5a,0.0535072124126227
camry se 6-speed automatic,0.1060345872560507
camry se auto (natl),0.14713026478148297
camry se auto 4dr,0.1262273223160531
camry se automatic,0.23476201058628626
camry se awd,0.2623136288334882
camry se fwd gas sedan,0.19693724998989848
camry se nightshade automatic,0.2827993050224251
camry se sedan,0.2004828477918299
camry se sedan 4d,0.16790159407346303
camry se special edition,0.16000141419855343
camry se sport,0.06300254555739622
camry se v-6,0.1161158026586932
camry se v6,0.08431653804194106
camry se(sports edition),0.1109842821932199
camry se*back up cam*lea,0.2357064931916441
camry se*cam*leather*fue,0.2357064931916441
camry se*fuel economy!!,0.2357064931916441
camry se*leather*back up,0.2357064931916441
camry se*leather*cam*fue,0.2357064931916441
camry sedan,0.0070406885126671
camry sedan i4,0.1161360054951715
camry sesedan,0.0898723180734575
camry solara,0.042158409318446034
camry solara 2dr cpe se v6 auto (natl),0.0401430360822659
camry solara convertible,0.04882520505879021
camry solara se,0.03911067113822776
camry solara se v6,0.0605681037617681
camry solara sel,0.070174552507172
camry solara sle,0.048382907245891574
camry solara sle convertible,0.0679017334033698
camry solara sle v6,0.060420370520021
camry solara sle v6 2dr,0.04163299527253625
camry standard,0.0403551658652874
camry trd,0.3635702452624348
camry trd v6,0.3426300052527374
camry v6,0.0321376621277627
camry v6 auto,0.0403248616105701
camry v6 auto le,0.0403248616105701
camry we,0.0595680633560952
camry xl,0.0555274960604468
camry xle,0.07469126080267652
camry xle 4c,0.0302739504626449
camry xle 5-spd at,0.0454260778213261
camry xle automatic,0.272586771182674
camry xle hybrid,0.084144813931876
camry xle hybrid sedan 4d,0.1614913733888237
camry xle sedan,0.043910865085458
camry xle sedan 4d,0.20503669340175357
camry xle v 6,0.0327993050224251
camry xle v6,0.06442873954503206
camry xle v6 4dr sedan 6,0.0615883470039193
camry xle4,0.0019899793931067
camry xlesedan,0.1464301587942947
camry xls,0.0605681037617681
camry xse,0.22498985047976924
camry xse automatic,0.2624853529435532
camry xse sedan 4d,0.20719480101962834
camry xse v6,0.25250010101418235
camry xse w/ bird's eye view cameras,0.2625964685441836
camryle,0.0262333831669966
canyon,0.1895689658477685
"canyon 2wd ext cab 128.3"" sle",0.2322922138268212
canyon 4wd denali,0.428825407087155
canyon 4wd sle,0.28568831063881367
canyon 4wd slt,0.3535597397874661
canyon all terrain,0.2919006828558729
canyon crew cab,0.2234972456799601
canyon crew cab 4x4,0.2696775627298072
canyon crew cab pickup 4d 5,0.2524041375409107
canyon crew cab sle,0.14590993575497996
canyon crew cab sle all,0.3029112287365146
canyon crew cab sle pickup,0.33044740896716235
canyon crew cab slt,0.3331750777809204
canyon crew cab slt pickup,0.35476517569733457
canyon deisel duramax slt,0.4141177421309951
canyon deisel durmax slt 4x4,0.4141177421309951
canyon denali,0.35447319660823234
canyon denali 4x4 4dr crew c,0.3999353509232696
canyon diesel durmax slt 4x4,0.4141177421309951
canyon duramax slt 4x4 auto,0.4141177421309951
canyon durmax slt 4x4 truck,0.39728204506579384
canyon extended cab pickup,0.2423027193017899
canyon extended cab sle,0.28484051303660174
canyon regular cab,0.0807305345670532
canyon sle,0.18591435793140906
canyon sle 4x4,0.35851953614287446
canyon sle 4x4 1/4 ton gas,0.3434078144571498
canyon sle crew 4x4,0.20531469284954265
canyon sle crew cab short b,0.3737019677562729
canyon sle1,0.20498606004283002
canyon slecrew cab sb,0.0797708998343367
canyon slt,0.2680983743450914
canyon slt 4x4 1/4 ton gas,0.333306396218029
canyon slt crew cab,0.2483433674087842
canyon slwe crew cab,0.0706291163279324
canyon work truck,0.07319992726978865
canyon z71 sle base 4dr crew cab z71 sle base,0.0604569881611378
capitiva ltz,0.0454260778213261
capiva sport,0.0782556870984686
capri,0.052372486430428106
capri rs,0.1969473514081376
capri xr2,0.0176471776637439
caprice,0.07019358979539185
caprice classic,0.06396939558885491
caprice classic ls,0.0302234433714493
caprice classic wagon,0.0343145177582932
caprice ppv,0.08835710533758935
caprice wagon,0.04896157420501833
captiva,0.06386221108202207
captiva 2ls,0.0554769889692512
captiva awd,0.0807305345670532
captiva awd sport ltz,0.0777001090953169
captiva ls,0.0413855105256778
captiva lt,0.090831952806174
captiva lt fwd gas suv,0.0908723584791304
captiva lt sport,0.0806598246393793
captiva ltz,0.07142460301426318
captiva ltz sport,0.0625984888278314
captiva sport,0.07235682617112166
captiva sport 2ls,0.1105802254636551
captiva sport fleet,0.07625127710787735
captiva sport fleet lt,0.1079033496302881
captiva sport ls,0.12963707345890668
captiva sport lt,0.08125580831548745
captiva sport ltz,0.08830154753727418
captiva sport ltz ecotec 2.4l auto heated leather moon roof,0.090831952806174
caravan,0.042010384257949764
caravan cargo,0.02699098953493065
caravan cargo van,0.0252131399248454
caravan ext,0.0503757727584952
caravan le,0.0158794294718978
caravan minivan,0.0151218231039637
caravan passenger,0.0242130995191724
caravan se,0.039162135205888106
caravan se 64k miles wheelchair lift ada,0.090831952806174
caravan sport,0.0201725322235241
caravan sport mobility,0.070174552507172
caravan sxt,0.06916296762351143
caravan sxt fwd gas auto,0.2524950503050628
caravan sxt passenger,0.026287257397605217
caravan sxtmini van,0.0393652268778536
caravan wheelchair van,0.0989635944886662
caravan.,0.0146167521920077
caravan/grand caravan,0.0304235606571054
cargo,0.1391116812800517
cargo commercial truck,0.1535112529799183
cargo van,0.0980450869587804
"cargo van l32,ooo",0.0989635944886662
cargo van nv2500,0.3080629520384662
cargo van tradesman,0.11946947351408133
carmy,0.0120913976322275
carolla,0.06207658221881013
carolla le,0.0353246595822053
carrera 4,0.1868459331690169
carrera 4s cabriolet,0.3919047234231686
cascada,0.1912299486847953
cascada premium,0.24641904723423164
cascada sport touring,0.2524041375409107
catera,0.023960564063194398
cavalier,0.018443015981722273
cavalier 2005,0.0252232413430845
cavalier basesedan,0.0115863267202715
cavalier convertible,0.0656289142995676
cavalier ls,0.024920198795910876
cavalier ls89514,0.0378500141419855
cavalier lssedan,0.0262333831669966
cavalier sedan,0.0120408905410319
cavalier sport,0.0029900197987797
cavalier z24,0.05148692876479854
cayenne,0.27077669991903897
"cayenne 1-owner* local trade* convenience pkg* panoramic roof* dealer serviced, new tires* 2-keys* front & rear sensors*back up cam",0.2928805204250677
cayenne 2004,0.0807709402400097
cayenne 4dr s hybrid,0.1614913733888237
cayenne awd,0.19136631783102345
cayenne awd - s - hybrid - 4dr suv - clean car fax,0.226504101175805
cayenne awd 300+hp,0.3635197381712392
cayenne awd 4dr diesel,0.282789203604186
cayenne base,0.3686714614731908
cayenne diesel,0.3121035193341145
cayenne diesel sport,0.33523576710170105
cayenne gts,0.2805377097166664
cayenne gts awd,0.1770475574770697
cayenne gts awdsuv,0.3434078144571498
cayenne hybrid 2011,0.1292678492060285
cayenne platinum edition,0.17698442361307523
cayenne s,0.14113730424894508
cayenne s 6-speed automatic,0.0903773889854135
cayenne s awd,0.0959331690169299
cayenne s awd luxury suv,0.1408844801810174
cayenne s awd v8 suv,0.1812901531375005
cayenne s e-hybrid,0.5959533718534082
cayenne s hybrid,0.2450974450146133
cayenne s sport utility,0.2382621520061416
cayenne s v8,0.21462483332659898
cayenne sport awd,0.08582164935957
cayenne sport utility 4d,0.33607334303069475
cayenne tiptronic,0.10537799507050785
cayenne turbo,0.18611762091397627
cayenne turbo 4d sport utility automatic,0.2353428421350357
cayenne turbo awd,0.292405753767829
cayenne turbo s,0.09239767263323763
cayman,0.3553751666734009
cayman gt4,0.8131338639945049
cayman gts,0.6413895510929735
cayman s,0.3178411248939351
cayman s port chrono,0.2878500141419855
caynne,0.3328114267243121
cayon,0.0605782051800072
cb650,0.0402743545193745
cbr-600rr,0.0807608388217705
cbr600rr,0.0731544708877126
cbr650,0.05956806335609519
cc,0.08023596120738485
cc 2.0 turbo,0.0757303325386884
cc 2.0t r-line,0.0902864762212614
cc 2.0t r-line sedan,0.1640167279486039
cc 2.0t sport sedan,0.1247525152531415
cc 3.6 vr6 4motion,0.1877550608105377
cc 4motion,0.0391631985130712
cc lux,0.054012283324578705
cc lux pzev,0.1211362075235363
cc luxury,0.05801917922609664
cc luxury sedan,0.0671441270354357
cc r line,0.1110347892844155
cc r-line,0.11977251606125498
cc sport,0.06790153533634549
cc sport 2.0 turbo pzev i4 fwd,0.0706291163279324
cc sport plus,0.0504767869408865
cc sport pzev,0.0807305345670532
cc sport sedan 4d,0.12768529368189957
cc sport turbo,0.0353246595822053
cc sports,0.0554769889692512
cc sportsedan 6a w,0.070174552507172
cc vr6,0.1368439128853691
cc vr6 sport,0.070679623419128
cc4500,0.3371297830215362
cc5500/diesel/17km/24 passenger,0.2726978867833043
cc7h042,0.242393632065942
cclass,0.220813635567767
celebrity,0.0151218231039637
celica,0.03033685474895215
celica convertible,0.0393652268778536
celica gt,0.033241984821727744
celica gt convertible,0.025206405646019333
celica gt four,0.1968968443169421
celica gt liftback,0.0403248616105701
celica gt-s,0.04257825491006624
celica gt-s convertible,0.1403794092690613
celica gts,0.02764758172047352
celica st,0.0605782051800072
celica supra,0.1426522283728635
celica trd,0.0221928158713483
celsior,0.08328114267243115
centra,0.0080508303365792
centra s,0.0201725322235241
centra sr,0.018657319487656
centry,0.005020404864843
century,0.02398695809149664
century custom,0.02145346975946189
century custom 4-speed automatic,0.0333043759343811
century limited,0.02501919269465428
certified,0.33842607908400335
certified edge p4427,0.2120994787668188
cf8000,0.1609189596886069
chager daytona r/t,0.0292638086387328
challanger rt,0.1969473514081376
challegner sxt,0.156491171360459
challenger,0.2540327287134129
challenger 2dr coupe sxt,0.1565416784516546
challenger 2dr cpe r/t,0.2625560628712271
challenger 2dr cpe sxt,0.1615418804800193
challenger 345 rt custom,0.2070487696472584
challenger 392 hemi scat,0.399884843832074
challenger base rallye,0.1312881328538526
challenger demon,0.9808174067639096
challenger gt,0.31638988780691474
challenger gt coupe,0.2898803992080488
challenger gt coupe 2d,0.2850009750064561
challenger hellcat,0.5893318921976646
challenger hellcat 6-speed manual,0.4948886823710048
challenger r/t,0.23854805821880246
challenger r/t 2dr coupe,0.2120489716756232
challenger r/t 392 coupe,0.4544830094145218
challenger r/t classic,0.2628979570270127
challenger r/t coupe,0.2726069740191523
challenger r/t coupe 2d,0.33397959831577845
challenger r/t plus,0.29386613023325614
challenger r/t plus 2dr,0.2817992646167522
challenger r/t plus 345 hemi,0.2725564669279566
challenger r/t plus hemi,0.1716432987191401
challenger r/t plus shaker,0.31268435088286395
challenger r/t rwd gas,0.3777526364701604
challenger r/t scat pack,0.37820263836010315
challenger r/t shaker,0.31014171758135894
challenger r/t | 6 speed,0.222150389914744
challenger rallye,0.1817447169582609
challenger rt,0.32977847589801607
challenger rt hemi,0.1767445149298961
challenger scat pack,0.34846862499494924
challenger se,0.10087495849634677
challenger srt,0.9848529233504384
challenger srt 392,0.358317507778092
challenger srt 392 coupe,0.3682863449028243
challenger srt 392 rwd gas,0.424219160370116
challenger srt hellcat,0.5981665007585247
challenger srt hellcat 6.,0.6363085377186958
challenger srt hellcat only 6505 miles moon roof hk sound bad,0.6757545759424624
challenger srt hellcat rwd,0.8119762414643017
challenger srt-,0.3310638813689442
challenger srt-8,0.3626106105297184
challenger srt8,0.29544897436933476
challenger srt8 392 coupe,0.3089720796799871
challenger srt8 6.1l hemi,0.2302315245060406
challenger srt8 core,0.2009374116125904
challenger srt8 coupe 2d,0.3493777526364701
challenger sxt,0.19104244975720613
challenger sxt automatic,0.1514808679138551
challenger sxt coupe,0.16101997387099806
challenger sxt coupe 2d,0.238347625545088
challenger sxt plus,0.18332053820356375
challenger sxt plus 2dr,0.1684613519738171
challenger sxt plus automatic,0.1312780314356135
challenger sxt plus coupe,0.23472665562244938
challenger sxt plus w/ super sport group,0.1918865408703381
challenger sxt rwd gas,0.22391140382776406
challenger t/a plus coupe,0.3534183199321185
"challenger xst, sleek,",0.2422724150470726
charger,0.18181899260023626
charger 2.7,0.0302234433714493
charger 2012,0.0585579215321831
charger 2013,0.0858317507778092
charger 3.5,0.0252232413430845
charger 392,0.4040264253101135
charger 4dr sedan rallye,0.0858317507778092
charger awd,0.1513697523132247
charger basesedan,0.05144904844640185
charger daytona,0.253683650517866
charger daytona 392 sedan,0.3837225746494808
charger daytona r/t,0.13883894298759542
charger daytona sedan 4d,0.3433169016929976
charger glhs,0.0201725322235241
charger gt,0.29418528694762075
charger gt awd gas sedan,0.3434078144571498
charger gt plus sedan 4d,0.29609277142510804
charger gt rwd gas sedan,0.2878500141419855
charger gt sedan 4d,0.305537597478686
charger hemi,0.1262273223160531
charger hemi r/t,0.1110852963756111
charger limo limousine,0.110075154551699
charger limousine,0.3433674087841933
charger plus hellcat,0.313063154066831
charger plus rt,0.313063154066831
charger police,0.14041779465836998
charger police inspector,0.0908824598973696
charger police sxt,0.1918865408703381
charger pursuit 5.7l v8,0.1413794496747343
charger r/t,0.1487967495542034
charger r/t 392,0.4910905491130955
charger r/t 4dr sedan,0.2614045011919673
charger r/t daytona,0.12101835764407982
charger r/t hemi,0.1666430966907753
charger r/t or rt,0.0646187724756555
charger r/t plus,0.13884399369671496
charger r/t road and track,0.2699553517313831
charger r/t rt awd hemi,0.1171461473190836
charger r/t rwd gas sedan,0.3345993777526365
charger r/t scat pack,0.40348645858969506
charger r/t scat pack 392,0.38378823386803507
charger r/t sedan 4d,0.37193758670383986
charger r/t srt,0.2070487696472584
charger r/t v8 rwd,0.287809608469029
charger rallye awd gas,0.1918865408703381
charger rt,0.17857623877059003
charger rt 4dr sedan,0.1413895510929734
charger rt awd,0.1716938058103357
charger rt rwd gas sedan,0.3434078144571498
charger rt-hemi,0.070679623419128
charger scat pack,0.45753027058332324
charger scat pack daytona,0.2726877853650652
charger scat pack sedan 4d,0.4081990880750426
charger scat pack wdiebody,0.5656491171360459
charger sdn sxt rwd,0.131237625762657
charger se,0.11838282280017295
charger se 4dr sedan,0.09850397995878618
charger se awd,0.2423532263929855
charger se sedan 4d,0.195190827014335
charger srt hellcat,0.6194896763505596
charger srt hellcat rwd,0.621196816032971
charger srt hellcat sedan,0.6120146268536103
charger srt hellcat supercharged 707hp,0.6353489029859792
charger srt8,0.20694775546486718
charger sxt,0.1473013353130854
charger sxt 4dr sedan,0.0706291163279324
charger sxt automatic,0.284708473069619
charger sxt awd,0.1901465715786496
charger sxt awd gas sedan,0.178744595741242
charger sxt awd! awd,0.23001737443937129
charger sxt plus,0.2101116639633347
charger sxt plus awd gas,0.2929007232615459
charger sxt plus sedan 4d,0.2625055557800315
charger sxt plussedan,0.1802800113135884
charger sxt rwd,0.15988524788880354
charger sxt rwd gas sedan,0.2171400864681401
charger sxt sedan 4d,0.24256919471493796
charger sxt v6,0.0908723584791304
charger sxt v6 awd,0.2323023152450604
"charger sxt-*leather*v6,3",0.2256050749525233
charger sxtsedan,0.2120489716756232
charger v6 awd,0.0191623903996121
chargers,0.1262374237342922
chargers 5.7l,0.0807810416582488
charher,0.1110852963756111
charity plug-in touring,0.229766859267041
chassis 3500,0.39311046543662
chassis 3500 6.7l,0.3939149056527536
"chassis 3500 6.7l cummings,9ft jumbo ut box, aisin heavy duty 6 spd auto trans!",0.2827993050224251
chassis 3500 st,0.2676572790819831
chassis 3500 utility,0.3636106509353913
chassis 5500,0.3686209543819952
chassis cab,0.26814566069423973
cherokee,0.14985322298801307
cherokee 4dr trailhawk,0.2322518081538647
cherokee 4wd 4dr latitude,0.161592387571215
cherokee 4wd 4dr limited,0.1362883348822174
cherokee 4wd 4dr trailhawk,0.1666430966907753
cherokee 4x4,0.08588225786900475
cherokee 4x4 trailhawk,0.21536897113688092
cherokee 75th anniversary,0.1612085336781284
cherokee 80th anniversary,0.2817992646167522
cherokee altitude,0.2857640712756071
cherokee altitude 4x4,0.1156309345832154
cherokee altitude sport,0.161592387571215
cherokee awd,0.0453755707301305
cherokee briarwood,0.1373489837973251
cherokee carryall,0.0353246595822053
cherokee cherokee,0.1464402602125338
cherokee chief,0.0221928158713483
cherokee classic,0.013101539456139599
cherokee classic 4dr classic,0.0403248616105701
cherokee classic 4x4,0.1514404622408986
cherokee country,0.0454260778213261
cherokee country 4x4,0.05802759707462925
cherokee fwd 4dr latitude,0.1161360054951715
cherokee high altitude,0.2119984645844276
cherokee laredo,0.060561369482942
cherokee laredo xj,0.0403753687017657
cherokee latitude,0.1516664814739989
cherokee latitude 2wd,0.135328700149501
cherokee latitude 4 x 4,0.1605822457473029
cherokee latitude 4 x4,0.1605822457473029
cherokee latitude 4wd,0.13708923304260484
cherokee latitude 4x4,0.1427715513758131
cherokee latitude 4x4 4dr,0.1413390440017778
cherokee latitude 4x4 gas,0.2524950503050628
cherokee latitude automatic,0.1231059840801648
cherokee latitude awd,0.1211362075235363
cherokee latitude fwd gas,0.22724150470726084
cherokee latitude plus,0.24891111302936017
cherokee latitude plus -,0.2120489716756232
cherokee latitude plus 4x4,0.2373025172734252
cherokee latitude plus automatic,0.2119782617479494
cherokee latitude plus fwd,0.2221907955877005
cherokee latitude sport,0.13580750737403527
cherokee limited,0.178321428220414
cherokee limited - 4wd 2.,0.2006444704836558
cherokee limited 4wd,0.15110374829959458
cherokee limited 4x4,0.1900910137783344
cherokee limited 4x4 gas,0.2289872134411307
cherokee limited 4x4suv,0.1211362075235363
cherokee limited luxury,0.2422825164653117
cherokee limited sport,0.23119115923875708
cherokee limited*,0.2559093296698856
cherokee limited**navi*lea,0.286213584387248
cherokee ltd,0.0768869449270677
cherokee overland,0.24702008161945932
cherokee pioneer,0.0201725322235241
cherokee pioneer xj 4x4,0.0454260778213261
cherokee police,0.1300355569922017
cherokee sport,0.06567448813999528
cherokee sport 2 door,0.1009333710452947
cherokee sport 4x4,0.06446249759348562
cherokee sport automatic,0.1695017980524465
cherokee sport fwd gas suv,0.1817851226312174
cherokee sport suv 4d,0.1803473541018492
cherokee sport v6,0.1464402602125338
cherokee sport xj,0.051867415518472106
cherokee traihawk,0.1161360054951715
cherokee trail hawk,0.16154188048001933
cherokee trailhawk,0.20261776057706324
cherokee trailhawk 4wd,0.18618789792372561
cherokee trailhawk 4wd v6,0.22215038991474403
cherokee trailhawk 4x4,0.2170188694492706
cherokee trailhawk 4x4 gas,0.24620972340072095
cherokee trailhawk l plus,0.2423734292294638
cherokee trailhawk sport,0.21060110172801588
cherokee xj,0.07110051584575805
cherokee xj wagoneer,0.0504666855226473
cherokree,0.109570083639743
cherooke laredo,0.0100711139844034
chevelle,0.070679623419128
chevette,0.0100711139844034
cheyenne,0.0392810483925276
cheyenne 1500,0.03734494323002945
cheyenne 2500,0.0162582326558648
cheyenne 3500 silverado,0.0242130995191724
cheyenne k 1500,0.0403753687017657
chr,0.13896319043193658
chrokee,0.141268334074104
chyenne,0.0423956523495898
ci,0.0131015394561396
cimarron,0.0040102630409309
cirrus,0.0252232413430845
cirrus lxi,0.005020404864843
city express,0.11954607593572801
city express 1ls,0.1816437027758697
city express cargo,0.1335483251848559
city express cargo lt,0.14332565625547158
city express cargo van,0.1512329946509105
city express cargo van lt,0.1060345872560507
city express lt,0.1413390440017778
city express lt cargo,0.1652895066467332
cityexpresscargo van,0.0706291163279324
civc,0.0984534728675906
civc hf,0.0474463614691502
civc lx,0.025197987797486752
cive se,0.0504262798496909
civi ex,0.0151218231039637
civic,0.08454816974670586
civic 02 2dr,0.0181522485757
civic 4d sedan,0.0353246595822053
civic 4dr,0.02067760313548015
civic cng,0.1009838781364903
civic coupe,0.07667164775019154
civic coupe dx,0.0247181704311285
civic coupe ex,0.0468392130676199
civic coupe ex-l,0.1099892924966665
civic coupe ex-t,0.135328700149501
civic coupe lx,0.08021233181138629
civic coupe lx cvt,0.1565416784516546
civic coupe lx-p,0.1918461351973817
civic coupe lx-p cvt,0.1605822457473029
civic coupe sport cvt,0.1868459331690169
civic cpe,0.07959917572427165
civic cpe 2dr at lx,0.0686593397713039
civic cpe lx,0.0565376378843589
civic cpe si,0.1234292294638167
civic cx,0.0030001212170188
civic del sol,0.03794092690613758
civic del sol si,0.07573033253868836
civic dx,0.031061861085296332
civic dx coupe,0.01815224857569995
civic dx fwd gas coupe,0.0757202311204493
civic dx hatchback,0.0252232413430845
civic dx sedan,0.0504262798496909
civic ef hatchback,0.0282536668148208
civic es,0.0756798254474928
civic ex,0.06722378758686576
civic ex 4dr,0.0706291163279324
civic ex 4dr hatchback,0.2221099842417875
civic ex 4dr sedan,0.0282536668148208
civic ex coupe,0.06458038708634686
civic ex coupe 2d,0.0504262798496909
civic ex cpe,0.07163925815184448
civic ex fwd gas sedan,0.1817851226312174
civic ex hatchback,0.13759394318962376
civic ex hatchback 4d,0.22816073376702078
civic ex l w/navi 4dr sed,0.0555274960604468
civic ex sedan,0.06797244333104362
civic ex sedan 4d,0.19401769070105834
civic ex turbo,0.1302779910299406
civic ex w/navisedan 5a,0.0706291163279324
"civic ex, gas saver, reli",0.1605822457473029
civic ex- l,0.1009333710452947
civic ex-l,0.10593304142006796
civic ex-l 1.8l,0.110075154551699
civic ex-l automatic 57k leather moon roof rear spoiler,0.1413390440017778
civic ex-l coupe,0.08805406279041574
civic ex-l coupe 2d,0.1917956281061861
civic ex-l fwd gas auto,0.2625964685441836
civic ex-l hatchback,0.1792698694896763
civic ex-l sedan,0.12318174471695825
civic ex-l sedan 4d,0.17158701938895074
civic ex-l sedan 5-speed at,0.0777506161865125
civic ex-l w/navi,0.0747201907147763
civic ex-l w/navigation,0.08884954947674648
civic ex-t,0.13610953977938495
civic ex-t coupe,0.141359246838256
civic ex-t coupe 2d,0.18507818497717074
civic ex-t coupe 2d automatic,0.1514404622408986
civic ex-t fwd,0.16988901908494616
civic ex-t hatchback 4d,0.1917956281061861
civic ex-t sedan 4d,0.1715927916279445
civic ex-t sedan cvt,0.1312780314356135
civic exl,0.08257601976013079
civic exsedan,0.1311669158349832
civic exsedan w/front,0.0272435249909087
civic gx,0.0390116772394844
civic hatchback,0.1766661524126472
civic hatchback ex cvt,0.2120792759303406
civic hatchback sport,0.2474544426037415
civic hatchback sport cvt,0.1666430966907753
civic hf,0.0494666451169744
civic hybrid,0.041119085619620944
civic hybrid 4dr sdn l4,0.0665279405228494
civic hybrid 4dr sedan,0.0353246595822053
civic hybrid cvt at-pzev,0.0555274960604468
civic hybrid cvt at-pzev w/ leather and nav,0.0777506161865125
civic hybrid fwd sedan,0.0555173946422077
civic hybrid mx,0.0706695220008889
civic hybrid pzev sedan,0.018657319487656
civic hybrid sdn l4 cvt,0.1110347892844155
civic hybrid sedan,0.018657319487656
civic hybrid sedan 4d,0.0906804315325871
civic i4 ex fwd,0.0605276980888116
civic le se,0.0393652268778536
civic ls,0.0221928158713483
civic lx,0.07168618582744665
civic lx 2.0,0.1287627782940724
civic lx 2d coupe,0.0302234433714493
civic lx 2dr coupe,0.0161218635096367
civic lx 2dr coupe 5a,0.09539274314113699
civic lx 4d sedan automatic,0.1018424986868156
civic lx 4dr sedan,0.1605822457473029
civic lx 4dr sedan 5a,0.08046183684189254
civic lx 4dr sedan 5m,0.0706291163279324
civic lx 5spd,0.0494666451169744
civic lx couoe,0.0555274960604468
civic lx coupe,0.06155571165268524
civic lx coupe 2d,0.1640489094580383
civic lx coupe 2dr,0.0554769889692512
civic lx coupe 5-speed at,0.0656289142995676
civic lx coupe cvt,0.1009333710452947
civic lx economy coupe,0.0302739504626449
civic lx fwd,0.1666430966907753
civic lx fwd gas sedan,0.0908723584791304
civic lx hatchback,0.1992302719301789
civic lx hatchback 4d,0.1615822861529758
civic lx se,0.03961776233383162
civic lx sedan,0.07130772960523653
civic lx sedan 4d,0.1639565130009188
civic lx sedan 4d automatic,0.1615014748070629
civic lx sedan 4d# 2012,0.0858317507778092
civic lx sedan 5-speed,0.0797708998343367
civic lx sedan cvt,0.11927375853569835
civic lx ssedan 5m,0.0398702977898096
civic lx*fuel economy!,0.104388056083074
civic lx-p,0.1853307204331488
civic lx-p coupe,0.1161057012404541
civic lx-s,0.060568103761768105
civic lxs,0.0899733322558487
civic lxsedan (1.8l i4,0.0494666451169744
civic lxsedan 5a,0.0959230675986908
civic mlx-s,0.0706291163279324
civic natural gas sedan 4d,0.0766394601802093
civic ngv w/navi,0.1009333710452947
civic s,0.0302234433714493
civic sdn,0.07590692909755115
civic sdn 4dr auto ex-l,0.1201765727908198
civic sdn 4dr auto lx,0.0857610408501353
civic sdn auto lx,0.0474160572144329
civic sdn dx manual,0.0251222271606933
civic sdn ex,0.03481958867024925
civic sdn lx,0.11130584400716524
civic sdn lx mt manual,0.0403753687017657
civic se,0.09994848276698044
civic se sedan 4d,0.1288031839670289
civic sedan,0.12419396624462542
civic sedan 2.0 l4 lx cvt automatic,0.2064527859711503
civic sedan 4dr cvt lx,0.15649117136045895
civic sedan automatic lx,0.0777506161865125
civic sedan ex,0.17538713685401425
civic sedan ex-l,0.1642793648228211
civic sedan ex-t,0.1716432987191401
civic sedan hf | gas,0.0706695220008889
civic sedan lx,0.12587208910797734
civic sedan si | *one,0.2322518081538647
civic sedan sport,0.2054123398925209
civic sedan sport cvt,0.2070487696472584
civic sedan touring,0.2038336325277211
civic sedan vp,0.0242130995191724
civic si,0.11503379899099234
"civic si - 3 months / 3,000 miles limited warranty",0.2098468624994949
civic si 2dr coupe,0.1008828639540991
civic si 6spd,0.0999737363125782
civic si coupe,0.11288839953129415
civic si coupe 2d,0.21873694308439143
civic si fg2,0.1060345872560507
civic si hatchback,0.0151218231039637
civic si sedan,0.16163503800378018
civic si sedan 4d,0.22937684982221498
civic sport,0.17936553586241152
civic sport coupe 2d,0.2180593155279001
civic sport coupe cvt,0.1413390440017778
civic sport hatch,0.1918461351973817
civic sport hatch back,0.1474403006182068
civic sport hatchback,0.13653189129976065
civic sport hatchback 4d,0.2443230029496141
civic sport sedan 4d,0.230181017414845
civic sport sensing,0.1615620833164976
civic sport touring,0.2694555840640026
"civic sport, loaded, reli",0.1646228130429512
civic touring,0.21377968133392589
civic touring coupe 2d,0.2207530270583323
civic touring cvt,0.1816942098670653
civic touring i4 turbo fwd,0.1716432987191401
civic touring sedan 4d,0.24527542238358832
civic type r,0.398127197058467
civic type r touring,0.3645572683765625
civic type-r,0.3623833286193381
civic value packagesedan,0.0393652268778536
civic vp,0.04210018586609553
civic vx,0.0252232413430845
civic wagon,0.0075457594246232
civicdx,0.0024950503050628
civichonda si,0.136338841973413
civiv lx sedan,0.0504161784314517
civix ex,0.1615418804800193
cj,0.1161360054951715
cj 4wd,0.2120893773485797
cj 7,0.1464402602125338
cj-5,0.12106044688674286
cj-7,0.20513623446065157
cj5,0.04744030061820674
cj7,0.1389645140660507
cj7 4x4,0.0605782051800072
cj7 laredo,0.19189664228857725
cj8 scrambler,0.23053456705321423
ck 2500,0.05300214150066665
cl,0.031173894996675663
cl 2.3,0.0453048608024566
cl 3.0,0.0214352095034142
cl 3.2,0.0151117216857246
cl 3.2 type s,0.0403248616105701
cl 500,0.1161360054951715
cl 55 amg,0.1060345872560507
cl 550,0.1262374237342922
cl 600,0.1245168154942287
cl 600 v12 coupe,0.1868459331690169
cl type s,0.02257464948078704
cl type-s,0.0181522485757
cl-class,0.1712796476625318
cl-class cl 500 c,0.1411572184734736
cl-class cl 55,0.09334468059315526
cl-class cl 550,0.2721580220974136
cl500,0.10224655541638045
cl55 amg,0.1060345872560507
cl550 4 matic,0.3686714614731908
cl550 4matic awd,0.240383449836357
cl550 5.5l v8,0.2423734292294638
cl600,0.1030041617843145
cl63 amg v8,0.2314537961129742
cla,0.2273675198997939
cla 250,0.19050234947104214
cla 250 4matic,0.3435694371489757
cla 250 amg equipment,0.2120994787668188
cla 250 awd,0.2019475534365024
cla 250 coupe 4d,0.279861628936339
cla 45 amg,0.1085346882702331
cla cla 250,0.222150389914744
cla cla 250 automatic,0.2423027193017899
cla-250,0.1683199321184694
cla-class,0.2244209390369194
cla-class cla 250,0.20865722624379535
cla-class cla 45,0.29982138315748935
cla-class cla250,0.1907652834457957
cla-class cla250 4matic,0.1766232979110267
cla-class only,0.21108933694290669
cla250,0.3029112287365146
cla250 4matic,0.2220796799870701
cla250 4matic awd,0.2334841811790375
cla250 amg package,0.1403794092690613
cla250 coupe,0.110075154551699
cla45,0.2206856842700715
cla45 amg,0.21204897167562323
clarity,0.2423965181854389
clarity plug-in hybrid,0.20552408683179113
clarity plug-in hybrid sedan,0.1807850822255444
clarity plug-in hybrid sedan 4d automatic,0.1867550204048648
classic,0.02692589150627854
classic lwb,0.0403753687017657
classic pickup,0.135328700149501
clk,0.08748625675465885
clk 320,0.04113044971513995
clk 350,0.08707927593034055
clk 430,0.0797708998343367
clk 430 amg,0.1413895510929734
clk 450,0.0454260778213261
clk 500,0.0898723180734575
clk 550 amg,0.1413895510929734
clk cabriolet,0.1302779910299406
clk-320,0.0353246595822053
clk-class,0.0894648942044796
clk-class 350 con.,0.0282536668148208
clk320,0.052742871765862544
clk320 convertible,0.0577876883914501
clk320 coupe,0.0555274960604468
clk350,0.06964893043397082
clk350 3.5l,0.09694129055719422
clk350 cabriolet,0.1262374237342922
clk350 convertible,0.0706695220008889
clk430,0.05792658289223805
clk430 conv,0.0656188128813285
clk55,0.0969332094226029
clk55 5.5l amg,0.1817851226312174
clk550,0.10194957372015026
clk550 5.5l,0.1918865408703381
cls,0.24247324493850458
cls 400 4matic,0.3424077740514768
cls 500,0.1161360054951715
cls 55 amg,0.20452341508747823
cls 550,0.2551786604172559
cls cls 55,0.1615418804800193
cls cls 550,0.13749377079208586
cls cls 550 amg,0.1009333710452947
cls cls 63 amg,0.3027647581720473
cls-550,0.110075154551699
cls-class,0.2481674072201027
cls-class 2012,0.2019879591094589
cls-class 4dr sdn,0.1951088932886177
cls-class cls 400,0.33552437905139026
cls-class cls 550,0.2658726951930717
cls-class cls 63,0.3561120314625506
cls-class cls550 coupe,0.2523839347044325
cls-class sdn 5.,0.0908723584791304
cls500,0.10348397915067276
cls550,0.1231991416039256
cls550 4matic,0.1918663380338599
cls550 executive s,0.1206816437027758
cls63 amg,0.2918400743464382
club wagon,0.051060424439146754
club wagon chateau,0.0504767869408865
clubman,0.13559093296698854
clubman cooper,0.13582872035233745
clubman cooper all4,0.1675522243322962
clubman cooper hatchback,0.090831952806174
clubman cooper hatchback 4d,0.19684633722574646
clubman cooper s all4,0.2220998828235484
clubman cooper s hatchback,0.22266475413148
clubman s,0.04161279243605795
clubwagon,0.0151218231039637
clubwagon van,0.0302739504626449
clunker,0.0023334276132368
cmax,0.04625102697752093
cmax energi,0.08834195321023067
cmax hybrid,0.08165361178614236
cng ngv natural gas,0.1161360054951715
coachmen,0.0858317507778092
coaster bb46,0.1918461351973817
cobalt,0.027688887907459065
cobalt 1-lt,0.0353145581639662
cobalt 1lt,0.0252232413430845
cobalt 2dr cpe lt,0.0150208089215725
cobalt 2lt,0.0454260778213261
cobalt 2lt sport appea,0.0585074144409875
cobalt l,0.0433552870823063
cobalt ls,0.02184580244478084
cobalt ls automatic,0.0302739504626449
cobalt ls sedan,0.0246929168855307
cobalt lt,0.03155076972806977
cobalt lt 2.2,0.0019899793931067
cobalt lt coupe,0.0402743545193745
cobalt lt special edition,0.0353145581639662
cobalt lt1,0.02822841326922295
cobalt lt2 sedan,0.0231524506040648
cobalt sedan,0.0604569881611378
cobalt sport,0.04287546971594808
cobalt ss,0.04368719082444884
cobalt ss supercharged,0.0454260778213261
cobalt.,0.0125964685441836
coblat,0.0332740716796638
cobolt ss,0.0705786092367368
coe7000,0.0252232413430845
colbalt,0.01903612267162301
colorad,0.151389955149703
colorado,0.19860989294927078
colorado 1lt,0.0251727342518889
colorado 1lt 4x4,0.0706291163279324
colorado 1lt crew cab,0.1413794496747343
colorado 2004,0.0353246595822053
colorado 2wd,0.19189664228857725
colorado 4wd,0.0807709402400097
colorado 4wd crew cab lt w/1lt,0.1918461351973817
"colorado 4wd ext cab 128.3"" lt",0.305537597478686
colorado 4wd work,0.3332659905450725
colorado 4wd z71,0.35846145298799953
colorado 4wd z71 automatic,0.353468827023314
colorado 4wd zr2,0.4190034614193166
colorado 4x4,0.1196715018788638
colorado cew cab,0.2615964281385106
colorado crew 4x4,0.1504808275081821
colorado crew cab,0.1583616583670786
colorado crew cab 4wd,0.27760717604751706
colorado crew cab 4x4,0.18543173461554
colorado crew cab lt,0.28077069705771873
colorado crew cab work,0.29212990734668376
colorado crew cab z71,0.31942313068101696
colorado crew cab zr2,0.38776314194512906
colorado deisel durmax,0.4444219968483575
colorado ext cab,0.2019475534365024
colorado ext cab lt,0.1413794496747343
colorado extended cab,0.27133068366918883
colorado ls,0.058514148719813565
colorado ls extended cab 3.5l automatic newer tires,0.0756798254474928
colorado ls z71,0.0555274960604468
colorado ls z71 4x4,0.0999737363125782
colorado lt,0.17634949631138733
colorado lt 4x4,0.08424077740514765
colorado lt 4x4 gas,0.30215939460757435
colorado lt crew,0.2861260387625089
colorado lt crew cab,0.13748463141367903
colorado lt crew cab 4wd,0.0554769889692512
colorado lt w/1lt,0.131237625762657
colorado n work truck,0.0757303325386884
colorado regular cab,0.1202169784637763
colorado rst 4x4 gas,0.3698903659407114
colorado work truck,0.11727043868263447
colorado work truck automatic,0.242393632065942
colorado wt,0.191876439452099
colorado z71,0.2626500060608509
colorado z71 4x4,0.22644349266637032
colorado z71 4x4 gas,0.3888641965331932
colorado z71 crew cab,0.35911103029976515
colorado z71 diesel,0.3322962543941169
colorado z85,0.0696189745040203
colorado zr2,0.4146136299354611
colorado zr2 bison,0.4545335165057174
colorado zr2 diesel,0.4393561356014384
colorado zr2**lifted*,0.3872277667784556
comanche,0.08568717422926174
comanche mj,0.120025051517233
comaro,0.3232150793971473
comercial cutaway,0.1413390440017778
commander,0.05433758055881041
commander 4wd,0.05551486928764795
commander 4x4,0.03575757750673906
commander base,0.0655076972806982
commander limited,0.051402189089570366
commander limited 4dr suv,0.0907309386237827
commander limited 4x4,0.055685330720433135
commander limited awd,0.0585579215321831
commander limited hemi,0.0706695220008889
commander overland,0.0201725322235241
commander overland 4wd,0.0429007232615459
commander rocky mountain,0.0605681037617681
commander sport,0.07569666114455799
commander sport 4wd,0.05549382466631644
commander sport 4x4,0.07170996807951835
commercial,0.0706493191644106
commercial chassis,0.2423734292294638
commercial e450,0.1413794496747343
commercial f650,0.3939149056527536
commercial t5500,0.1918865408703381
commercial van g3 ms,0.0555274960604468
compas,0.0242130995191724
compass,0.13830012201002737
compass 4wd 4dr sport,0.09583215483453875
compass 4x4,0.07394078654958944
compass 4x4 latitude,0.0696189745040203
compass 4x4 limited,0.0338094468463372
compass all new limited,0.2119984645844276
compass altitude fwd w/ low miles automatic,0.2525051517233019
compass escape mariner,0.0343145177582932
compass fwd 4dr latitude,0.1064588468220938
compass high altitude,0.14131771878549518
compass latitude,0.14566847927384485
compass latitude (4d),0.0984585235767101
compass latitude 4wd,0.1211665117782536
compass latitude 4x4,0.1462559093296698
compass latitude 4x4 *ltd avail*,0.1122671623095882
compass latitude 4x4 4dr su,0.09083195280617395
compass latitude 4x4 gas,0.22497373631257822
compass latitude fwd gas,0.1302173825205058
compass latitude sport,0.18158309426643496
compass latitude suv 4x4,0.0398702977898096
compass limited,0.14099343119202504
compass limited 4wd,0.1312679300173744
compass limited 4x4,0.06512384338761154
compass limited automatic,0.2118974504020364
compass limited sport,0.2289688472261505
compass ltd,0.0555274960604468
compass sport,0.10621734522296157
compass sport 4dr suv,0.1211766131964928
compass sport 4wd,0.05779526445512945
compass sport 4x4,0.089831912400501
compass sport 4x4 suv,0.0555274960604468
compass sport bad credit,0.0907612428785001
compass sport suv 4d,0.09332195240211721
compass suv,0.0494666451169744
compass trailblazer,0.2054426441472382
compass trailhawk,0.24273000929330474
compass trailhawk 4wd,0.2171501878863792
compass trailhawk 4x4,0.20494262394440177
compass trailhawk 4x4 gas,0.2625964685441836
compass trailhawk automatic,0.272586771182674
compass trailhawk sport,0.25038385389308654
concord,0.0146167521920077
concord lxi,0.0080508303365792
concorde,0.01738117365011375
concorde limited,0.0302739504626449
concorde lx,0.01759667057254834
concorde lxi,0.029642611822699876
connect xlt,0.0989635944886662
conquest,0.0807810416582488
continental,0.12757269425712112
continental awd gas auto,0.2120489716756232
continental livery awd,0.19088650046466524
continental livery fwd,0.3429128449634329
continental premiere,0.29314652443869776
continental reserve,0.382324382958752
continental sedan 4d,0.37152998561699807
continental select,0.3084333373739006
continental select sedan,0.2903055005589451
continental v6 awd,0.1665925895995797
contour,0.014734602071464134
contour cse,0.0100711139844034
contour se sport,0.0120408905410319
contour svt,0.0100711139844034
conversation van,0.0201725322235241
conversion van,0.3385490322841327
conversion van by explorer,0.1201765727908198
convert,0.0472241302678896
convertible,0.1467332013414683
convertible cooper 2d,0.19448933963661827
convertible cooper s,0.237120691745121
convertible cooper s 2d,0.317223144671568
convertible crossfire,0.0484059962018667
convertible sebring,0.0161319649278758
coooper,0.0705786092367368
coooper s,0.0504666855226473
coooper s camden,0.110075154551699
cooper,0.062072662658087155
"cooper ""s"" paceman awd",0.12113620752353631
cooper 2dr coupe base,0.0333043759343811
cooper 6 spd convertible,0.0802759707462927
cooper base,0.08469281587134832
cooper base 2dr hatchback,0.0483176087922744
cooper base hardtop,0.05751747545355365
cooper clubman,0.10222923869939907
cooper clubman base 3dr,0.0504262798496909
cooper clubman base 3dr wa,0.0528960766091559
cooper clubman jcw,0.0908824598973696
cooper clubman s,0.11231350999327361
cooper clubman s 3dr,0.0454260778213261
cooper clubman s edition,0.1413390440017778
cooper convertible,0.08060393012512286
cooper convertible s,0.07803201283745949
cooper countryman,0.12375335671731483
cooper countryman all4,0.19396743302759706
cooper countryman base,0.090831952806174
cooper countryman s,0.10754354673300892
cooper countryman s all4,0.10941631760654748
cooper countryman s all4 i4 turbo awd,0.0706291163279324
cooper countryman s all4awd,0.0666390561234797
cooper countryman s awd,0.10704136194054974
cooper coupe,0.0906501272778698
cooper fwd gas hatchback,0.1413794496747343
cooper hachback,0.0706291163279324
cooper hard-top coupe,0.0954280981049739
cooper hardtop,0.07930393508549409
cooper hardtop 2 door,0.14480357792234025
cooper hardtop 2 door s,0.1612893450240413
cooper hardtop 2dr,0.0675986908561962
cooper hardtop 2dr cpe,0.05241221867550202
cooper hardtop 4 door,0.21300647979397355
cooper hardtop base 2dr,0.0530021415006666
cooper hardtop s,0.10479323519244317
cooper hardtop s 2dr,0.1454301183886217
cooper hardtop s baywaters,0.0999737363125782
cooper hardtop s w/jcw,0.161592387571215
cooper hatchback,0.0555274960604468
cooper iconic,0.240888520748313
cooper john cooper,0.0454260778213261
cooper john cooper work,0.2424037334841811
cooper john cooper works,0.1817952240494565
cooper mt convertible,0.0802759707462927
cooper paceman,0.1513697523132247
cooper paceman s,0.0917713847024122
cooper roadster,0.1242171400864681
cooper s,0.06426793731531533
cooper s 2 door cooper s,0.2067457271000848
cooper s 2dr hatchback,0.0705887106549759
cooper s 2dr supercharged,0.0504262798496909
cooper s 4-door,0.2119782617479494
cooper s 74k manual navi pano htd leather harmon sound,0.1110347892844155
cooper s base,0.2080589114711705
cooper s club man,0.0858317507778092
cooper s clubman,0.08355287082306352
cooper s convertible,0.10879014782096456
cooper s countryman,0.12393808840761238
cooper s countryman all 4,0.258788233868035
cooper s countryman all4,0.12792868975947075
cooper s countryman base,0.20542244131075998
cooper s coupe,0.136338841973413
cooper s e countryman,0.24570689724837366
cooper s hardtop,0.1260656996242272
cooper s hardtop 2 door,0.14655281887291258
cooper s hardtop 4 door,0.1708604388056083
cooper s hatchback,0.0999737363125782
cooper s jcw,0.2110893369429067
cooper s john cooper works,0.0431532587175239
cooper s paceman,0.10851953614287445
cooper s paceman all4,0.15123843387611616
cooper s turbo,0.0434057941735019
cooper s turbo charged,0.0999737363125782
cooper sport,0.0403753687017657
cooper turbo,0.1301567740110711
"cooper, s series",0.0363348014061174
coopers s countryman,0.1009838781364903
copper,0.0898723180734575
cordoba,0.0782556870984686
corento,0.1817649197947391
corolla,0.08704187062550081
corolla - le,0.0502242514849084
corolla .,0.0398702977898096
corolla 2,0.0484059962018667
corolla 2006,0.0549214109660996
corolla 4dr sdn auto le (natl),0.0739827871833205
corolla 4dr sdn auto s (natl),0.09532708392258268
corolla 4dr sdn cvt le,0.1210857004323407
corolla 4dr sdn cvt le (natl),0.1210553961776233
corolla 4dr sdn cvt le eco (natl),0.136338841973413
corolla 4dr sdn cvt s (natl),0.1289648066588549
corolla 4dr sdn cvt s premium (natl),0.1656329548668633
corolla 50th anniversary,0.1816942098670653
corolla apex se,0.2322013010626692
corolla c.e.,0.057446765525879795
corolla camry,0.0292638086387328
corolla ce,0.04282057648262233
corolla ce sedan,0.0908824598973696
corolla cesedan 4a,0.0797708998343367
corolla dx,0.02304335528708224
corolla eco,0.1575518202755667
corolla hatchback,0.19707614449068644
corolla hatchback se,0.2019879591094589
corolla hatchback se 4d,0.20879968214203934
corolla hatchback xse,0.188775304052689
corolla hatchback xse 4d,0.23043355287082304
corolla hybrid,0.188866216816841
corolla hybrid le,0.1918360337791425
corolla hybrid le sedan,0.21805931552790006
corolla im,0.15090508707422517
corolla im automatic,0.1917754252697078
corolla im base,0.1672289789486443
corolla im cvt,0.1009333710452947
corolla im fuel economy!,0.1649965655177986
corolla im hatchback 4d,0.17046143278516296
corolla l,0.11293722305278323
corolla l cvt,0.1211766131964928
corolla l sedan 4d,0.1724009050870742
corolla le,0.08560495318200205
corolla le 1.8l,0.12522728191038018
corolla le 1.8l automatic sedan only 47k low miles 2 owner,0.1716432987191401
corolla le 4-speed automatic,0.0368398723180734
corolla le 45k,0.1262374237342922
corolla le 4d sedan,0.0807305345670532
corolla le 4dr sedan,0.08105494549896339
corolla le 4dr sedan (1.8,0.0392440098589842
corolla le 4dr sedan 4a,0.07079578972887786
corolla le automatic,0.09855280348027523
corolla le cvt (natl),0.1734730328865445
corolla le eco,0.1103916656565248
corolla le eco cvt (natl),0.2120085660026667
corolla le eco plus sedan,0.151389955149703
corolla le eco sedan 4d,0.16797754720552235
corolla le fwd gas sedan,0.141359246838256
corolla le plus,0.10042324942421912
corolla le plus sedan,0.0787506565921855
corolla le plus sedan 4d,0.151389955149703
corolla le premium sedan,0.16149137338882374
corolla le sedan,0.1040951149541395
corolla le sedan 4d,0.18294056947133833
corolla le special editi,0.0676491979473918
corolla le sport,0.0554264818780556
corolla le sports package,0.0797708998343367
corolla le*fuel economy!,0.0942866378439532
corolla lesedan 4a,0.0595680633560952
corolla lsedan 4a,0.09817843879826181
corolla matrix,0.054903733484181136
corolla matrix s,0.0322942341104691
corolla matrix xr,0.034462671892466996
corolla matrix xr vibe,0.0403753687017657
corolla s,0.06459836064431718
corolla s 4dr sedan,0.0403248616105701
corolla s fwd gas sedan,0.1201361671178633
corolla s plus,0.1091985759245042
corolla s plus sedan 4d,0.14179360782253822
corolla s premium cvt,0.0893672471615014
corolla s premium sedan,0.1412885369105822
corolla s sedan,0.08806668956321467
corolla s sedan 4d,0.14202305432254114
corolla s special edition,0.1715927916279445
corolla s sport / 4-cyl 1.8 l / rear spoiler / clean title / fresh local trade,0.0706291163279324
corolla s.,0.0941351165703664
corolla se,0.1290004983366331
corolla se 4d sedan,0.1160854984039759
corolla se automatic,0.2422825164653117
corolla se cvt (natl),0.1367631015394561
corolla se fwd gas auto,0.2019879591094589
corolla se sedan 4d,0.17489848074669678
corolla sedan,0.0625883874095923
corolla sedan cvt s,0.1065396581680068
corolla sesedan cvt,0.227170794779587
corolla special edition,0.0858317507778092
corolla sport,0.08279627459695335
corolla sports,0.0474463614691502
corolla ve,0.0201725322235241
corolla wagon,0.0196422077659703
corolla wagon le,0.0119903834498363
corolla xle,0.1405275634032351
corolla xle sedan 4d,0.2281607337670208
corolla xrs,0.05438715817923055
corolla xrs 4dr sedan 5a,0.084064002585963
corolla xse sedan 4d,0.2382621520061416
corolla “s”,0.0802759707462927
corolla..le,0.046426118226999
corolla.le,0.0580427492019879
corolla/s/ *90 day warran,0.0494666451169744
corrado,0.05552749606044685
corrado g60,0.0393652268778536
corrola le,0.047926178835508454
corrolla,0.031536627742535024
corsair,0.32024526243484586
corsair reserve,0.42799709079154713
corsair reserve sport,0.3976599744983942
corsair sport utility 4d,0.3535344281877405
corsica,0.008555901248535249
corvette,0.3040296199610965
corvette -- c7,0.3403874904036527
corvette 1986,0.1908763990464261
corvette 2dr,0.1615418804800193
corvette 2dr convertible,0.241393591660269
corvette 3lt,0.30081265909733723
corvette 50th anniversary edition,0.2322518081538647
corvette automatic - 5l - v8 - overhead valves (ohv) 16v - low low miles - clean car fax,0.1008626611176209
corvette base,0.2777586973211038
corvette base 2dr cou,0.2524142389591498
corvette c4,0.14593518930057775
corvette c5,0.1590670330114348
corvette c6,0.21125769391355875
corvette c8,0.9495030102226352
corvette convertible,0.21980661043488187
corvette coupe,0.15000679997910726
corvette coupe 2d,0.345465642682591
corvette coupe 6.0l v,0.3837730817406763
corvette coupe c5,0.1565315770334154
corvette coupe cars,0.16714816760273135
corvette coupe lt1,0.0888621762495454
corvette coupe lt1🌟,0.239878378924401
corvette frc,0.1716837043920966
corvette grand sport,0.3787285644946391
corvette ls2,0.1816942098670653
corvette lt1,0.2651319245222029
corvette lt2,0.3383672067558285
corvette roadster,0.1977453634490282
corvette sc 700+hp,0.6968665400622248
corvette stingray,0.48686354040928537
corvette stingray 2dr,0.444381591175401
corvette stingray 3lt,0.4737262111600469
corvette stingray spor,0.999505030506283
corvette stingray z51,0.48567286792271114
corvette v8 targa,0.17839104610287282
corvette z06,0.4802255117570888
corvette z06 2dr coup,0.3938744999797972
corvette z06 2lz,0.8383874095923068
corvette z06 3lz,0.8282607378075882
corvette z06 converible,0.7727281910380218
corvette z06 procharged f1r 924 hp build 5k miles c7 pkg,0.7979312295446281
corvette z06 w/3lt,0.5959028647622127
corvette z07,0.187856074992929
corvette z51,0.43615146066507743
corvette z51 2lt,0.1161360054951715
corvette zo6,0.1696735221625116
corvette zr-1,0.2323023152450604
corvette zr1,0.6621086822812146
corvette zr1 3zr,0.7878803183967029
cougar,0.03663077296052361
cougar cls,0.070679623419128
cougar ls,0.0757303325386884
cougar xr-7,0.0373449432300295
cougar xr7,0.0341276415208695
couger,0.0252232413430845
country squire,0.032630948051773065
country squire ltd,0.0555274960604468
countryman,0.13467162694404194
countryman cooper all4,0.2625055557800315
countryman cooper hatchback,0.19684633722574643
countryman cooper s,0.22990178535352074
countryman cooper s all4,0.2009970580821928
countryman cooper se all4,0.2949501109955837
countryman john cooper,0.3103189354452031
countryman plug-in hybrid,0.2894292025267014
countryman s,0.0898723180734575
countryman s all 4,0.1514808679138551
countryman s all4,0.09928010559349197
countryman s all4 6-speed automatic,0.0797708998343367
county,0.2424037334841811
coupe,0.0226978867833043
coupe cooper s 2d,0.14359743250809553
coupe de ville,0.07497272617075434
coupe deville,0.07269788678330436
coupe deville⁰,0.0120913976322275
coupe john cooper works 2d,0.177653642571417
coupe s,0.1161360054951715
covette,0.2550052527374843
cr v,0.22883752878904196
cr-v,0.12416611717817091
cr-v *ex-l* awd,0.1666329952725362
cr-v - ex,0.0322942341104691
cr-v /ex,0.0474463614691502
cr-v 1.5t l4 ex automatic,0.2726170754373914
cr-v 2wd 5dr ex-l,0.1009333710452947
cr-v 2wdlx,0.1186512586367126
cr-v 2wdse,0.1211362075235363
cr-v 4,0.0752252616267323
cr-v 4wd,0.07168976524304006
cr-v 4wd 5dr ex-l,0.0807305345670532
cr-v 4x4 lx,0.1060345872560507
cr-v 5dr awd ex,0.1706836639864236
cr-v 5dr ex-l,0.1109842821932199
cr-v awd,0.08510613223429898
cr-v awd 5dr ex-l,0.1665723867631015
cr-v awd ex-l,0.1181562891429956
cr-v awd manual 5speed,0.0565376378843589
cr-v awd special,0.0807305345670532
cr-v bad credit,0.0807507374035314
cr-v crv,0.0898723180734575
cr-v crv special edition,0.0353246595822053
cr-v ex,0.10563875099098391
cr-v ex 2wd,0.1109640793567416
cr-v ex 4dr suv,0.09207442724958584
cr-v ex 4wd,0.0595034142793648
cr-v ex 4wd 4-spd at,0.0459311487332821
cr-v ex 4x4,0.11778927094697424
cr-v ex 4x4 / moon roof / new tires / excellent shape / 1-owner,0.0807305345670532
cr-v ex at,0.0332538688431855
cr-v ex automatic,0.1019940199604024
cr-v ex awd,0.11150896174058127
cr-v ex awd 2001,0.0252232413430845
cr-v ex awd 4dr suv,0.06713739275660967
cr-v ex fwd,0.0802759707462927
cr-v ex l 4dr,0.0908723584791304
cr-v ex l 4dr suv,0.10400016162269174
cr-v ex l awdsuv,0.070174552507172
cr-v ex l w/navi 4dr suv,0.07450373175250943
cr-v ex se,0.08582164935957
cr-v ex sport utility 4d,0.17564346034183195
cr-v ex- black,0.1302779910299406
cr-v ex-l,0.12345933565150974
cr-v ex-l **1 owner**,0.1302779910299406
cr-v ex-l 2wd 5-speed at,0.110075154551699
cr-v ex-l 4d sport utility automatic,0.103802173825205
cr-v ex-l 4wd,0.09052554311958731
cr-v ex-l 4wd 5-speed at,0.1413390440017778
cr-v ex-l 4wd nav,0.0756798254474928
cr-v ex-l 4x4,0.116050143440139
cr-v ex-l awd,0.14121850041079095
cr-v ex-l black,0.1201765727908198
cr-v ex-l crv exl,0.0595680633560952
cr-v ex-l fwd,0.08982181098226186
cr-v ex-l leather roof,0.1160854984039759
cr-v ex-l navi,0.1610772152410198
cr-v ex-l one owner car!!!,0.1009333710452947
cr-v ex-l sport utility,0.11690202971163817
cr-v ex-l sport utility 4,0.0989635944886662
cr-v ex-l sport utility 4d,0.1990502830233728
cr-v ex-l w/navi awd,0.131237625762657
cr-v ex-l w/navigation,0.2569956912859656
"cr-v ex-l, 4wd",0.0888116691583498
cr-v exl,0.1347226150551537
cr-v exl 4wd,0.0908723584791304
cr-v exl suv,0.0655076972806982
cr-v exsuv,0.0928926421269546
cr-v hybrid ex sport,0.3089720796799871
cr-v hybrid ex-l sport,0.3392763343973494
cr-v lx,0.10334115632056959
cr-v lx 4dr suv,0.083811467129985
cr-v lx 4wd,0.05028317642463664
cr-v lx 4wd 5-speed at,0.090831952806174
cr-v lx 4wd at,0.0756293183562972
cr-v lx automatic,0.1403693078508222
cr-v lx awd,0.16924522202917286
cr-v lx awdsuv,0.1463897531213382
cr-v lx sport utility 4d,0.18662496464503614
cr-v se,0.1005899228251646
cr-v se 4dr suv,0.0641238029819386
cr-v se 4wd,0.0706291163279324
cr-v se awd,0.0809157272347704
cr-v se sport utility 4d,0.16437749288571538
cr-v special edition,0.08297102913249016
cr-v touring,0.27849946799197267
cr-v touring awd,0.2585188627149918
cr-v touring sport utility,0.2571793534357678
cr-v touring sport utility 4d automatic,0.2827184936765122
cr-v w/ sunroof,0.2373530243646207
"cr-v, ex model",0.0403753687017657
cr-v- ex,0.0322942341104691
cr-v. awd 2007 (ex),0.0737100488908642
cr-v/ lx awd,0.0484059962018667
cr-z,0.08283625937748323
cr-z coupe 2d,0.090831952806174
cr-z ex,0.10788567214836962
cr-z ex coupe 2d,0.12445283984538096
cr-z hybrid,0.07418986625722246
crand caravan,0.0949230271930179
cressida,0.06428205853435152
crew 4x4 ltz,0.2423532263929855
crew cab,0.2827588993494687
crew cab 4500,0.4944341185502445
crew cab 4x4,0.1715927916279445
crew cab dually 3500,0.1262374237342922
crew outdoorsman pickup,0.2514950098993899
criwn victoria,0.0252232413430845
cross country,0.0151218231039637
crossfire,0.08100532738525298
crossfire convertible,0.12724756555820432
crossfire coupe,0.061172168572467545
crossfire limited,0.08645551335407486
crossfire ltd,0.0484565032930623
crossfire roadster,0.1309514189125486
crossstrek premium,0.0333043759343811
crosstour,0.10734019556345707
crosstour awd exl,0.1009333710452947
crosstour ex-l,0.1148354478968847
crosstour ex-l automatic,0.131237625762657
crosstour ex-l sport,0.15720443003856274
crosstour ex-l v6 clean,0.1009333710452947
crosstour exl,0.1261667138066184
crosstour hatchback suv,0.1640672350397995
crosstrek,0.1997118603244103
"crosstrek ""limited""",0.1413693482564952
crosstrek 2.0 limited awd,0.1156309345832154
crosstrek 2.0i,0.18010323649440374
crosstrek 2.0i base,0.23452967796678648
crosstrek 2.0i limited,0.2227802430520068
crosstrek 2.0i limited automatic,0.2633338720756394
crosstrek 2.0i limited aw,0.2120489716756232
crosstrek 2.0i limited cvt,0.1918461351973817
crosstrek 2.0i premium,0.19891308739747057
crosstrek 2.0i premium aw,0.2206856842700715
crosstrek 2.0i sport,0.20492747181704304
crosstrek 2.5i premium,0.0888621762495454
crosstrek 5dr 2.0i cvt,0.2372621116004687
crosstrek awd,0.16997656470968522
crosstrek awd gas auto,0.2402521313992484
crosstrek hybrid,0.136338841973413
crosstrek hybrid sport,0.3130126469756353
crosstrek limited,0.1917795576680784
crosstrek limited automatic,0.2786476221261465
crosstrek limited awd,0.1565416784516546
crosstrek limited awd gas,0.2777485959028647
crosstrek limited sport,0.2625055557800315
crosstrek premium,0.18229356068258648
crosstrek premium awd gas,0.24660423990194888
crosstrek premium cvt awd,0.2625964685441836
crosstrek premium sport,0.1514909693320942
crosstrek sport,0.2272010990343044
crosstrek xv,0.0908723584791304
crow victoria,0.0484565032930623
crown,0.0959331690169299
crown vic,0.030105593491992887
crown vic interceptor,0.0150713160127681
crown vic p71,0.0277485959028647
crown vic police,0.03582973049416135
crown victoria,0.04213094499834232
crown victoria interceptor,0.060113539941007675
crown victoria ltd,0.0252232413430845
crown victoria lx,0.027650107075033282
crown victoria lx special,0.0252232413430845
crown victoria lx sport,0.051986948967635005
crown victoria p71,0.02454812989076995
crown victoria police,0.03313277809204408
crown victoria police inter,0.03223488827831424
crown victoria police p71,0.044668471453392
crown victoria police pkg,0.0630530526485918
crown victoria policetv,0.0403753687017657
crown wagon,0.11108529637561108
cruise,0.053928104839252734
cruize,0.0858317507778092
cruse,0.1504808275081821
crusie,0.0554769889692512
cruz,0.0807810416582488
cruz ls,0.0691644106832599
cruz lt,0.1413390440017778
cruz lt rs edition,0.031789163198513
cruz ltz,0.0757303325386884
cruze,0.08180966709087525
cruze 1 lt,0.0828013253060729
cruze 1 lt sedan,0.0804881005293143
cruze 1lt,0.06714949341387527
cruze 1lt auto,0.08061605182700983
cruze 1lt manual,0.058027597074629206
cruze 1lt sedan,0.0858115479413309
cruze 1lt turbo,0.0807810416582488
cruze 2ls,0.0332538688431855
cruze 2lt,0.06633159420582647
cruze 2lt auto,0.07705698546742623
cruze 2lt auto 4dr,0.0706695220008889
cruze 2lt rs,0.0706695220008889
cruze 4dr sdn 1.4l ls w/1sb,0.1338134874136328
cruze 4dr sdn 1.4l lt,0.1404097135237787
cruze 4dr sdn 1.4l lt w/1sd,0.14638975312133815
cruze 4dr sdn 1.4l premier w/1sf,0.1817447169582609
cruze 4dr sdn auto 1lt,0.090831952806174
cruze 4dr sdn lt,0.1666430966907753
cruze 4dr sdn ltz,0.1211362075235363
cruze diesel,0.1009737767182512
cruze eco,0.05946623013979267
cruze eco 4dr sedan,0.0503858741767344
cruze eco diesel,0.161592387571215
cruze eco manual,0.07772031193179521
cruze eco w/1xf,0.0504666855226473
cruze hatchback lt,0.0903773889854135
cruze l,0.0858317507778092
cruze l manual,0.0605276980888116
cruze limited,0.0943100875648655
cruze limited 1lt,0.14656287053047073
cruze limited 1lt auto,0.10194351286920682
"cruze limited 1lt auto w/ limited, ecotec",0.111075194957372
cruze limited 4dr sdn auto lt w/1lt,0.0896746188879204
cruze limited eco,0.0723968645197785
cruze limited ls,0.0984383207402319
cruze limited ls auto,0.1009333710452947
cruze limited lt,0.10090811749969693
cruze limited ltz,0.14371961156679727
cruze ls,0.07451673206068571
cruze ls auto,0.08004363812679297
cruze ls auto 4dr sed,0.0459311487332821
cruze ls automatic,0.0907814457149783
cruze ls manual,0.05547193826013165
cruze ls sedan 4d,0.12417168370439208
cruze lt,0.0869741875092596
cruze lt 1.4l,0.06436623701967756
cruze lt auto,0.10344862418683577
cruze lt automatic,0.1447162848330572
cruze lt diesel,0.1714164598534195
cruze lt diesel sedan,0.16081794550621567
cruze lt ecotec turbo,0.0453755707301305
cruze lt fleet,0.0749133803385995
cruze lt fwd gas auto,0.1514808679138551
cruze lt fwd gas sedan,0.128067043112853
cruze lt hatch back,0.1160854984039759
cruze lt hatchback,0.14619580589114706
cruze lt hatchback 4d,0.1546224089862216
cruze lt rs,0.0895238191442078
cruze lt sedan,0.0625934381187118
cruze lt sedan 4d,0.09320400348914866
cruze lt turbo,0.03851049148838951
cruze lt w/1lt,0.06661279243605797
cruze lt w/1lt full p,0.0554769889692512
cruze lt*fuel economy,0.0740838013657117
cruze ltz,0.07598103137316838
cruze ltz auto,0.09449876762697479
cruze ltz rs,0.059525974113432134
cruze ltz sedan 4d,0.1311669158349832
cruze ltz turbo,0.0706291163279324
cruze ltzsedan w/1lz,0.0757303325386884
cruze only 89k miles,0.0797708998343367
cruze premier,0.1208717340278211
cruze premier rs,0.16398389833932683
cruze premier sedan 4d,0.16825258933020856
cruze rs,0.08142197664552099
cruze turbo,0.0151218231039637
cruze w/ 1lt,0.0403248616105701
"cruze, 2lt",0.0807709402400097
"cruze, lt",0.1332983150834377
crv,0.07145791573484739
crv 4wd,0.0429007232615459
crv 4x4,0.041048796584373735
crv all wheel drive lx,0.1474301991999676
crv awd,0.06513141945129092
crv cr-v,0.0403652672835266
crv cr-v 4wd,0.0706291163279324
crv crv lx,0.1262374237342922
crv ex,0.07356683015281643
crv ex 4wd,0.08934704432502319
crv ex awd,0.08847132906690865
crv ex awd gas suv auto,0.3030021415006667
crv ex fwd gas suv auto,0.1890177380904278
crv ex l awd,0.0807305345670532
crv ex-l,0.1127341586451045
crv ex-l awd,0.13178881184483512
crv ex-l awd gas suv auto,0.3232049779789082
crv exl,0.09927875873772674
crv exl 4wd,0.11337831831589153
crv exl all whee drive,0.1161360054951715
crv exl awd,0.11073174673724188
crv exl awd gas suv auto,0.2474443411855024
crv exl cr-v ex-l,0.1201765727908198
crv exl fwd gas suv auto,0.2221907955877005
crv exl suv,0.1262374237342922
crv exl-navi,0.1706836639864236
crv lx,0.08871931333444927
crv lx 4wd,0.1199745444260374
crv lx awd,0.09350167346828824
crv lx awd gas suv auto,0.2625964685441836
crv lx local trade,0.07318477514242994
crv se,0.07971029132490196
crv se awd,0.0806800274758576
crv touring,0.26468241141056204
crv touring awd,0.2499797971635217
crv touring suv,0.2642126954624429
crv-ex,0.08559941815830935
crv-ex awd,0.0807305345670532
crv-exl,0.1413895510929734
crv-l,0.0736595417996686
crvlx,0.0959331690169299
crx,0.0376816571713335
crx dx,0.0201725322235241
crx hf,0.02004626449553515
crx si,0.013187401511172075
crz,0.06416869817411247
ct,0.11894046663281956
ct 200,0.1916037011596428
ct 200 h,0.0555274960604468
ct 200h,0.12067659299365625
ct 200h 4dr hatchback,0.1362883348822174
ct 200h f-sport,0.1109539779385025
ct 200h hatchback 4d,0.17389656669086653
ct 200h hybrid,0.14167744151278835
ct 200h premium,0.12874257545759415
ct 200h premium hatchback,0.16014451762360757
ct 200h premium hybrid gps heated leather moon 2 owners,0.1261869166430966
ct hybrid,0.1513697523132247
ct200h,0.11226499771996555
ct200h f sport,0.14138955109297338
ct200h hybrid,0.1206816437027758
ct4,0.3163360135763061
ct4 luxury sedan 4d,0.3130126469756353
ct4 premium luxury,0.360994383611459
ct4 sport sedan 4d,0.3534183199321184
ct5,0.4581700270718009
ct5 luxury,0.3633884197341306
ct5 luxury sedan 4d,0.3529591645576129
ct5 premium luxury,0.3438303904534863
ct5 premium luxury awd,0.464624833326599
ct5 sport sedan 4d,0.4200876803103155
ct6,0.31013496719181793
ct6 2.0 turbo luxury,0.3332154834538769
ct6 2.0 turbo sedan 4d,0.3332154834538769
ct6 3.6 luxury sedan 4d,0.3290195097237806
ct6 3.6 sedan 4d,0.29584023596913
ct6 3.6 v6 awd,0.33076083882177054
ct6 luxury,0.3737019677562729
ct6 luxury awd,0.3383672067558285
ct6 luxury edition awd,0.3434179158753889
ct6 platinum,0.3434078144571498
ct6 platinum 3.0tt,0.3433169016929976
ct6 plug-in sedan 4d,0.3837225746494808
ct6 premium luxury awd,0.3433674087841933
ct6 sedan,0.313063154066831
ct6-v,0.8585397389793528
cts,0.10498934666369183
cts 2.0 luxury,0.22523132247767585
cts 2.0 luxury sedan 4d,0.2819313600860329
cts 2.0 standard sedan,0.20021347663878672
cts 2.0 turbo luxury,0.3227100084851913
cts 2.0l turbo,0.2826881894217948
cts 2.0l turbo luxury,0.2812706237289048
cts 2.0t luxury collec,0.1716837043920966
cts 3.0 luxury,0.1816942098670653
cts 3.0l,0.08376096003878941
cts 3.0l luxury,0.09083195280617395
cts 3.0l luxurysedan,0.1009737767182512
cts 3.6 coupe 2d,0.1413794496747343
cts 3.6 l,0.04492100690937
cts 3.6 luxury sedan 4d,0.3171756557044851
cts 3.6 performance,0.1917956281061861
cts 3.6 premium,0.17880809037017364
cts 3.6 premium luxury,0.3130126469756353
cts 3.6 sedan 4d,0.0890541031960887
cts 3.6 si,0.0605276980888116
cts 3.6l,0.1807850822255444
cts 3.6l awd,0.0605681037617681
cts 3.6l di,0.0807709402400097
cts 3.6l luxury,0.2718241141056204
cts 3.6l performance,0.11560063032849804
cts 3.6l twin turbo,0.3525091922905976
cts 3.6l twin turbo v-,0.3631156814416744
cts 3.6l v6 premium,0.1110852963756111
cts 3.6l v6sedan,0.0807305345670532
cts 4,0.06932199280779018
cts 4 sport wagon,0.0898723180734575
cts 4dr sdn 2.0l turbo,0.2625055557800315
cts awd,0.06408844801810172
cts awd v6,0.0908622570608913
cts base 5-speed automatic,0.0555274960604468
cts basesedan,0.0600731342680512
cts basesedan (3.6l,0.0393652268778536
cts coupe,0.14814676855630526
cts coupe awd 2011,0.1413895510929734
cts cts-v coupe 2d,0.4032825936034147
cts cts-v sedan 4d,0.4705947715059194
cts hi feature v6,0.045415976403087
cts luxury,0.13814699583821563
cts luxury awd,0.11512586367125939
cts luxury collection,0.16718701921134338
cts luxury rwd gas auto,0.2524950503050628
cts performance,0.1918158309426643
cts rwd,0.090831952806174
cts sedan,0.11075599014101575
cts sedan 4d,0.28910199580256357
cts sedan 4dr sdn 3.0l awd,0.1185957008363974
cts sedan 4dr sdn 3.0l luxury awd,0.11994424017132
cts sedan luxury heate,0.1211362075235363
cts sedan performance,0.2120893773485797
cts sedan sedan 3.0l,0.0979534526647541
cts sport awd gas sedan,0.4949290880439613
cts sportwagon,0.1509858984201381
cts srx,0.0393652268778536
cts v,0.383823588831872
cts wagon,0.1663653076891995
cts wagon awd,0.0999737363125782
cts-4,0.0857812436866136
cts-4 premium,0.110075154551699
cts-v,0.32950560469216195
cts-v base,0.5351125297991838
cts-v coupe,0.32475049496949365
cts-v rwd,0.2216958260939835
cts-v sedan,0.4544830094145218
cts-v super charge,0.2726978867833043
cts-v!!!,0.2979615337993454
cts4,0.0855912107559901
cts4 awd,0.10475928320336172
ctsv,0.3072178000457931
cube,0.04976849926200223
cube 1.8,0.0605276980888116
cube 1.8 s,0.0486140854175926
cube 1.8 sl,0.04388561153986015
cube s,0.040664521798860515
cube sl,0.04236198095545946
cucv k30,0.0499717160289304
cummin 1500 limited,0.3939149056527536
cummin 2500,0.621196816032971
cummin 2500 bighorn,0.5959432704351691
cummin 2500 laramie,0.6906723503979959
cummin 2500 tradesman,0.5642551214190472
cummin 3500,0.5706897248373671
cummin 3500 bighorn,0.6428475224588199
cummin 3500 laramie,0.777768798739343
cummins,0.18009313507616465
cummins 1500 bighorn,0.33835710533758934
cummins 1500 laramie,0.35010707503333466
cummins 1500 slt 4x4,0.4444219968483575
cummins 2500,0.48770224482374464
cummins 2500 4x4 auto,0.5642551214190472
cummins 2500 bighorn,0.5888722776677846
cummins 2500 laramie,0.5465296577639501
cummins 2500 slt 4x4,0.3434078144571498
cummins 3500,0.646450361630773
cummins 3500 bighorn,0.6159104071544979
cummins 3500 laramie,0.38768597833358026
cummins 3500 limited,0.4444320982665966
cummins diesel,0.16659258959957976
custom,0.1850815521165838
custom f150 4x4,0.0171421067517879
custom shortbed,0.136338841973413
custom van,0.0100711139844034
cv,0.047832235645884645
cv tradesman,0.0403753687017657
cvr,0.0605276980888116
cw5500,0.2929007232615459
cx -3 sport,0.1918461351973817
cx -9,0.09435229706250756
cx 30,0.2110893369429067
cx 5,0.2537476261667138
cx 60,0.0348195886702493
cx 9,0.0645177582932643
cx-3,0.16285419901525597
cx-3 awd,0.1969473514081376
cx-3 grand touring,0.18442736503062168
cx-3 grand touring awd,0.1110852963756111
cx-3 grand touring sport,0.21220049294921
cx-3 sport,0.15341360593694017
cx-3 sport awd,0.1816234999393914
cx-3 sport suv 4d,0.177653642571417
cx-3 sport utility 4d,0.19920333481487462
cx-3 touring,0.17664855145662445
cx-3 touring awd,0.1595721039233908
cx-3 touring sport utility,0.1997579224829048
cx-30 preferred sport,0.2527408514822147
cx-30 premium sport,0.2887692432017455
cx-30 select package,0.2019879591094589
cx-5,0.17584179217312831
cx-5 -sport low miles,0.250252535455978
cx-5 awd,0.2220796799870701
cx-5 awd touring pkg,0.131237625762657
cx-5 fwd 4dr auto touring,0.117095640227888
cx-5 grand touring,0.1955225054138141
cx-5 grand touring 4dr suv,0.0090609721604913
cx-5 grand touring awd,0.13911673198917124
cx-5 grand touring reserve,0.3392763343973494
cx-5 grand touring sport,0.22115691543092644
cx-5 grand touring sport utility 4d automatic,0.2423734292294638
cx-5 signature diesel,0.2988706614408662
cx-5 sport,0.13714611364768942
cx-5 sport awd,0.17549395935189296
cx-5 sport suv 4d,0.206157125229613
cx-5 sport utility,0.1837447977696068
cx-5 touring,0.13786765277229535
cx-5 touring 29k miles,0.250252535455978
cx-5 touring 2wd,0.09076124287850011
cx-5 touring 4dr suv,0.0090609721604913
cx-5 touring awd,0.22164531900278794
cx-5 touring sport utility,0.19575201691650837
cx-7,0.04704988080326474
cx-7 grand touring,0.05045153339528865
cx-7 i sport,0.0656188128813285
cx-7 isport,0.0656289142995676
cx-7 sport,0.06470766495615983
cx-7 sport 4dr suv,0.0402844559376136
cx-7 sport 6-speed automatic,0.0666390561234797
cx-7 sport suv,0.0282536668148208
cx-7 sv,0.0594165420825083
cx-7 touring,0.0503757727584952
cx-9,0.10870704057794985
cx-9 awd,0.0656289142995676
cx-9 grand touring,0.20687199482807384
cx-9 grand touring 4x4,0.0656289142995676
cx-9 grand touring awd,0.0756798254474928
cx-9 grand touring sport,0.19687159077134425
cx-9 gt,0.0802759707462927
cx-9 signature,0.2826881894217948
cx-9 sport awd,0.0958826619257343
cx-9 sport wd,0.0958826619257343
cx-9 touring,0.13069846256414397
cx-9 touring automatic,0.1514808679138551
cx-9 touring awd,0.09862519697765562
cx-9 touring awd 6-speed automatic,0.0858317507778092
cx-9 touring awd navi,0.0504262798496909
cx-9 touring sport utility,0.2622810798191621
cx5,0.13086387328780955
cx5 grand touring,0.1504808275081821
cx5 grand touring awd gas,0.2322922138268212
cx5 gt awd,0.2221907955877005
cx5 sport,0.1105802254636551
cx7,0.0530728514283405
cx7 sport,0.050136705860169405
cx7..,0.0199705038587417
cx9,0.08011378686456465
cx9 awd,0.0503757727584952
cx9 grand touring,0.06814669279566847
cx9 grand touring awd gas,0.3468877530405269
cx9 touring,0.11479251686936842
cx9 touring 3.7l v6 awd,0.0959331690169299
cxl,0.0297688795506889
cxl lucerne,0.0705281021455412
d 150,0.1110852963756111
d-100,0.1302779910299406
d. 150,0.0353246595822053
d100,0.04692866378439528
d150,0.053077902137460053
d21 hardbody,0.0181522485757
d21 pickup,0.0249580791143076
d250,0.0651238433876116
d250 & w250,0.1858357913451048
d250 le,0.08835710533758935
d30,0.0494666451169744
d350,0.07446765525879828
d50 turbo diesel,0.0802759707462927
dakota,0.05562514310342501
dakota 2dr club cab 131,0.0352236453998141
dakota 38km/bighorn/lonestar,0.1918865408703381
dakota 4wd,0.0322942341104691
dakota 4x4,0.040988188074939015
dakota 4x4 club cab,0.1009737767182512
dakota 4x4 quad cab,0.0393652268778536
dakota big horn,0.0976983918542163
dakota big horn sxt crew cab 2wd 5-sp,0.0893672471615014
dakota bighorn 4x4,0.1812901531375005
dakota club,0.0100711139844034
dakota club cab,0.05502242514849079
dakota crew cab,0.08050325265667295
dakota crew cab 4x4,0.06814820800840435
dakota crew cab sport,0.017964650808402
dakota crew cab st,0.1009333710452947
dakota laramie,0.0555274960604468
dakota laramie crew-cab,0.09037738898541352
dakota laramie quad cab,0.0949230271930179
dakota nascar truck,0.136338841973413
dakota quad cab,0.05692755262838898
dakota quad cab 4x4,0.039870297789809675
dakota quad cab slt,0.0403753687017657
dakota quad cab slt 4x4,0.0302234433714493
dakota quad cab sport 3.7,0.1009737767182512
dakota r/t,0.0504767869408865
dakota r/t short bed,0.0504767869408865
dakota regular cab long be,0.0302234433714493
dakota slt,0.05442499841263425
dakota slt 2dr slt,0.0555173946422077
dakota slt 4x2,0.0797708998343367
dakota slt 4x4,0.07000787910622647
dakota slt 4x4 crew,0.1009737767182512
dakota slt cc 4wd,0.1262374237342922
dakota slt crew cab,0.0597953452664754
dakota slt quad cab,0.03487836055818595
dakota sport,0.04315272706393237
dakota sport 4x4,0.0555274960604468
dakota sport crew cab 4x4,0.1009333710452947
dakota sport quad cab,0.04037536870176567
dakota st,0.05295163440947107
dakota sxt,0.055777506161865054
dakota sxt ext cab 4x4,0.0433956927552628
dakota trx,0.0732049779789082
dakota trx4,0.0625984888278314
dakota v8 quad cab,0.0605175966705725
dakpta,0.0757303325386884
dart,0.07927935178873302
dart 2016,0.0908824598973696
dart 4dr sdn gt,0.0840791547133217
dart 4dr sdn sxt,0.046426118226999
dart aero,0.06841323249056891
dart aero sedan 4d,0.1311871186714614
dart gt,0.09617257262919711
dart gt / 2.4l / i4 pzev / navigation / backup cam heated leather / new tires / 1-owner / fully loaded!!!,0.0807305345670532
dart gts,0.0656289142995676
dart limited,0.07283162956079031
dart limited/gt,0.0776675600809909
dart ltd,0.0865893571457432
dart only 82k miles,0.0797708998343367
dart ralley,0.0807305345670532
dart rally,0.0504262798496909
dart rallye,0.066623903996121
dart se,0.07788880358802372
dart se sedan 4d,0.1210857004323407
dart swinger,0.0858317507778092
dart sxt,0.06409122874559449
dart sxt sedan,0.08350698152306295
dart sxt sedan 4d,0.13300537395450315
dart sxt sport blacktop,0.1160854984039759
dart sxt sport rallye,0.1372479696149339
dart sxt/rallye,0.0807810416582488
dav supercrew,0.0201725322235241
davidson,0.15322561925992279
davidson 4x4,0.1716432987191401
davidson 883 iron,0.0535072124126227
davidson dyna fat bob,0.0989635944886662
davidson electra glide ul,0.07543991676431365
davidson fat boy,0.1110852963756111
davidson flhtc / electra,0.0454260778213261
davidson flhx / street gl,0.1918461351973817
davidson flstc103 / herit,0.1413794496747343
davidson flstc103/heritag,0.141268334074104
davidson fltru / road gli,0.1817447169582609
davidson fxsb breakout,0.1362883348822174
davidson heritage,0.1413390440017778
davidson heritage classi,0.0705584064002586
davidson heritage softail,0.1276920279607256
davidson road glide,0.2201806133581154
davidson road king,0.089165218796719
davidson rwd,0.14305628510242832
davidson softail,0.0600731342680512
davidson softail deluxe,0.110075154551699
davidson sportster,0.0656289142995676
davidson sportster 1200 c,0.0706291163279324
davidson street glide,0.1413895510929734
davidson tri glide ultra,0.2423532263929855
davidson v-rod muscle,0.08986221665521839
davidson xl 1200 forty-eight,0.090831952806174
davidson xl1200x/forty-ei,0.1090650127277869
davison 4x4,0.1918865408703381
daytona,0.0040102630409309
daytona 1500,0.0590629924441391
daytona turbo z,0.0004747666572386
de,0.0191623903996121
de ville,0.0161319649278758
dealer* luxury pkg* rear dvd* preffered pkg*mark levinson*2-keys*like new,0.5151117216857247
decota,0.0403753687017657
defender,0.3461452987999515
defender 110,0.47738797527172816
defender 130,0.4393813891470362
defender 90,0.3278066331422022
defender x,0.8989959190270315
dege,0.0423956523495898
deisel cummin,0.4949290880439613
deisel cummin 1500 4x4,0.35350923269627055
deisel cummin 2500,0.4949290880439613
deisel cummin 2500 4x4,0.6254444624025214
deisel cummin 3500,0.4949290880439613
deisel cummin 3500 4x4,0.723894568130699
deisel cummins,0.5454361792395653
deisel cummins 1500,0.4036425714170269
deisel cummins 2500,0.40745459412501517
deisel cummins 3500,0.36740575376782897
del sol,0.038355085053941515
del sol s,0.0120913976322275
del sol si,0.0171421067517879
delica,0.10590831952806169
delica 4wd,0.136338841973413
delica exceed l300,0.1514909693320942
delica l300,0.161592387571215
delica l400,0.12941215518087304
delica reimo,0.3535193341145096
delica space gear,0.0454260778213261
delica spacegear,0.1565416784516546
delivery,0.0605276980888116
delivery truck,0.1110852963756111
denali,0.16944891415695937
denali 2500hd diesel sierra,0.3434179158753889
denali xl,0.0221928158713483
denali.,0.6565618812881329
deville,0.03120346887400661
deville base 4dr sedan,0.0353246595822053
deville basesedan,0.031284092286557
deville concours,0.03753687017657274
deville coupe 2d,0.0807305345670532
deville dhs,0.03024364620792755
deville dts,0.034914289466241
deville professional,0.0423956523495898
deville sedan,0.02267263323770655
devville,0.0100711139844034
df250,0.1908865004646652
dhs,0.02014222796880675
diamante,0.03561558042749196
diamante sdn ls 3.,0.0301729362802537
diamante vrx,0.0151218231039637
diesel,0.20654369873530243
diesel chasis,0.7878803183967028
diesel cummin,0.5201826336417632
diesel cummin 1500 4x4,0.3661360054951715
diesel cummin 2500,0.5757404339569276
diesel cummin 2500 4x4,0.5869807871025092
diesel cummin 3500,0.646450361630773
diesel cummin 3500 4x4,0.6522226006245563
diesel cummins,0.6141258232655865
diesel cummins 1500,0.3486726736433795
diesel cummins 2500,0.4357226554608267
diesel cummins 3500,0.4391178339620701
diesels cummin 1500,0.3131035597397875
diesels cummin 2500,0.6354263471924791
diesels cummin 3500,0.683253195415303
diesels cummins,0.5959432704351691
diesels cummins 2500,0.5991189037940927
diesels cummins 3500,0.5664824841407734
dilverado 1500 4x4 z71,0.0903773889854135
diplomat,0.0511081255808315
discover 2,0.0191623903996121
discovery,0.3175621333425689
discovery 2,0.08229625439411689
discovery hse,0.30631540668309826
discovery hse luxury,0.49426744514929893
discovery hse sport,0.3796820073538324
discovery i,0.0908824598973696
discovery ii,0.06728187364778737
discovery ii se,0.15906703301143477
discovery ll,0.0221827144531092
discovery se,0.05552244535132725
discovery se sport,0.3677046114417321
discovery se**navi*c,0.392278475898016
discovery se7,0.033304375934381104
discovery series ii,0.0151218231039637
discovery sport,0.28506628033055176
discovery sport 4x4,0.3282657885167077
discovery sport hse,0.30699922133474317
discovery sport se,0.288763703714324
dj5,0.0100711139844034
dokota,0.06512384338761157
dts,0.061837918820661884
dts limo,0.1514808679138551
dts luxiii,0.070174552507172
dts luxury,0.056045554510138894
dts luxury 2,0.05954280981049735
dts luxury i,0.0504262798496909
dts luxury ii,0.054652039813056406
dts performance,0.075654571901895
dts platinum,0.1110347892844155
dts premium,0.1262374237342922
dts sedan 4d,0.1675522243322962
dts v8,0.0798719140167279
dts w/1sd,0.0807709402400097
dts-l,0.1412885369105822
dtx,0.0696694815952159
dually,0.1085599418158309
dually 350,0.0504767869408865
dump bed,0.0226978867833043
dump truck,0.12859442132342044
duramax,0.20975450667559437
duramax 3500,0.1918966422885773
duramax diesel,0.136338841973413
durange,0.0453755707301305
durango,0.16838273518522123
durango 4 x 4,0.0277485959028647
durango 4x4,0.0131015394561396
durango awd,0.13247504949694933
durango awd 4.7,0.0201725322235241
durango awd 4dr crew,0.1246969574528263
durango citadel,0.18790506687138872
durango citadel 5.7 hemi,0.3750151521273587
durango citadel awd,0.1409602408178108
durango citadel awd gas,0.3248818134066022
durango citadel awd v8 hemi heated leather moon roof 3 row,0.1615418804800193
durango citadel awd! awd,0.1520364459170067
durango citadel hemi,0.37501515212735875
durango citadel sport,0.3513980362842942
durango crew,0.1134815772578914
durango crew awd,0.11821597934168135
durango crew awd gas suv,0.18755736162500067
"durango crew*v6,3.6l!",0.1144894743221948
durango gt,0.3015374358559942
durango gt 4d sport utility automatic,0.3095781647743343
durango gt automatic,0.323023152450604
durango gt awd,0.30568575161285977
durango gt awd gas suv,0.35983369807056387
durango gt awd navigation heated leather moon roof 3 row,0.2726574811103479
durango gt blacktop,0.2323023152450604
durango gt plus,0.35349408056891185
durango gt plus sport,0.3231140652147561
durango gt sport utility,0.31291163279324413
durango hemi,0.03310234756959874
durango limited,0.1436042105160049
durango limited 4wd,0.0494666451169744
durango limited awd,0.1943525495979635
durango limited awd gas,0.2144463749377079
durango r/t,0.21332083206300342
durango r/t 4dr suv,0.3534284213503575
durango r/t automatic,0.3458624590892561
durango r/t awd,0.2252245881988498
durango r/t awd gas suv,0.3919723252221535
durango r/t sport utility,0.3097238131303402
durango rt,0.3938744999797972
durango rt awd gas suv,0.424219160370116
durango slt,0.03641469444128132
durango slt (hemi),0.0454260778213261
durango slt 2wd,0.0348195886702493
durango slt 4 x 4,0.0277485959028647
durango slt 4dr slt,0.0301527334437755
durango slt 4x4,0.02399664055690556
durango slt awd,0.0075457594246232
durango slt plus,0.049188856115398555
durango slt slt 4dr suv,0.0554769889692512
durango special service,0.2211907551820275
durango sport,0.0402743545193745
durango sport 4x4,0.0348195886702493
durango srt,0.4892722938300538
durango srt 392,0.7019930098185785
durango srt awd,0.6565113741969373
durango srt awd 4dr suv,0.555537597478686
durango st,0.0226978867833043
durango subn,0.1403794092690613
durango sxt,0.12792772771963848
durango sxt 3.6l 3/s,0.1312780314356135
durango sxt awd,0.15901652592023915
durango sxt awd gas suv,0.26432814024231854
durango sxt plus sport,0.2584649884843832
durango sxt rwd,0.18078508222554443
durango sxt sport,0.08568022950422234
durango sxt sport utility,0.26773757240644785
durango v8,0.01512182310396375
durangon r/t,0.2827588993494687
dyna,0.0503858741767344
dynasty,0.0353246595822053
e,0.1951459318221611
e 150,0.08159757296591104
e 150xlt 8 pass,0.0555274960604468
e 250,0.10388803588023754
e 250 bluetec 4matic,0.1716432987191401
e 250 super duty,0.0656289142995676
e 300,0.2885672148369631
e 300 sedan,0.0252232413430845
e 320 4matic,0.039314719786658
e 320 bluetec,0.0959230675986908
e 350,0.14939586036398023
e 350 4matic,0.21626631379045613
e 350 luxury,0.21291432650477451
e 350 luxury 4matic v6,0.0958826619257343
e 350 panoramic roof,0.1665925895995797
e 350 sport sedan,0.19441694613923788
e 350 super duty,0.070679623419128
e 3500 10 ft.box comme,0.1729362802537476
e 400,0.3518160425914274
e 400 4matic,0.2538351717914528
e 450,0.1767445149298961
e 450 7.3l diesel,0.090831952806174
e 55 amg v8 rwd,0.1211362075235363
e 550,0.2307762795610789
e 63,0.3736716635015556
e class,0.17025435371126102
e class 4matic,0.0898723180734575
e-150,0.11082509132430338
e-150 cargo,0.065578407208372
e-150 cargo van,0.06583094266435004
e-150 chateau van,0.0201725322235241
e-150 conversion van,0.136338841973413
e-150 econoline van,0.0605276980888116
e-150 ecovan,0.0252232413430845
e-150 extended,0.0009798375691947
e-150 passenger/cargo,0.1160854984039759
e-150 reefer cargo van,0.1688798393008664
e-150 transit,0.2100791951189947
e-150 van,0.0828013253060729
e-250,0.11868425660296035
e-250 cargo van,0.06543698735302435
e-250 commercial cargo,0.1685522647379692
e-250 extended van,0.1161360054951715
e-250 super duty,0.06739666249141375
e-250 super duty cargo,0.1060345872560507
e-250 wheelchair conversion,0.0696694815952159
e-250 wheelchair van,0.0555274960604468
e-250 xlt econoline van,0.1413895510929734
e-300,0.3837730817406763
e-320 sedan,0.0373449432300295
e-350,0.14340140616889102
e-350 1 ton dually,0.4040264253101135
"e-350 12 foot stepvan 17,000 miles",0.2423532263929855
"e-350 4-matic stunning interior,",0.075700028283971
e-350 4x4 quadravan,0.136338841973413
e-350 ambulance,0.23735302436462075
e-350 box truck,0.0858317507778092
e-350 church camp bus,0.0585579215321831
e-350 club wagon,0.0252232413430845
e-350 econoline,0.11274866324565293
e-350 ext,0.1514606650773768
e-350 extended cargo van,0.131237625762657
e-350 high top,0.1615620833164976
e-350 knapheide kuv,0.0696694815952159
e-350 passenger van,0.0792658289223807
e-350 passenger van/only 34km,0.1615822861529758
e-350 sd extended bucket boom van,0.2928603175885894
e-350 stand up box van,0.0454260778213261
e-350 super duty,0.09381187118671457
e-350 turbo diesel,0.0681542688593478
e-350 xl,0.241393591660269
e-350 xl super duty,0.1211362075235363
e-350 xlt,0.0858317507778092
e-350 xlt 12 pass van,0.1767445149298961
e-350 xlt econoline van,0.1211766131964928
e-350sd,0.15737841259579513
e-350sd commercial,0.09578899422933519
e-450,0.1814145769558109
e-450 cutaway e-450 sd drw,0.2615964281385106
e-450 delivery box,0.19184613519738167
e-450 galvan universal,0.2525051517233019
e-450 super duty,0.13381348741363286
e-450 turtle top,0.1615620833164976
e-450sd,0.4595084649884844
e-55,0.1302779910299406
e-550,0.1514909693320942
e-class,0.19989010548761857
e-class 113k,0.0605479009252899
e-class 2dr,0.131237625762657
e-class 4dr sdn e,0.1237019677562729
e-class 500 4ma,0.0171421067517879
e-class amg e 53 c,0.7929310275162633
e-class amg e53,0.6969574528263769
e-class e 300,0.3557494164488386
e-class e 320,0.05046668552264735
e-class e 350,0.26867823536542174
e-class e 350 sport,0.1594508869045214
e-class e 400,0.40269808881166913
e-class e 450,0.5958523576710171
e-class e 550,0.2517742194129055
e-class e 550 2dr,0.1311972200897005
e-class e 63 amg,0.33730655784072083
e-class e300,0.3862984363004565
e-class e320,0.0352741524910097
e-class e350,0.136503831804652
e-class e350 4m,0.1817851226312174
e-class e350 4mat,0.1851994019960402
e-class e350 4matic luxury sedan,0.1716938058103357
e-class e350 4matic sport sedan,0.1908561962099478
e-class e350 luxury sedan,0.2120792759303406
e-class e350 sport,0.14305460153272181
e-class e400,0.5405066871388744
e-class wagon,0.0807305345670532
e-golf,0.14031642395533506
e-golf 4dr hb se,0.1110347892844155
e-golf se,0.1382631621479655
e-golf se hatchback,0.17615017567071065
e-golf sel premium,0.17168063004741513
e-pace,0.3572619095721039
e-pace first edition,0.3929148652470807
e-pace p250 s sport,0.3362990742847664
e-pace p250 se sport,0.3860679614130467
e-pace p250 sport utility,0.37968200735383245
e-pace p300 r-dynamic s,0.35926271191332404
e-pace p300 r-dynamic se,0.48252153374263573
e-series,0.23533274071679658
e-series cargo,0.13532125699921949
e-series cargo -,0.1239140975392945
e-series cargo e 250,0.0807305345670532
e-series cargo e 250 3dr,0.1009333710452947
e-series cargo e-150,0.10232461183004635
e-series cargo e-250,0.09754715117558058
e-series cargo e-350,0.1539506646733201
e-series cargo e-350 sd,0.11917865899951297
e-series cargo e-350 sd 132k ** diesel ** power stroke 6.0l diesel turbo cargo van,0.1110347892844155
e-series cargo e350 super d,0.0802759707462927
e-series cargo van,0.11247727180896194
e-series chassis,0.26375887989488533
e-series chassis 14 feet box,0.1715927916279445
e-series chassis e 350 sd,0.13700409251744655
e-series chassis e-350,0.16966342074427243
e-series chassis e-350 sd,0.13127803143561356
e-series chassis e-450,0.11810174148450443
e-series chassis e-450 sd,0.11825586026563842
e-series chassis gulfstream conquest,0.626207119479575
e-series cutaway,0.36702985150397166
e-series e-250,0.1362883348822174
e-series e-350 sd bus,0.1110852963756111
e-series van ** high roof** wheelchair,0.090831952806174
e-series van e-150,0.06222810349239696
e-series van e-250,0.1514404622408986
e-series van e-250 class b conversion camper rv van class b motorhome campervan high roof rv camper van -motorhome great service history,0.2928603175885894
e-series van e-350 sd exten,0.2220998828235484
e-series van e-450 gas motor,0.1009737767182512
e-series van e450 dually box van cube van 7.5l v8 gas,0.0605276980888116
"e-series van universal by glaval designer luxury series conversion leather 16"" dvd limo lighting bed",0.1413390440017778
e-series wagon,0.13361819332767647
e-series wagon e-150,0.0504666855226473
e-series wagon e-150 xl,0.0736393389631904
e-series wagon e-350,0.0908723584791304
e-series wagon e-350 sd xl,0.12439088448018096
e-tron,0.7979312295446281
e-van,0.0080508303365792
e150,0.09314240464459243
e150 cargo,0.12862034829690083
e150 cargo van,0.09993501420932828
e150 chateau,0.1498747424138349
e150 conversion van,0.13962180290112727
e150 econoline,0.06788979536363264
e150 econoline conversion,0.050355569922017
e150 econoline van,0.08830659824639375
e150 handicap van,0.0696694815952159
e150 super duty passenger,0.1008828639540991
e150 van,0.05418064029523073
e150 xl passenger cargo,0.0656188128813285
e250,0.08865779549969359
e250 3/4 ton cargo van,0.0696694815952159
e250 cargo,0.11469701255147126
e250 cargo vaan,0.0747201907147763
e250 cargo van,0.0980712309029464
e250 cargo van ext,0.0726999070669522
e250 conversion van,0.0706291163279324
e250 econoline,0.08786829524523775
e250 econoline cargo van,0.05990309372769268
e250 econoline van,0.0373449432300295
e250 extended,0.06966948159521594
e250 hightop,0.2418986625722251
e250 super duty,0.06731248400608773
e250 super duty cargo,0.12964160168087596
e250 v6 4.9l,0.0110812558083154
e250 van,0.12662205465955106
e250 vans,0.0797911026708149
e30,0.08583175077780918
e300,0.17291355206270956
e300 4matic,0.424219160370116
e300 sport,0.0646187724756555
e320,0.0403297381573062
e320 3.2l,0.0706695220008889
e320 4d sedan,0.0333043759343811
e320 4matic,0.0191623903996121
e320 bluetec,0.0706695220008889
e320 cdi,0.04710964752784621
e350,0.10616454979809362
e350 12' box van,0.3331952806173986
e350 12-passenger van,0.1230554769889692
e350 14 passenger van,0.1055295163440947
e350 15 passenger van,0.1767445149298961
e350 15-passenger van,0.06695508620838934
e350 16ft box truck,0.1817447169582609
"e350 16ft cutaway box,loading ramp!",0.2120893773485797
e350 2016,0.1646228130429512
e350 4 matic,0.09221921424434658
e350 4matic,0.11920802504200999
e350 4matic awd,0.10366748824868344
e350 4matic awd sp,0.3126085902460705
e350 4matic sport,0.1610873166592589
e350 4matic wagon,0.2525051517233019
e350 4matic wagon amg,0.2716978463776314
e350 ambulance,0.10073134268051229
e350 amg awd,0.0532546769566447
e350 bluetec,0.1161360054951715
e350 box,0.1408844801810174
e350 box 10',0.1817447169582609
e350 box truck,0.15492376796368873
e350 box van,0.1792614516411437
e350 bucket,0.2120893773485797
e350 bucket van,0.11613600549517152
e350 bus,0.0393652268778536
e350 cargo van,0.07875402373159855
e350 cargo van e250,0.1403794092690613
e350 club wagon 150 4runner,0.1060345872560507
e350 club wagon extended,0.0201725322235241
e350 convertible,0.1807850822255444
e350 coupe,0.136338841973413
e350 cutaway,0.2089153674318731
e350 cutaway box truck,0.1615418804800193
e350 cutaway bus,0.0484565032930623
e350 cutaway wheelchair van,0.292405753767829
e350 deisel,0.0504767869408865
"e350 e350 10ft plumbers,",0.2726978867833043
e350 econoline,0.07674047436260048
e350 econoline cargo,0.1080548709038749
e350 econoline van,0.1413895510929734
e350 elkhart shuttle coach,0.2320699826255606
e350 extended club wagon,0.0201725322235241
e350 handicap van,0.1201765727908198
e350 high roof cargo van,0.1918461351973817
e350 low miles,0.1868459331690169
e350 luxury,0.111075194957372
e350 luxury 3.5l,0.1262374237342922
e350 luxury 4matic,0.1716635015556184
e350 passenger van,0.11140794755819006
e350 passenger van extended,0.1918966422885773
e350 sd,0.0706695220008889
e350 sd ext cargo van,0.1903814295527092
e350 sd extended cargo van,0.1765761579592441
e350 sd xlt extended wagon,0.1600771748353468
e350 shuttle bus,0.09226779725587757
e350 slt,0.1716432987191401
e350 sport,0.1206816437027758
e350 sport 3.5l,0.0807305345670532
e350 sport 4matic,0.19278914467924624
e350 starcraft shuttle bus,0.1199189866257222
e350 super duty,0.12617950893638796
e350 super duty cargo,0.12617569284505317
e350 super duty cargo van 3d,0.11103478928441553
e350 super duty cutaway,0.1332579094104812
e350 super duty van,0.07572696539927537
e350 superduty,0.0797708998343367
e350 van,0.11276794777138223
e350 wagon,0.1004788072245343
e350 wheelchair passanger v,0.0705786092367368
e350 wheelchair van,0.10199401996040239
e350 xl ext 6 pass van,0.1868459331690169
e350 xlt,0.14433579807938365
e350 xlt club wagon,0.0605782051800072
e350 xlt super duty,0.1312881328538526
e350sd,0.19677057658895303
e35o econoline,0.0201725322235241
e36,0.0100711139844034
e36 m3,0.0555274960604468
e36 m3 sedan,0.1716938058103357
e39 540i,0.040964618099047716
e39 m5,0.4828174875752555
e400,0.19719988686411571
e400 4matic,0.3194169461392379
e400 4matic awd co,0.0353246595822053
e400 coupe,0.2019475534365024
e420,0.0201725322235241
e430,0.0403753687017657
e430 awd sedan 4d,0.0100711139844034
e450,0.15406499436157198
e450 14 foot box truck,0.1201765727908198
e450 25pass bus,0.2514950098993899
e450 azure hybrid shuttle,0.2625964685441836
e450 bus,0.17430718701477113
e450 cube van,0.1009333710452947
e450 passenger bus,0.0656289142995676
e450 shuttle bus,0.1513141945129096
e450 step van,0.18078508222554443
e450 super duty,0.2054072891834013
e450 super duty bus,0.1110852963756111
e450 super duty cutaway,0.1615418804800193
e450 super duty diesel,0.2676572790819831
e450 wheelchair van,0.09492302719301784
e46,0.0201725322235241
e46 m3,0.27977176567018575
e5 50,0.1605822457473029
e500,0.030947378345252963
e500 4-matic,0.0757303325386884
e500 4matic,0.0479514323811063
e500 4matic wagon,0.0656289142995676
e500 sport,0.0454260778213261
e500 wagon,0.14947068568427
e55 amg,0.11159036728756715
e550,0.09164814739989494
e550 amg package,0.1302779910299406
e550 e-550,0.1307830619418966
e550 sedan 4matic,0.1206816437027758
e550w4m,0.1108327609196331
e60 m5,0.1312780314356135
e63 amg,0.1918865408703381
e63amg,0.2171501878863792
e90 m3,0.2524546446321063
eacape,0.04121715355502573
eagle hearse,0.0383550850539415
eagle premier,0.0125964685441836
ebony,0.3736716635015556
ecape limited,0.0403248616105701
echo,0.02781895750577169
echosport,0.1514909693320942
eclipse,0.04386512586367121
eclipse 2008,0.0282536668148208
eclipse convertible,0.0035051921289749
eclipse coupe gs,0.0383550850539415
eclipse cross,0.22075598189496004
eclipse cross es,0.17702036135104132
eclipse cross es 4x4,0.1615822861529758
eclipse cross le,0.21661625577945426
eclipse cross le s-awc *ltd avail*,0.1898258515495575
eclipse cross se,0.2857135641844115
eclipse cross sel,0.18291951189947062
eclipse cross sp,0.1917956281061861
eclipse gs,0.032967661993077116
eclipse gs 2dr,0.0292638086387328
eclipse gs 2dr hatchb,0.060477190997616
eclipse gs-t,0.0201725322235241
eclipse gst,0.1161360054951715
eclipse gt,0.036718655299203956
eclipse gt 2dr,0.0403652672835266
eclipse gts,0.02774354519374515
eclipse gts spyder,0.0555274960604468
eclipse spider,0.0605782051800072
eclipse spyder,0.0477586636497097
eclipse spyder gs,0.04537557073013051
eclipse spyder gt,0.03731968968443163
eclipse spyder gts,0.05422693846216003
ecnoline,0.0989635944886662
eco sport,0.2423532263929855
ecoline,0.1464402602125338
ecoline e250,0.0484565032930623
ecoline van e350,0.0454260778213261
econline e3,0.1413895510929734
econoine 250 van,0.0201725322235241
econoline,0.12140147721420934
econoline 150,0.044415935997414
econoline 350,0.0211826740474362
econoline 450,0.1817851226312174
econoline cargo,0.10502444543213868
econoline cargo van,0.1488790827252554
econoline cargo van e-250 ext commercial,0.1408036688351044
econoline cargo work van,0.0252232413430845
econoline commercial,0.23012913285752593
econoline commercial cutaw,0.09306773337643269
econoline commercial cutaway,0.23520983039660384
econoline conversion van,0.0252232413430845
econoline cutaway,0.1565416784516546
econoline e-150,0.1241666329952725
econoline e-150 cargo van,0.0706291163279324
econoline e-250,0.1110852963756111
econoline e-250 cargo van,0.0898723180734575
econoline e-250 rwd one ow,0.1245908925613156
econoline e-2500,0.0504262798496909
econoline e-350,0.09138551052567778
econoline e-350 xlt,0.0555173946422077
econoline e-450,0.2110893369429067
econoline e150,0.07091772827762156
econoline e150 cargo van,0.1141291904049995
econoline e250,0.11122815929070722
econoline e250 cargo van,0.1009333710452947
econoline e250 van cng,0.0857812436866136
econoline e350,0.09168435709912129
econoline e350 superduty,0.0605681037617681
econoline e450 cutaway,0.1647490807709402
econoline extended van,0.0302739504626449
econoline sw,0.0858317507778092
econoline van,0.07371004889086423
econoline wagon,0.11011758050830334
econoline wagon xlt,0.0898723180734575
econoline450,0.0555274960604468
ecosport,0.1719330107061785
ecosport s,0.1310962059073094
ecosport s automatic,0.18471453392056242
ecosport s sport utility 4d,0.1662053685670801
ecosport se,0.17748949452503127
ecosport se 4x4,0.2251808153864802
ecosport se fwd w/ sunroof automatic,0.1716938058103357
ecosport se sport utility,0.17279126497834868
ecosport se suv,0.16679461796436212
ecosport ses,0.20358398319124
ecosport ses 4wd,0.151389955149703
ecosport ses sport utility,0.18062464793586425
ecosport titanium,0.1836475051623563
ecosport titanium 4x4,0.2628591054184007
ecosport titanium awd,0.0762354034506444
ecosport titanium fwd,0.1705523455493151
ecosport titanium sport,0.1819828218167545
ecosport titanium suv,0.20053624100252243
edge,0.1410165393887968
"edge $270 month, $1000 down,nav, htd seats, 0 accidents $1000 down, $270 month,",0.1615418804800193
"edge **awd , sunroof,",0.123206998262556
edge 4dr limited awd,0.12249989898581753
edge 4dr limited fwd,0.1201765727908198
edge 4dr se,0.1310558002343529
edge 4dr sel awd,0.1413895510929734
edge 4dr sel fwd,0.1110347892844155
edge 4dr sport awd,0.2271101862701523
edge 4wd sel,0.0504262798496909
edge awd,0.06789920804881
edge awd sel suv,0.1615418804800193
edge crossover,0.0504666855226473
edge limited,0.0827407167966382
edge limited 4dr crossove,0.07866176411168127
edge limited awd,0.08465072662868528
edge limited edition awd,0.136338841973413
edge limited fwd,0.1008828639540991
edge limited sel,0.065578407208372
edge limited wagon,0.08721833878809915
edge limitedcrossover,0.005020404864843
edge ltd,0.0454260778213261
edge r4515,0.2070487696472584
edge se,0.11551883347836668
edge se 74k ecoboost backup camera,0.1615418804800193
edge se automatic,0.2927896076609156
edge se awd,0.1347958503373873
edge se fwd,0.0806497232211402
edge se sport utility 4d,0.19886662087357057
edge se suv,0.20667068799316565
edge se**back up cam*ecobo,0.1649965655177986
edge sel,0.116041744832403
edge sel 2.7l,0.2363428825407087
edge sel 4dr crossover,0.1009333710452947
edge sel automatic,0.25493959351893
edge sel awd,0.1587091541938202
edge sel awd awd,0.3685704472907996
edge sel awd gas suv auto,0.2259624126227322
edge sel awd leather 22k miles ecoboost navi camera power fold rear seats lane departure,0.2928603175885894
edge sel awdcrossover,0.1413390440017778
edge sel crossover,0.0807810416582488
edge sel eco-boost,0.2927087963150026
edge sel fwd,0.0852256656834619
edge sel plus,0.07303325386884317
edge sel plus awd,0.053438522768596654
edge sel plus awd 4dr cross,0.0302234433714493
edge sel sport utility 4d,0.21315823366600664
edge sel suv,0.3119924037334842
edge sel turbo,0.11058022546365512
edge selcrossover,0.0858317507778092
edge select awd,0.1140652147561517
edge sle,0.0797708998343367
edge sport,0.16386148509987639
edge sport awd,0.18384076124287846
edge sport awd gas suv auto,0.31983783856586795
edge sport awd! awd,0.13210803130092796
edge sport edition,0.1767445149298961
edge sport suv 4d,0.2917996686734817
edge st,0.444381591175401
edge st line,0.32936123120575017
edge titanium,0.24010306722739544
edge titanium automatic,0.3230938623782779
edge titanium awd,0.3035086554723711
edge titanium awd 4dr,0.2080084043799749
edge titanium awd gas suv,0.2491279108920225
"edge titanium awd, w/ leather, navigation",0.2181502282920522
edge titanium sport utility,0.2574699987878298
edge titanium suv,0.218220938219726
edgetitanium awd,0.2878601155602246
egde,0.0605782051800072
egolf,0.1565012727786981
ei 50,0.0656289142995676
el camino,0.0919199214660647
el camino base,0.0757303325386884
el camino conquista,0.10014209328323027
el camino conquistador,0.0696694815952159
el camino ss,0.11474706048729237
el dorado,0.0060305466887551
el dorado biarritz,0.0181522485757
elana yea,0.0322942341104691
elanta,0.0252232413430845
elantra,0.08050935836588821
elantra 4dr sdn auto gl,0.08070528102145536
elantra 4dr sdn auto sport (ulsan plant),0.0837609600387894
elantra blue,0.0247181704311285
elantra coupe,0.09207779438899884
elantra coupe gs pzev,0.0786294395733161
elantra fwd gas sedan,0.0706695220008889
elantra gls,0.04858134448488777
elantra gls 4 dr sedan,0.0479514323811063
elantra gls 4dr sedan,0.045202403560316955
elantra gls 4dr sedan 6,0.0705786092367368
elantra gls pzev,0.0665841296618045
elantra gls sedan,0.03744999797971634
elantra gls sedan 4d,0.08330134550890946
elantra gls/limited,0.060477190997616
elantra glssedan,0.0250548843724325
elantra gs coupe,0.07537341576090613
elantra gt,0.10318270763137219
elantra gt back up cam*,0.1548951472786779
elantra gt base,0.1964018748232251
elantra gt fwd gas auto,0.11291365307689197
elantra gt hatch back,0.0656188128813285
elantra gt hatchback,0.0754525435371126
elantra gt hatchback 4d,0.1472731221463493
elantra gt hatchback-4d,0.070679623419128
elantra gt n-line,0.2079578972887793
elantra gt sport,0.1917956281061861
elantra gt sport ultimate turbo hatchback leather 1 owner,0.2120489716756232
elantra limited,0.10194463524901115
elantra limited 4dr sed,0.0977009172087761
elantra limited pzev,0.06016404703220325
elantra limited sedan 4d,0.11969254650019524
elantra nav,0.0806598246393793
elantra only 16k miles,0.1605822457473029
elantra pzev,0.1110347892844155
elantra se,0.09511781753370768
elantra se 2.0l auto (ulsan),0.151389955149703
elantra se 4dr sedan,0.08835542176788284
elantra se 6at,0.07618489635944882
elantra se sedan 4d,0.13126512406786353
elantra se value edition,0.1545112933855913
elantra sel,0.13670887287311978
elantra sel 4dr sedan,0.1609964038951068
elantra sel auto,0.1503394076528344
elantra sel automatic,0.15852155642652224
elantra sel carfax,0.1099236332781122
elantra sel sedan 4d,0.16351165703664786
elantra sesedan 6a,0.11426724312093417
elantra sesedan 6a (us,0.07192462321709965
elantra sport,0.1380190445405201
elantra sport sedan 4d,0.18047951432381104
elantra touring,0.04367095640227883
elantra touring gls,0.044390682451816196
elantra touring se,0.047178673885813496
elantra touring wagon,0.03451654612307565
elantra tourning,0.058052850620227
elantra value edition,0.14882708103646317
"elantra value edition - 3 months / 3,000 miles limited warranty",0.1088326801082872
elantra value edition ivt,0.1403188007596266
elantra​ gls,0.0393652268778536
elcamino,0.11309547860519611
eldor,0.1262374237342922
eldorad,0.0908824598973696
eldorado,0.07393639548474083
eldorado biarritz,0.08604820974007603
eldorado convertible,0.1040143036082266
eldorado coupe,0.0504262798496909
eldorado esc,0.06451775829326431
eldorado etc,0.03915309709483208
eldorado touring coupe,0.0100711139844034
eldorado￼,0.0252232413430845
eldorodo,0.0221928158713483
electra glide ul,0.1767445149298961
electric rav4 prime xse awd,0.49488868237100475
elegante,0.0353246595822053
element,0.06119661918482069
element - all wheel drive,0.1557840720837205
element 4x4,0.0503757727584952
element awd,0.03709240777405145
element dx suv,0.0504262798496909
element ex,0.06304782777708884
element ex 2wd,0.1211867146147319
element ex 4wd,0.058860964079356703
element ex 4wd at,0.0807305345670532
element ex 4wd at w/ front side airbags,0.0503757727584952
element ex 4x4,0.0841347125136369
element ex awd,0.06061031325941015
element ex i4 fwd,0.0554769889692512
element ex mt awd,0.0532243727019273
element ex sport utility,0.1574508060931754
element ex sport utility 4d,0.0554769889692512
element ex sport utility suv / 4wd - all wheel drive / local / new tires / 1-owner,0.1614913733888237
element ex-p,0.05297688795506885
element ex-p 4 wd,0.057547779708271
element ex-p awd,0.0534870095761444
element lx,0.042897356122132836
element lx (awd),0.0625984888278314
element lx awd,0.0373449432300295
element sc,0.06632879827756386
elentra,0.048432933317171
elentra gls,0.0040102630409309
elentra sport,0.1393692674451493
elentra touring,0.0454260778213261
elr,0.2211907551820275
elr coupe 2d,0.2220998828235484
emcore premium awd,0.131237625762657
encalve,0.1464402602125338
enclave,0.14947837688569526
enclave avenir,0.35331351771788755
enclave avenir sport,0.4180873994708856
enclave awd,0.16945970880978353
enclave awd 4dr leather,0.16588549032284128
enclave awd gas suv auto,0.2726978867833043
enclave awd premium,0.1863408622570608
enclave awd v6 auto heated leather dual moon roof 3 row,0.1918461351973817
enclave awdcxl,0.0807709402400097
enclave clx,0.0958826619257343
enclave convenience,0.2203018303769849
enclave convenience sport,0.21886742898702974
enclave cx,0.0757303325386884
enclave cx awdcrossover,0.0893672471615014
enclave cxl,0.0776648906371319
enclave cxl 1 awd,0.0141116812800517
enclave cxl awd,0.07168050560965422
enclave cxl fwd,0.0676491979473918
enclave cxl fwd 6-speed automatic,0.0601741484504424
enclave cxl leather seats,0.0651238433876116
enclave cxl premium,0.0595680633560952
enclave cxl-1,0.10674024347304074
enclave cxl-2,0.0807305345670532
enclave cxl-2 awd gps leather dual roof 3 row loaded,0.1211362075235363
enclave essence,0.3155935593357307
enclave essence awd,0.3282657885167077
enclave essence sport,0.319794350300491
enclave fwd,0.0999737363125782
enclave leather,0.16161306391167315
enclave leather awd,0.07264939997575655
enclave leather fwd,0.1812901531375005
enclave leather group,0.11461181372086858
enclave leather sport,0.2522352000289806
enclave nav leather,0.0958826619257343
enclave prem awd,0.2928199119156329
enclave prem nav dvd roof,0.1009333710452947
enclave premium,0.15670151854026185
enclave premium awd,0.1913309628671865
enclave premium awd gas,0.37838144975554566
enclave premium awd w/3rd,0.1478039516748151
enclave premium group,0.30834915888857456
enclave premium nav/dvd,0.1211362075235363
enclave premium sport,0.36266764574834737
encore,0.14596027779032197
encore awd,0.16807413094131748
encore base,0.1292425956604307
encore convenience,0.10583255889126826
encore convenience sport,0.1715927916279445
encore essence,0.11668220360995822
encore essence awd,0.17977089983433667
encore essence fwd,0.1413390440017778
encore essence sport,0.21048830255767906
"encore essence, awd",0.1918461351973817
encore gx,0.26544218236811873
encore gx awd 4dr essence,0.2788092448179724
encore gx essence sport,0.2735657526994756
encore gx preferred,0.21374264280038244
encore gx preferred sport,0.225691498197458
encore gx select sport,0.2292308383476035
encore leather,0.11734312497474643
encore leather awd,0.136338841973413
encore leather sport,0.13149737651737728
encore preferred,0.19683042749201982
encore preferred 4d sport utility automatic,0.1812901531375005
encore preferred fwd,0.1715927916279445
encore preferred ii,0.1716432987191401
encore preferred ii awd,0.1817346155400218
encore preferred ii fwd,0.1624005010303446
encore preferred ii sport,0.18755466170676166
encore preferred sport,0.19007838700553553
encore preferrred awd,0.2423532263929855
encore premium,0.12549424796384265
encore premium awd,0.131237625762657
encore premium sport,0.19107409823196317
encore premium sport8,0.1161360054951715
encore sport touring,0.17566055504962122
encore sport utility 4d,0.13782038331515073
encore w/ backup camera,0.1615822861529758
endeavor,0.045013223082327164
endeavor awd,0.0504262798496909
endeavor limited awd,0.0482241706735625
endeavor ls,0.028246451516078516
endeavor se,0.04202695058386195
endeavor xls,0.030057780112327737
endeavor xls 4dr su,0.0604872924158551
enlantra se,0.0797708998343367
enlave,0.1615418804800193
entourage,0.041265909733726576
entourage gls,0.024207038668228962
entourage limited,0.04156733605398192
envision,0.2335161476924524
envision essence,0.21596579659784232
envision essence sport,0.2535826363354748
envision preferred,0.21859216534001366
envision preferred sport,0.23859886594744564
envision premium,0.3219119964443008
envision premium i,0.282708392258273
envision premium i sport,0.2251303082952846
envision premium ii,0.27089117597825013
envision premium ii sport,0.2483635702452624
envision premium sport,0.32513434886258025
envlave cxl,0.0908824598973696
envoy,0.03651553908938041
envoy 2wd sle,0.0503757727584952
envoy 4wd sle,0.0402743545193745
envoy 4x4,0.038607620509919546
envoy 4x4 xuv 5.3l v8 slt loaded low miles one owner,0.11007515455169899
envoy denali,0.06119209591572106
envoy explorer,0.0383550850539415
envoy new sticker,0.0403753687017657
envoy sle,0.04033445795789725
envoy sle 4+4,0.0302234433714493
envoy sle 4wd,0.0340316780475978
envoy sle 4x4,0.06184088245989735
envoy sle sport utility 4d,0.0403753687017657
envoy slt,0.03341655484219454
envoy slt 4x4,0.049785228307592785
envoy slt awd,0.0504262798496909
envoy slt sport utility,0.0453250636389349
envoy suv,0.0252232413430845
envoy trailblazer,0.0232029576952604
envoy xl,0.042486204348804825
envoy xl 4wd,0.0292638086387328
envoy xl 4x4,0.030263849044405804
envoy xl denali,0.0655076972806982
envoy xl sle,0.0322336256010343
envoy xuv,0.048485123978073134
envoy xuv awd,0.0151218231039637
envoy xuv slt,0.0402743545193745
envoy/sle 4wd,0.0251727342518889
eonoline,0.0999737363125782
eos,0.07406387154053723
eos 2.0 turbo,0.04975554567861324
eos 2.0t,0.060494026694681236
eos final edition,0.2272516061255
eos komfort,0.18850975330782588
eos lux convertible,0.070174552507172
eos sport,0.08870560426683899
eos sport convertible,0.1917956281061861
eqinox,0.2675360620631136
eqinox ls,0.0944179562810618
equinox,0.11922104119523201
"equinox $188.77month, $1000 down, 1 owner, 0 accidents $188.77 month, $1000 down, 1 owner, 0 accidents per autocheck!!",0.1211362075235363
equinox *lt* awd,0.176734413511657
equinox 1 owner,0.1110347892844155
equinox 1lt,0.12102130389106629
equinox 1lt awd,0.1311265101620267
equinox 1owner 88k ml. new tires well maint&clean carfax!!,0.1096710978221342
equinox 2.4l,0.0959331690169299
equinox 2018,0.1767445149298961
equinox 2lt,0.1661828233727493
equinox 2lt awd,0.10219604832518481
equinox 4x4 diesel,0.2191704715342033
equinox awd,0.07359066849349281
equinox awd 4dr ls,0.1165602650612146
equinox awd 4dr ls w/1ls,0.1716432987191401
equinox awd 4dr lt w/1lt,0.12995199071404165
equinox awd ls,0.0302638490444058
equinox awd premier,0.2726978867833043
equinox awdlt,0.0554870903874904
equinox black,0.01815224857569995
equinox blazer envoy,0.0383550850539415
equinox fwd 4dr ls,0.1401369752313224
equinox fwd 4dr lt,0.1161360054951715
equinox fwd lt,0.25815184451897044
equinox ls,0.09843583678492719
equinox ls 4x4,0.0327993050224251
equinox ls automatic,0.1666329952725362
equinox ls awd,0.10643688721722612
equinox ls fwd,0.058002343529031455
equinox ls sport,0.19140167279486034
equinox ls suv,0.15808214473312043
equinox lt,0.1129213789497401
equinox lt 1 owner,0.090831952806174
equinox lt 1lt,0.13780556790173337
equinox lt 1lt awd,0.2721928158713483
equinox lt 2lt,0.10891450159602405
equinox lt 2lt awd,0.1201765727908198
equinox lt 2wd,0.11692593640147073
equinox lt 4d sport utility automatic,0.175229302194028
equinox lt 4dr suv w/,0.0802759707462927
equinox lt automatic,0.0858317507778092
equinox lt awd,0.12182320016777969
equinox lt awd gas suv,0.202829743962719
equinox lt fwd,0.0594670491737039
equinox lt fwd gas suv,0.1689177524160755
equinox lt sport,0.15815201287594108
equinox lt suv,0.1030041617843145
equinox lt w/1lt,0.1109539779385025
equinox lt w/1lt 3mo,0.0907612428785001
equinox lt**ecotec!!,0.0841852196048325
equinox lt2,0.1136106509353913
equinox ltz,0.09851272157072387
equinox ltz awd,0.10781898913742623
equinox ltz awd 4dr su,0.0605276980888116
equinox ltz awd gas,0.12067659299365625
equinox ltz awd suv,0.1413794496747343
equinox ltz sport,0.14689482403329426
equinox ltz suv,0.1400056567942139
equinox ltz**leather*,0.1144894743221948
equinox only 83k,0.1201765727908198
equinox p4202,0.1393692674451493
equinox premier,0.23210116526447266
equinox premier 4x4,0.2168774495939229
equinox premier automatic,0.2272415047072609
equinox premier awd,0.20755762859105414
equinox premium awd,0.2171501878863792
equinox sport,0.0325164653117297
equinox sport utility,0.1669158349832316
equinox`,0.090831952806174
equus,0.14358088542298
equus signature,0.1481216871939729
equus signature sedan 4d,0.20069984122067025
equus ultimate,0.1804946664511697
es,0.16365906925874762
es 250,0.0353246595822053
es 300,0.03511354842959444
es 300 base,0.0605681037617681
es 300 luxury sport sdn,0.018126995030102202
es 300h,0.21487327361302064
es 300h base,0.1615822861529758
es 300h hybrid,0.27700109095316977
es 300h luxury sedan 4d,0.4342296658450846
es 300h sedan 4d,0.33310184249868674
es 330,0.05040094613410703
es 330 sedan,0.055771613667892246
es 350,0.14789835357618505
es 350 4dr sdn,0.15614772314032885
es 350 4dr sdn automatic,0.2386460058992282
es 350 base,0.126217220897814
es 350 base 4dr sedan,0.0903874904036526
es 350 basesedan,0.1716837043920966
es 350 f sport sedan 4d,0.37439818858260004
es 350 luxury,0.1716079437553032
es 350 luxury package,0.07718241141056201
es 350 luxury sedan 4d,0.3796820073538324
es 350 sedan,0.14649682815467285
es 350 sedan 4d,0.23594219295055688
es 350 sedan 6-speed automatic,0.0600731342680512
es 350 ultra luxury,0.272586771182674
es 350 with navigation and,0.1746030142632025
es 350.,0.0636086306517435
es es 300h sedan 4d,0.1413390440017778
es es 330 sedan 4d,0.0802759707462927
es es 350,0.25241928966826943
es es 350 automatic,0.3398824194916966
es es 350 es350,0.0958826619257343
es-300,0.0125964685441836
es-330,0.0593155279001171
es-339,0.0545173542365348
es-350,0.0625984888278314
es300,0.02829504377799253
es300 sedan,0.0373449432300295
es300h,0.2171249343407814
es300h hybrid,0.131237625762657
es330,0.046923916117822886
es350,0.09505551117838479
es350 fwd gas sedan auto,0.2625964685441836
es350 luxury package,0.1262374237342922
es350 nav,0.1105802254636551
es350 pebble beach ed.,0.1009333710452947
es350 sedan,0.1464402602125338
esape,0.1301264697563537
escalade,0.21698780568942252
escalade 1500 3rd row,0.1548951472786779
escalade 2011,0.1433997333225584
escalade 2wd,0.0287587377267768
escalade 4dr premium,0.7372722130187079
escalade 4wd,0.1614913733888237
escalade 4wd 4dr luxury,0.4757363933896319
escalade 4wd 4dr platinum,0.5453957735666088
escalade 4x4,0.0468691375697719
escalade and,0.0696694815952159
escalade awd,0.13197082036984656
escalade awd 3rd row,0.1211766131964928
escalade awd 4dr luxury,0.1615418804800193
escalade awd 4dr premiu,0.2373530243646207
escalade awd 4dr suv,0.1282577073821164
escalade awd 6.0l navi cam 3rd row leather roof dvd,0.0807305345670532
escalade awd ultra,0.1615418804800193
escalade base 4dr suv,0.0705887106549759
escalade base awdsuv,0.1403794092690613
escalade esv,0.3098909285788456
escalade esv 2wd 4dr p,0.2423532263929855
escalade esv 4dr awd platinum edition,0.1110347892844155
escalade esv 4dr luxu,0.7271707947795871
escalade esv 4x4,0.1211766131964928
escalade esv awd,0.083455392137056
escalade esv base,0.1514404622408986
escalade esv base awd,0.0100711139844034
escalade esv luxury,0.5145798956660002
escalade esv luxury 4wd,0.1817952240494565
escalade esv platinum,0.4598846330198673
escalade esv premium,0.43600078117634383
escalade esv premium luxury,0.5634975150511132
escalade esv￼,0.4191785526687946
escalade ext,0.15589739736959063
escalade ext awd,0.1211362075235363
escalade ext awd gas,0.0595680633560952
escalade ext luxury,0.2019475534365024
escalade ext premium,0.2080387086346923
escalade ext sport,0.1459351893005777
"escalade ext""""",0.10733009414521798
escalade hybrid,0.1866799812979456
escalade luxury,0.2812903621323606
escalade luxury 4dr s,0.4848276698048406
escalade luxury 4x4,0.3837730817406763
escalade luxury awd,0.13503323366600664
escalade luxury edition,0.0802759707462927
escalade luxury sport,0.4433209422602933
escalade luxury sun r,0.286213584387248
escalade luxury suv,0.2322518081538647
escalade platinum,0.3110309323792697
escalade platinum 4x4,0.5334981395024226
escalade platinum awd,0.4141177421309951
escalade platinum edit,0.000252535455978
escalade platinum esv,0.4544830094145218
escalade platinum sport,0.5453452664754131
escalade premium,0.35773970665481436
escalade premium 4wd,0.3737120691745121
escalade premium luxury,0.5959432704351691
escalade premium sport,0.2786678249626247
escalade sport,0.3272303931471978
escalade sport utility,0.1009333710452947
escalade stretch,0.3939149056527536
escalade suv,0.1201765727908198
escalade suv awd,0.1615418804800193
escalate,0.0464362196452382
escape,0.10698317905474355
"escape **backup camera ,",0.1191664309669077
escape 103 in wb xls,0.0251222271606933
escape 2014 se,0.0959331690169299
escape 4wd,0.0706291163279324
escape 4wd 4dr i4 auto xls,0.0504262798496909
escape 4wd 4dr limited,0.090831952806174
escape 4wd 4dr se,0.10433081471305233
escape 4wd 4dr sel,0.1079740595579619
escape 4wd 4dr titanium,0.200987918703786
escape 4wd 4dr xlt,0.0757202311204493
escape 4wd limited.,0.0302638490444058
escape 4x4,0.10659016525920233
escape 4x4 limited,0.0504666855226473
escape 4x4 xlt,0.0747100892965372
escape awd,0.08279122388783385
escape eddie bower,0.0292638086387328
escape equinox murano,0.0383550850539415
escape fwd 4dr se,0.0959230675986908
escape fwd 4dr titanium,0.13150026263687414
escape hev,0.0595680633560952
escape hybrid,0.05607595715529367
escape hybrid 4wd,0.0045153339528869
escape hybrid 4x4,0.1206816437027758
escape hybrid awd,0.0757202311204493
escape hybrid limited,0.05636928091370693
escape limited,0.0551985613722695
escape limited 4dr suv,0.0503757727584952
escape limited 4wd,0.04310073134268046
escape limited 4wd 6-speed automatic,0.0857812436866136
escape limited 4x4,0.06974271687744954
escape limited awd,0.07943502767788592
escape limited awd 4dr suv,0.0796496828154672
escape limited fwd 6-speed automatic,0.090831952806174
escape limited hybrid 4wd,0.0807305345670532
escape limited xlt 4wd,0.0484059962018667
escape limitedsuv,0.0383550850539415
escape ltd,0.0625984888278314
escape mariner equinox,0.0181522485757
escape murano sorento,0.0383550850539415
escape r4467,0.1767445149298961
escape r4500,0.1716938058103357
escape r4510,0.1918966422885773
escape r4525,0.2019980605276981
escape r4529,0.2222008970059396
escape s,0.14958707159006862
escape s 4dr suv,0.0141116812800517
escape s fwd,0.12238878338518724
escape s fwd gas suv auto,0.1312780314356135
escape s sport utility 4d,0.1884284886931458
escape se,0.12269541030657474
"escape se - awd - 3 months / 3,000 miles limited warranty",0.1503596104893126
escape se 4wd,0.14046297554722134
escape se 4wd! awd,0.1095599822215039
escape se 4x4,0.13167602731423492
escape se 4x4 gas suv auto,0.1918865408703381
escape se automatic,0.17494187092958755
escape se awd,0.13111071050785783
escape se awd 65k 1-owner new tires tow pkg camera sync,0.13289089121445982
escape se awd 68k ml.1owner new tirew well maint.clean!!!,0.146036203482969
escape se awd titanium,0.1211362075235363
escape se awd! awd,0.0991656228534486
escape se awdsuv,0.0999737363125782
escape se eco boost,0.07871833205382031
escape se ecobooost awd,0.0806598246393793
escape se ecoboost,0.0926363186391369
escape se ecoboost i4 turbo fwd,0.131237625762657
escape se fwd,0.11987858095276571
escape se fwd gas suv auto,0.19693724998989856
escape se sport,0.1312881328538526
escape se sport suv 4d,0.282708392258273
escape se sport utility,0.09692512828801163
escape se sport utility 4d,0.17832145855500328
escape se sport.,0.1742191603701159
escape se suv,0.18267657279081978
escape se**back up cam*eco,0.1548951472786779
escape se**ecoboost!!,0.1649965655177986
escape sel,0.15363794160033398
escape sel 4wd,0.14147260719849508
escape sel 4x4,0.11103478928441549
escape sel 4x4 gas suv auto,0.2107105337589397
escape sel all-wheel drive,0.3296799870701846
escape sel awd,0.08958190229908278
escape sel awd gas suv auto,0.28953358384850564
escape sel ecoboost,0.2927087963150026
escape sel fwd gas suv auto,0.18936118631055796
escape sel sport utility 4d,0.18867337155954872
escape sel suv,0.2238665086355902
escape sesuv,0.10046870580629515
escape sport,0.042814861206513295
escape suv cars,0.083811467129985
escape sw,0.1868459331690169
escape titanium,0.1422810012525758
escape titanium 4wd,0.12404092645718566
"escape titanium 4wd, w/ navigation",0.1514808679138551
escape titanium 4x4,0.1552891025900036
escape titanium 4x4 gas suv,0.18059672048543848
escape titanium automatic,0.136338841973413
escape titanium awd,0.1372550406077013
escape titanium fwd,0.1715624873732271
escape titanium fwd gas suv,0.2221907955877005
escape titanium sport,0.20072560768177006
escape titanium suv,0.19749282799305018
escape xls,0.03787634998239464
escape xls 4x4,0.0201725322235241
escape xls awd,0.044415935997414
escape xls awd! awd,0.03173093149336987
escape xls value 4wd 4dr su,0.0251727342518889
escape xlssuv,0.0893672471615014
escape xlssuv w/automatic,0.0297688795506889
escape xlt,0.04836377372706865
escape xlt 2wd,0.0251727342518889
escape xlt 4wd,0.06460025320888384
escape xlt 4wd 2.3l 4-speed automatic,0.0583558931674007
escape xlt 4x4,0.047976600321464766
escape xlt awd,0.05622752434441793
escape xlt awd v6,0.0706291163279324
escape xlt awd! awd,0.0394965453149622
escape xlt awdsuv,0.08482160895389709
escape xlt choice,0.0504666855226473
escape xlt fwd,0.04896157420501835
escape xlt fwd v6 4-speed automatic,0.0473958543779546
escape xlt premium 4wd,0.0454260778213261
escape xlt sport,0.0403652672835266
escape xlt sport 4wd,0.0322942341104691
escape xlt sport suv 4d,0.0504262798496909
escape xlt sport utility,0.0807305345670532
escape xlt v6,0.03569083599337342
escape xltsuv,0.062430131857179404
escape xltsuv v6,0.0504666855226473
"escape-se, 4wd",0.1706836639864236
esclade ext,0.131237625762657
escort,0.01356299060751761
escort lx,0.0105761848963594
escort se,0.0168718938138914
escort station wagon,0.0302638490444058
escort zx2,0.018265889530890075
escort zx2 cool coupe,0.0120913976322275
estima,0.0746696836235807
estima emina,0.110075154551699
etc,0.021856101930044235
eunos cosmo,0.1211362075235363
euro van,0.19136631783102345
eurovan,0.11259456710075033
eurovan camper,0.3175892628658396
eurovan campmobile,0.38525654716207863
eurovan gls,0.09390025859630688
eurovan mv,0.09068043153258713
eurovan mv weekender,0.3636106509353913
eurovan mv weekender bus 5 speed manual rear bed,0.0857812436866136
eurovan weekender,0.1528799143399733
evo fat boy,0.070679623419128
evo mr,0.3434078144571498
evoke,0.2322013010626692
evolution gsr,0.2191704715342033
evoque,0.2620432216375487
evoque 2012 land rove,0.1665925895995797
evoque 5,0.28778435492343124
evoque 5dr hb pure plus,0.2322518081538647
evoque a,0.5242333023556508
evoque co,0.1105802254636551
evoque convertible hse dynamic,0.3929148652470807
evoque dynamic,0.2195745282637682
evoque prestige awd only 71k gps heated leather pano roof,0.2019475534365024
evoque pu,0.2322518081538647
evoque pure plus,0.2120489716756232
evoque pure premium,0.1817447169582609
evoque s,0.4032688189421795
evoque se,0.32522122105943674
evoque se 4x4 gas suv,0.2726978867833043
evoy,0.0555274960604468
ex,0.11873880426145163
ex 35,0.08785203442563332
ex 35 2012 awd journey,0.123206998262556
ex ex35 sport utility,0.17310800436381263
ex-cab z-71 4x4,0.1008828639540991
ex35,0.09077817760907746
ex35 awd,0.0756293183562972
ex35 ex35 journey spor,0.1513697523132247
ex35 journey,0.09021288017409068
ex35 journey automatic,0.0831750777809204
ex35 journey awd,0.1211362075235363
ex37,0.1464402602125338
ex37 journey awd! awd,0.1297830215362236
excape xlt,0.0201220251323285
excel,0.0009798375691947
excursion,0.13908891423740505
excursion 2005,0.0706695220008889
excursion 4x4,0.07269990706695215
excursion 4x4 limited 6.8l v10 gas loaded low miles,0.2716978463776314
excursion 7.3,0.1312881328538526
excursion 7.3 limited,0.1767445149298961
excursion diesel,0.1398743383571053
excursion diesel limited,0.3919047234231686
excursion eddie bauer,0.1303074534998047
excursion eddie bauer only 81k leather 3 row seating loaded,0.2120489716756232
excursion limited,0.13073347316145
excursion limited 129k miles 6.8l v10 3rd row seat leather rwd,0.1211362075235363
excursion limited 4x4,0.1387240393551254
excursion limited 55k miles*1-owner*diesel*rust free*collector quality*like new in&out*all original*new wheels & tires*unicorn alert,0.595923067598691
excursion ltd,0.1302779910299406
excursion powerstroke 4wd,0.2019980605276981
excursion xlt,0.11861422010316912
excursion xlt 2wdsuv,0.0605276980888116
excursion xlt 4dr suv,0.2574649480787102
excursion xlt 4wd,0.0959331690169299
excursion xlt 4x4,0.10365401969103123
excursion xlt sport utilit,0.2119782617479494
excursion xlt suv,0.1060345872560507
excusrion,0.1211362075235363
exolorer,0.0247181704311285
expadition el,0.0677603135480221
expedetion,0.0141116812800517
expedition,0.14265265565628144
expedition 2wd ffv,0.1141157218473473
expedition 4x4,0.06039301251229003
expedition 4x4 eddie bauer,0.0807305345670532
expedition 5.4l xlt 4wd,0.0555173946422077
expedition eddie,0.0181522485757
expedition eddie bauer,0.03980105183579365
expedition eddie bauer 4dr,0.0402541516828962
expedition eddie bauer 4wd,0.046234191280455764
expedition eddie bauer 4x4,0.03239913345372149
expedition eddie bauer4x4,0.0555173946422077
expedition el,0.17461127365811566
expedition el - eddie bauer,0.1110347892844155
expedition el eddie bauer,0.0807254838579336
expedition el eddie bauer v8 4x4,0.1160854984039759
expedition el king ranch,0.19964106293856984
expedition el limited,0.15516693856317423
expedition el limited 4wd,0.1009333710452947
expedition el limited 4x4,0.12755060810537797
expedition el limited dvd,0.131237625762657
expedition el limited sport,0.3231140652147561
expedition el ltd,0.058052850620227
expedition el xl 4x4,0.1913915713766212
expedition el xlt,0.18507313426805122
expedition el xlt 4x4,0.18605080724762327
expedition el xlt 4x4 gas,0.3131035597397875
expedition king ranch,0.12004020364459167
expedition king ranch 2wd,0.2575558608428623
expedition king ranch 4wd,0.11882971702560367
expedition limited,0.19431924104213194
expedition limited 4x2,0.239878378924401
expedition limited 4x2suv,0.0797708998343367
expedition limited 4x4,0.07696305388862801
expedition limited 4x4 3.5,0.4946866540062224
expedition limited 4x4 gas,0.26247991371834756
expedition limited automatic,0.5199604024405027
expedition limited awd,0.1816740070305871
expedition limited el,0.2219988686411572
expedition limited rsc,0.0656289142995676
expedition limited sport,0.2928098104973938
expedition loaded,0.1514808679138551
expedition ltd,0.2221907955877005
expedition max,0.46236982461811327
expedition max limited,0.676643500747505
expedition max limited 4x4,0.4469524021172573
expedition max platinum 4x4,0.6968513879348661
expedition max xlt,0.4788476302072811
expedition max xlt 4x4 gas,0.6666531981090146
expedition platinum,0.4316100313817393
expedition platinum 4x4,0.2019475534365024
expedition platinum 4x4 gas,0.36994452076627105
expedition platinum**3rd r,0.326619257343731
expedition suv,0.1090650127277869
expedition xl,0.090831952806174
expedition xl 4x4,0.16125567362991092
expedition xl xlt 4x4,0.0853266798658531
expedition xlt,0.1355855647847243
expedition xlt 3rd row,0.2423532263929855
expedition xlt 4dr suv,0.3231241666329952
expedition xlt 4x4,0.1139288456099236
expedition xlt 4x4 gas suv,0.4545234150874783
expedition xlt 4x4 limited,0.2119984645844276
expedition xlt 4x4 suv,0.0403248616105701
expedition xlt 4x4suv,0.2450873435963742
expedition xlt automatic,0.39008983527953994
expedition xlt back up ca,0.2256050749525233
expedition xlt extra long,0.0787607580104246
expedition xlt fx4,0.4140773364580387
expedition xlt sport,0.2824566636248381
expedition xlt suv,0.45003501824989556
expediton xlt 4x4,0.282708392258273
expedtion,0.0363095478605196
expetion el eddie baur,0.1297729201179845
expidition,0.0176471776637439
expidition 4wd,0.0403652672835266
explore,0.10778213261141861
explorer,0.16138686858941054
explorer 114 in wb 4.6l,0.0352236453998141
"explorer 4dr 114"" wb 4.0l eddie bauer 4wd",0.0646086710574164
"explorer 4dr 114"" wb xlt",0.0146167521920077
explorer 4wd,0.0353246595822053
explorer 4wd 4dr eddie bauer,0.0605276980888116
explorer 4wd 4dr xlt,0.14959190270313946
explorer 4x4,0.08644752498761027
explorer 4x4 gas suv auto,0.3232049779789082
explorer 4x4 xlt,0.05501737443937125
explorer 95,0.0151218231039637
explorer awd,0.12113284038412324
explorer base,0.15256298234272087
explorer conversion 2500,0.1403794092690613
explorer durano navigator,0.0565376378843589
explorer eddie bauer,0.03641038166044223
explorer eddie bauer 4dr eddie bauer,0.0504262798496909
explorer eddie bauer 4wd,0.07509899389874336
explorer eddie bauer 4x4,0.05050401685092234
explorer eddie bauer 4x4 v8 4.6l auto leather moon roof,0.0605276980888116
explorer eddie bauer eddie bauer 4dr suv,0.0504262798496909
explorer eddie bauer leathe,0.04123398925209094
explorer eddie bauersuv(,0.0494666451169744
explorer fwd 4dr base,0.1817447169582609
explorer hybrid,0.5319507858903391
explorer hybrid limited,0.4198531831011931
explorer hybrid limited suv,0.42512155373281074
explorer interceptor,0.1444199765647096
explorer lim nav pana roof,0.090831952806174
explorer limited,0.1891440437936734
explorer limited 3rd row,0.0942866378439532
explorer limited 4wd,0.16906527247854167
explorer limited 4x4,0.2281627540506687
explorer limited 4x4 gas,0.32656875025253546
explorer limited automatic,0.3153844599781809
explorer limited awd,0.2296885732756878
explorer limited awdsuv,0.15140510727706163
explorer limited front wheel drive w/4x4,0.2019475534365024
explorer limited sport,0.23830347598984708
explorer limited sun roof,0.2155036567134025
explorer limited suv,0.40896457576929507
explorer limited*,0.2054022384742817
explorer limited**navi*cam,0.3771263485393349
explorer limted,0.0353246595822053
explorer ltd,0.2312921734211483
explorer ltd v8,0.0504262798496909
explorer luxury,0.1141157218473473
explorer platinum,0.4079917931588706
explorer platinum 4dr suv,0.2220998828235484
explorer platinum 4x4 gas,0.38381348741363286
explorer platinum awd,0.3433876116206715
explorer police,0.11827750616186508
explorer police interceptor,0.13445543254272896
explorer r4507,0.292910824679785
explorer r4518,0.3030122429189058
explorer slt 4x4,0.0201725322235241
explorer sport,0.14986666127924356
explorer sport - loaded,0.1963816719867469
explorer sport 4wd,0.11127722332215435
explorer sport 4x4,0.15650800705752418
explorer sport 4x4 gas suv,0.3939149056527536
explorer sport automatic,0.24647460503454685
"explorer sport awd, w/ navigation",0.2625964685441836
explorer sport suv 4d,0.2126348539334922
explorer sport suv 4wd,0.2323023152450604
explorer sport trac,0.07248942908817099
"explorer sport trac 4dr 126"" wb 4wd xlt premium",0.1307022505959836
explorer sport trac 4x4,0.06485868115883466
explorer sport trac limite,0.1311972200897005
explorer sport trac limited,0.0840920620810717
explorer sport trac xls,0.0429007232615459
explorer sport trac xlt,0.055754389454740934
explorer sport trac xlt 4x4,0.09069726722965234
explorer sport track,0.1211362075235363
explorer sport utility 4d,0.2423027193017899
explorer sport xlt,0.0403753687017657
explorer sports trac,0.026898056487130718
explorer spt trac,0.0302638490444058
explorer st,0.4684094980268563
explorer st 4x4 gas suv,0.5349913127803144
explorer suv,0.15625277789001568
explorer suv 4x4 police interceptor,0.1413390440017778
explorer tract,0.1211867146147319
explorer v-8 limited,0.0196674613115681
explorer xls,0.035720209854305594
explorer xls 4x4,0.024852856007650134
explorer xlt,0.1359065868222491
explorer xlt 3rd row back,0.1548951472786779
explorer xlt 4dr xlt,0.030199873395558033
explorer xlt 4wd,0.16270228090023836
explorer xlt 4x4,0.13014546645334077
explorer xlt 4x4 gas suv,0.2977318363324298
explorer xlt automatic,0.23222655460826697
explorer xlt awd,0.10384257949816149
explorer xlt fwd,0.222150389914744
explorer xlt luxury,0.2826881894217948
explorer xlt police utility,0.1060345872560507
explorer xlt sport utility,0.26080208934061605
explorer xlt sport utility 4d automatic,0.2980625479817366
explorer xlt suv,0.2667885571134187
"explorer xlt**v8,4.6l!!",0.0841852196048325
explorer xlt. 4wd,0.0550224251484908
explorer xlt4wd suv,0.0365620833164976
explorer xltsuv,0.1742090589518768
explorer-sport,0.2424037334841811
explorere,0.0322942341104691
explorerxlt,0.0908723584791304
exploror xlt,0.0150713160127681
exployer limited,0.161592387571215
exployer sport trac,0.0282536668148208
explrer,0.0837609600387894
expree van,0.0585579215321831
express,0.1678911786143908
express 10 ft box truc,0.0807507374035314
express 1500,0.10268997284460114
express 1500 awd cargo,0.1868459331690169
express 1500 cargo,0.14131379045617998
express 1500 cargo van,0.09770697805971953
express 1500 passenger van,0.1817851226312174
express 1500 van,0.0403753687017657
express 1500 w/ doors,0.110075154551699
express 2500,0.14764995802613481
express 2500 9 passenger limited explorer hightop conversi,0.4948886823710048
express 2500 carg,0.1464402602125338
express 2500 cargo,0.12924890904683012
express 2500 cargo extended,0.2928098104973938
express 2500 cargo va,0.1144894743221948
express 2500 cargo van,0.1759747026815898
express 2500 carpet c,0.2474544426037415
express 2500 extended,0.23771667542122912
express 2500 series,0.0504666855226473
express 2500 v8,0.1666430966907753
express 2500 v8 rwd,0.0807305345670532
express 2500 van,0.0772455452745565
express 2500 work van,0.18931572992848195
express 2500hd,0.0908723584791304
express 26km/passenger van,0.1918865408703381
express 3500,0.13814932693473234
express 3500 1 ton,0.0565376378843589
express 3500 10' box truck,0.2423532263929855
express 3500 12' box t,0.3029112287365146
express 3500 12' box truck,0.3029112287365146
express 3500 15 pass,0.24807668996727134
express 3500 15 passenger,0.2508182148773688
express 3500 1lt cutaway,0.0802759707462927
express 3500 box,0.2322013010626692
express 3500 box truck,0.2039476342478484
express 3500 box van,0.1009333710452947
express 3500 cargo,0.11610570124045415
express 3500 cargo van,0.09174949829622742
express 3500 cutaway,0.2272516061255
express 3500 ext,0.1605721443290638
express 3500 extended,0.07497272617075434
express 3500 handicap van,0.2423532263929855
express 3500 kuv,0.1807850822255444
express 3500 lt,0.1021623769310544
express 3500 passenger,0.19062530665019656
express 3500 van,0.1391412640048948
express 4500,0.17724958584185216
express 4500 bus,0.044415935997414
express awd van,0.2878601155602246
express box truck,0.2777586973211038
express box van truck,0.2070487696472584
express bus,0.1109842821932199
express bus 2500,0.111075194957372
express cargo,0.212178269829084
express cargo 1500,0.09996363489433915
express cargo 1500 3dr,0.2647783748838337
express cargo 2500,0.07899814133904397
express cargo 2500 3dr,0.2726574811103479
express cargo 3500,0.1335483251848559
express cargo v6 2500,0.0605782051800072
express cargo van,0.19517510982679895
express cargo van yf7,0.2423532263929855
express commercial,0.23546742629331827
express commercial cu,0.2120893773485797
express commercial cutaway,0.2959327649602004
express conversion van,0.24983837730817404
express cutaway,0.18991397771557464
express cutaway 3500,0.19332200556747636
express cutaway cube,0.110075154551699
express duramax g4500,0.2019475534365024
express extended 3500,0.1211867146147319
express g 2500,0.0605276980888116
express g 2500 cargo v,0.1716432987191401
express g1500,0.10328700149500987
express g2500,0.16446119035112527
express g2500 cargo,0.1411572184734736
express g3500,0.12376654468001588
express g3500 cutaway,0.3029617358277102
express g3500 van,0.0875994989696553
express g4500,0.21102367772435243
express heavy duty,0.070679623419128
express hightop,0.241393591660269
express legend,0.0524970705887106
express lt 3500,0.22684350882863952
express passenger,0.18700514529512666
express passenger 1ls,0.1767445149298961
express passenger ls 2,0.0706695220008889
express passenger lt 3500,0.0959331690169299
express passenger lt 3500 v8 rwd,0.1817447169582609
express passenger van,0.15148490848115073
express passenger-,0.2423532263929855
express shuttle bus,0.1009737767182512
express van,0.12367238503142979
express van 1500,0.0999737363125782
express van 2500,0.2201806133581154
express van g3500,0.0302234433714493
ext,0.0939128853691058
ext cab slt 4x4,0.1706836639864236
extended cab step side,0.0181522485757
exterra,0.04372567241774073
f -150,0.28280940644066427
f 150,0.27097323797594514
f 150 4x4,0.0787607580104246
f 150 extra cab,0.0555274960604468
f 150 fx4 4x4 supercrew,0.1211362075235363
f 150 pickup,0.1918461351973817
f 150 pu,0.0706291163279324
f 150 stx,0.110075154551699
f 150 xl,0.0656289142995676
f 150 xl super cab,0.1514404622408986
f 150 xlt 4x4 regular cab,0.0807305345670532
f 150 xlt 4x4 supercab,0.2019374520182633
f 150 xlt 4x4 supercrew,0.1615418804800193
f 150 xlt super crew,0.4342801729362802
f 150 xlt supercrew 4x4,0.1211362075235363
f 150xl,0.2322518081538647
f 250,0.20375949533314477
f 250 4x4 diesel lariat,0.3737120691745121
f 250 4x4 fx4 lariat diesel,0.3636106509353913
f 250 cr long bed,0.1843205786092367
f 250 lariat crew cab,0.6161057012404542
f 250 lariat fx4,0.8989454119358359
f 250 lariat fx4 crew cab,0.7120691745121015
f 250 platinum fx4,0.848438320740232
f 250 sd,0.0181522485757
f 250 super duty lariat,0.136338841973413
f 250 w/6.2 liter,0.2272516061255
f 250 xlt,0.0459311487332821
f 250 xlt 4x4 diesel truck,0.4343205786092367
f 250 xlt crew cab,0.6161057012404542
f 250 xlt fx4,0.5959028647622127
f 250 xlt fx4 crew cab,0.4948886823710048
f 350,0.22752953943305063
f 350 lariat fx4 dually,0.7642598354142255
f 350 super duty lariat,0.2019475534365024
f 350 xl drw diesel,0.3737120691745121
f 350 xl hd dually,0.1706836639864236
f 350sd,0.31219948280738613
f 450,0.27591381102634077
f 450 stx fx4 dually,0.6969170471534204
f 450 super duty,0.1186613600549517
f 550,0.29290324861610567
f 650,0.2914591065728485
f 750,0.3383604724770024
f 750.,0.4141177421309951
f 800 s,0.0554769889692512
f l50 xl long bed,0.0252232413430845
f pace premium awd,0.3131035597397875
f super duty,0.0689960537126079
f type s british edition,0.424219160370116
f- 150 xl,0.2424037334841811
f-100,0.05350721241262268
f-150,0.23254640857626652
"f-150 1 owner, 0 accidents, large touchscreen,buckets, keyless entry, backup camera,bluetooth, very very nice truck",0.3331144692714857
f-150 2wd supercrew 145 fx2,0.2926178835508505
f-150 3.5l turbo,0.2201806133581154
f-150 4-dr lariat,0.0907814457149783
f-150 4dr 4x4,0.0221928158713483
f-150 4wd,0.0504262798496909
f-150 4wd lariat f150 4x4,0.5181623499939392
f-150 4wd super cab,0.2322518081538647
"f-150 4wd supercab 145"" xl",0.2928199119156329
"f-150 4wd supercab 145"" xlt",0.2827588993494687
"f-150 4wd supercab 163"" xlt",0.1403794092690613
f-150 4wd supercrew,0.25168356970652006
f-150 4wd supercrew 145 svt,0.4544830094145218
f-150 4wd supercrew 145 xlt,0.27848263229490744
"f-150 4wd supercrew 145"" lariat",0.3433674087841933
"f-150 4wd supercrew 145"" platinum",0.2956165617081209
"f-150 4wd supercrew 145"" xlt",0.3029718372459493
"f-150 4wd supercrew 150"" xlt",0.1382076043476504
"f-150 4wd supercrew 157"" fx4",0.1666329952725362
"f-150 4wd supercrew 157"" xlt",0.3231645723059517
f-150 4x2,0.1211362075235363
f-150 4x4,0.09532242172954924
f-150 4x4 3.5 ecoboost,0.2927896076609156
f-150 4x4 4 dr,0.1464402602125338
f-150 4x4 5.0 v8,0.1614711705523455
f-150 4x4 5.0l v8 360hp 380ft. lbs. torque super crew xlt one owner,0.1807850822255444
f-150 4x4 5.4 v8,0.0353246595822053
f-150 4x4 crew 5.0,0.2119782617479494
f-150 4x4 lariet,0.1615418804800193
f-150 4x4 sport xlt,0.4696856438643985
f-150 4x4 step side,0.0403248616105701
f-150 4x4 super cab,0.07351523582482408
f-150 4x4 super cab xlt,0.0504262798496909
f-150 4x4 super crew xlt,0.0807305345670532
f-150 4x4 supercab,0.1969372499898985
f-150 4x4 supercrew pickup,0.175734373105984
f-150 ac,0.03229423411046904
f-150 access cab,0.0605276980888116
f-150 base 3dr extended c,0.0503858741767344
f-150 clubcab,0.0403753687017657
f-150 crew 4x4 5.0 v8,0.2119782617479494
f-150 crew 4x4 lariat,0.200987918703786
f-150 crew 4x4 v8,0.206927552628389
f-150 crew cab,0.2055523166881201
f-150 crew cab limited,0.1504808275081821
f-150 crew cab xlt,0.1434098347407976
f-150 crew cab xlt 4x4,0.2625964685441836
f-150 crew lariat 5.0 v8,0.2906582084124611
f-150 crew lariat v8 5.0,0.2906582084124611
f-150 custom,0.04024910097377668
f-150 ecoboost,0.2221907955877005
f-150 ex-cab 4x4,0.090831952806174
f-150 extended cab,0.2018768435088286
f-150 extended cab 4x4,0.14805311999138007
f-150 extra cab,0.0555274960604468
f-150 f150,0.15753498457850149
"f-150 f150 lariat sport 4x4, lifted on 35s",0.5453957735666088
"f-150 f150 xlt 3.5 ecoboost,v6 4x4 !! lifted!! f150",0.444381591175401
f-150 four-door crew cab,0.0090609721604913
f-150 fx-4,0.1211766131964928
f-150 fx2,0.1945129096125095
f-150 fx2 lifted super crew,0.3064467251202069
f-150 fx4,0.20398542748505333
f-150 fx4 3.5 ecoboost,0.2927896076609156
f-150 fx4 4d supercrew automatic,0.1851589963230837
f-150 fx4 4dr supercrew s,0.2615964281385106
f-150 fx4 4wd!crew cab,0.2697179684027637
f-150 fx4 4x4,0.1401773809042789
f-150 fx4 4x4supercrew,0.131237625762657
f-150 fx4 fx4 4dr supercrew,0.1413390440017778
f-150 fx4 lifted crew ecoboost 3.5liter,0.353468827023314
f-150 fx4 luxury package,0.2222008970059396
f-150 fx4 pickup 4d 6 1/2,0.1110347892844155
f-150 fx4 sport appearance,0.4241686532789203
f-150 fx4 super crew,0.070679623419128
f-150 fx4 super crew sun,0.3165178391046103
f-150 fx4 super crew sunr,0.2559093296698856
f-150 fx4 supercrew,0.22697381712392417
f-150 fx4 supercrew 5.5-ft.,0.292405753767829
"f-150 fx4 | 4x4, extra",0.1817447169582609
f-150 heritage,0.1009333710452947
f-150 king ranch,0.23550286986608704
f-150 king ranch *4wd,0.2272516061255
f-150 king ranch 4dr supe,0.5453553678936524
f-150 king ranch 4x4,0.20096939943701422
f-150 king ranch 4x4 ecoboo,0.292405753767829
f-150 king ranch automatic,0.423390844074508
f-150 king ranch crew,0.5949432300294962
f-150 king ranch super cr,0.3165178391046103
f-150 king ranch supercrew,0.0780536587336862
"f-150 king ranch,$575.25 month, $2500 down, 2.9% apr, 72 $575.25 month, $2500 down, 2.9% apr, 72 months, oac,",0.3727120287688391
f-150 koi,0.0757303325386884
f-150 larait 4 door,0.1716938058103357
f-150 lariat,0.3134669900003687
"f-150 lariat $520.91 month, 2.9% apr, oac, $2500 down,84 mths",0.3866014788476302
f-150 lariat 2wd,0.4342801729362802
f-150 lariat 4wd,0.4404801126385837
f-150 lariat 4wd supercrew 5.5' box,0.45452341508747823
f-150 lariat 4wd!crew cab,0.1858324242056918
f-150 lariat 4x4,0.16888434886258027
f-150 lariat 4x4 4door,0.0201725322235241
f-150 lariat 4x4 4dr superc,0.535294355327488
f-150 lariat 4x4 crewcab,0.008303365792557249
f-150 lariat 4x4supercrew,0.2604852721322073
f-150 lariat automatic,0.32344404487723405
f-150 lariat crew cab,0.38136894419976564
f-150 lariat crew cab 4x4,0.4843327003111237
f-150 lariat crew cab shor,0.3560244858378116
f-150 lariat lariat 4dr sup,0.1211766131964928
f-150 lariat steeda,0.695957412420704
f-150 lariat supercab,0.070679623419128
f-150 lariat supercrew,0.25199604024405026
f-150 lariat supercrew 4wd,0.060558002343529
f-150 lariat supercrew 4x4,0.090831952806174
f-150 lariat supercrew 5.,0.18078508222554443
f-150 lariat supercrew 5.5-ft. bed 4wd 6-speed aut,0.2716978463776314
"f-150 lariat**v8,5.0l*navi",0.4983433674087842
"f-150 lariat, $436.73, $2500 down, 2.9% apr, oac lariat, $436.73, $2500 down, 2.9% apr, oac",0.3156390157178068
"f-150 lariat, lifted, 4x4 lariat, lifted, 4x4",0.4090771344296739
"f-150 lariat,one owner, $489.49 month, $2500 down, 2.9%a one owner, $489.49 month, $2500 down, 2.9%apr, oac",0.3525091922905976
f-150 lariet,0.1312881328538526
f-150 lifted 5.0l v8 dbl ro,0.4939290476382884
f-150 lifted 5.0l v8 dbl roof adaptive cruise loaded,0.4939290476382884
f-150 lifted lariat supercrew 5.0 v8,0.42417875469715954
f-150 lifted supercrew xlt 4x4 v6 twin turbo financing,0.4241787546971595
f-150 limited,0.3466998666612793
f-150 limited 4x4,0.4329501528681294
f-150 long bed,0.0605276980888116
f-150 long bed xl,0.1396218029011273
f-150 only 84k miles,0.2817992646167522
f-150 pick-up,0.0959331690169299
f-150 platinum,0.36498983123897255
f-150 platinum 4dr superc,0.2827184936765122
f-150 platinum 4wd,0.2716978463776314
f-150 platinum 4wd supercre,0.4745545274556547
f-150 platinum 4wd supercrew 5.5' box,0.4343205786092367
f-150 platinum 4x4,0.3226170754373914
f-150 platinum crew cab 4x4,0.35638140261559387
f-150 platinum crew ecoboost 3.5l,0.3938744999797972
f-150 platinum super crew,0.3689206297897558
f-150 platinum**leather*na,0.5286476221261466
f-150 platinum**navi*cam*l,0.3569235120610933
f-150 quad cab short box,0.3534991312780314
f-150 raotor,0.6969574528263769
f-150 raptor,0.5457482008251736
f-150 raptor 4dr supercre,0.5752000080811346
f-150 raptor 4wd supercrew,0.626207119479575
f-150 raptor 4wd supercrew 5.5' box,0.7474645440219807
f-150 raptor 4wd!crew cab,0.665427559362668
f-150 raptor arizona raptor*rust free*icon level kit*tech pkg*pano roof*newer tires*graphics pkg*like new in&out*non smoker*immaculate interior*heated steering wheel*cooled seats*tailgate step,0.5858216493595702
f-150 raptor super crew cab,0.6160652955674977
f-150 raptor svt,0.4191785526687946
f-150 raptorcrew cab,0.7243423976726333
f-150 regular cab short bed,0.090831952806174
f-150 saleen,0.242393632065942
f-150 shelby edition,1.0
f-150 shelby supersnake,0.6262475251525315
f-150 short bed,0.1009333710452947
f-150 special,0.0504666855226473
f-150 sport,0.4444320982665966
f-150 stepside,0.0605782051800072
f-150 stx,0.21961367125944478
f-150 stx 4x2supercrew,0.281617439088448
f-150 stx 4x4,0.18802443196358098
f-150 stx 4x4 supercab v8 5.0l automatic only 29k,0.2928603175885894
f-150 stx crew,0.4535233746818053
f-150 stx fx4,0.1110852963756111
f-150 stx fx4 4x4,0.313063154066831
f-150 stx sport,0.33319528061739867
f-150 stx super cab,0.3525091922905976
f-150 stx supercab,0.0766899672714049
f-150 stx supercrew,0.3838134874136328
"f-150 stx,only 28k miles, almost new, save thousands!!! stx,one owner, only 28k miles, save thousands compared to new!!!",0.3686714614731908
f-150 super cab,0.09646180990477725
f-150 super cab 4x4,0.262545961452988
f-150 super cab xl,0.1614913733888237
f-150 super cab xlt,0.18950837840489942
f-150 super crew,0.24189866257222511
f-150 super crew platinum,0.4595842256252778
f-150 supercab,0.0696694815952159
"f-150 supercab 139"" lariat",0.0199199967675461
f-150 supercab 145 in,0.0706493191644106
f-150 supercab 145 in xl,0.1918865408703381
f-150 supercab shortbox,0.0151218231039637
f-150 supercab stx,0.2019879591094589
f-150 supercab xlt,0.1807850822255444
f-150 supercab xlt 4wd,0.09714533920562446
f-150 supercab xlt 4x4,0.2019778576912198
f-150 supercrew,0.13911231261869167
"f-150 supercrew 139"" lariat 4wd",0.1615620833164976
"f-150 supercrew 139"" xlt 4wd",0.1198432259889288
f-150 supercrew 145 in,0.1312578285991353
f-150 supercrew 4wd,0.17164329871914008
f-150 supercrew 4x4,0.423976726332377
f-150 supercrew 4x4 xlt,0.3332659905450725
f-150 supercrew cab xlt,0.09593316901692994
f-150 supercrew fx-4 4wd,0.0756798254474928
f-150 supercrew fx4,0.25752555658814497
f-150 supercrew fx4 4x4,0.2827993050224251
f-150 supercrew lariat,0.287809608469029
f-150 supercrew lariat 4x4,0.115050103034466
f-150 supercrew lariat 5.0,0.2906582084124611
f-150 supercrew limited,0.156491171360459
f-150 supercrew platinum 4x,0.44712580979702876
f-150 supercrew xl 4x4,0.161592387571215
f-150 supercrew xlt,0.16899167643137092
f-150 supercrew xlt 4x4,0.2423532263929855
f-150 svt raptor,0.37157370343072027
f-150 svt raptor 4x4 4dr su,0.313063154066831
"f-150 svt raptor**v6,3.5l*",0.639763222756475
f-150 triton v8 5.4l,0.0878520344256333
f-150 truck,0.0959331690169299
f-150 truck 4x4,0.1282577073821164
f-150 v6 power stroke diesel lariat fully loaded lifted,0.5747403935512546
f-150 v8,0.0484565032930623
f-150 v8 supercrew,0.0605782051800072
f-150 wg,0.3734292294638167
f-150 xl,0.1764546277181037
"f-150 xl - 3 month 3,000 miles limited warranty",0.1604610287284334
f-150 xl 2dr standard,0.020162430805285
f-150 xl 2dr standard cab,0.0605276980888116
f-150 xl 2wd reg cab 6.5' box,0.2651319245222029
f-150 xl 3dr xl,0.0605276980888116
f-150 xl 4dr supercab xl,0.0247181704311285
f-150 xl 4wd supercab 6.5' box,0.2205543658329629
f-150 xl 4x4,0.14465432946785722
f-150 xl 4x4 2dr regular,0.07736339515401293
f-150 xl 4x4 long bed,0.0848216089538971
f-150 xl 8' bed,0.110075154551699
f-150 xl automatic,0.3610600428300133
f-150 xl crew cab,0.4152895066467332
f-150 xl crew cab 4x4,0.2575558608428623
f-150 xl extended cab,0.3611156006303285
f-150 xl series,0.110075154551699
f-150 xl standard cab,0.1358405053402831
f-150 xl supercab,0.1767445149298961
f-150 xl supercrew,0.29233841097956814
f-150 xl supercrew 4x4,0.118934098347408
f-150 xl supercrew 5.5-ft. bed 4wd,0.2625560628712271
f-150 xl supercrew 6.5-ft. bed 4wd,0.2625560628712271
f-150 xl work truck,0.044415935997414
f-150 xlt,0.21799532291613335
f-150 xlt 2wd supercrew 5.5,0.3330235565073336
f-150 xlt 4d supercrew automatic,0.1914824841407733
f-150 xlt 4dr super crew,0.1297729201179845
f-150 xlt 4dr supercrew xlt,0.0959230675986908
f-150 xlt 4wd,0.371863509636753
f-150 xlt 4wd f150 4x4,0.4412855064851105
f-150 xlt 4wd supercrew,0.3630500222231201
f-150 xlt 4wd supercrew 5.5' box,0.4040163238918744
f-150 xlt 4wd!crew cab,0.22148470645278592
f-150 xlt 4wd!extended,0.0637803547618085
f-150 xlt 4x2 4dr supercrew,0.18656814416744105
f-150 xlt 4x2supercrew,0.10805487090387485
f-150 xlt 4x4,0.22711926042551964
f-150 xlt 4x4 2.7l ecobosst super cab 78k 1 owner,0.2322518081538647
f-150 xlt 4x4 4dr supercrew,0.3635702452624348
f-150 xlt automatic,0.3224163458263826
f-150 xlt crew,0.4484726655622449
f-150 xlt crew 4x4,0.20168491656228535
f-150 xlt crew cab,0.22774783829649678
f-150 xlt crew cab short b,0.38885409511495406
f-150 xlt crewcab 4x4,0.3080124449472706
f-150 xlt flare side,0.1262374237342922
f-150 xlt fx4,0.30940980780368227
f-150 xlt fx4crew cab,0.32826578851670773
f-150 xlt lariat,0.046436219645238135
f-150 xlt off-,0.1918966422885773
f-150 xlt rwd,0.12113620752353631
f-150 xlt sport,0.3837023718130025
f-150 xlt sport 4x4 crew,0.3332558891268334
f-150 xlt sport supercrew,0.3938744999797972
f-150 xlt super,0.1201765727908198
f-150 xlt super cab,0.1867954260778213
f-150 xlt super crew,0.3610953977938502
f-150 xlt super crew 4 x 4,0.2928098104973938
f-150 xlt super crew eco,0.2761121661481271
f-150 xlt supercab,0.2726574811103479
f-150 xlt supercab 4x4 f150,0.1767445149298961
f-150 xlt supercrew,0.23582771021051352
f-150 xlt supercrew 4wd,0.16140382776408468
f-150 xlt supercrew 4wd 4-speed automatic,0.0777506161865125
f-150 xlt supercrew 4x4,0.15196236884991984
f-150 xlt supercrew 5.5',0.44435633762980314
f-150 xlt supercrew 6.5-ft. bed 4wd,0.1817851226312174
f-150 xlt supercrew eco boost 3.5l,0.444381591175401
f-150 xlt supercrew ecoboost 3.5l premium,0.42417875469715943
f-150 xlt texas edition,0.08582164935957
f-150 xlt xlt 4dr supercrew,0.131237625762657
f-150 xlt xtr super cab b,0.2256050749525233
"f-150 xlt**back up cam*v6,",0.3367206755828518
"f-150 xlt**lifted*cam!*v6,",0.4579376944523011
f-150 xlt**navi*back up ca,0.286213584387248
"f-150 xlt, 392 month, 2.9%apr, $1500 down, oac, $392.37 month, 2.9%apr, $1500 down, oac, $23,750,",0.2297769606852802
f-150 xltcrew cab,0.27210324996296137
f-150 xltextended cab,0.040233948846418
f-150 xtnd. cab,0.0353145581639662
f-150/7700,0.0302234433714493
f-1500,0.2604347650410117
f-150xl,0.0822962543941169
f-25,0.3934199361590367
f-250,0.31925473163077356
f-250 2 wheel drive,0.0797708998343367
f-250 4wd,0.1312881328538526
f-250 4wd 1owner clean cheap truck,0.0999737363125782
f-250 4wd 5sp 7.5,0.0757303325386884
f-250 4wd dually,0.0908824598973696
f-250 4wd one owner very clean truck,0.2312921734211483
f-250 4x2 reg cab service utility truck,0.1403794092690613
f-250 4x2 service utility truck,0.1201765727908198
f-250 4x4,0.30343073024595507
f-250 4x4 1-owner 94k ml.**new wheels & tires**6.2l,0.23694896763505593
f-250 4x4 6.8l v10 triton g,0.2514950098993899
f-250 4x4 7.3,0.2525051517233019
f-250 4x4 crew,0.1614913733888237
f-250 4x4 excab,0.16654208250838415
f-250 4x4 lifted,0.353468827023314
f-250 4x4 service utility truck,0.2716978463776314
f-250 4x4 super duty 5.4l triton v8 ext cab short bed fabtech lift one owner,0.2514950098993899
f-250 52k ml.1owner 4x4 6.2l new wheels & tires,0.1563396500868722
"f-250 6.7 turbo diesel, super duty, xlt, 4x4 6.7 turbo diesel, super duty, xlt, 4x4",0.4240272334235727
f-250 7.3,0.1110852963756111
f-250 7.3 diesel 4x4,0.0848216089538971
f-250 crew cab,0.7464645036163078
f-250 crew cab king ranch 4x4,0.4242191603701159
f-250 crew cab lariat 4x4,0.43495191724918175
f-250 crew cab xl 4x4,0.2726978867833043
f-250 crew cab xlt 4x4,0.28739085876748
f-250 crewcab lariat 4x4,0.09340781445714974
f-250 diesel,0.1453796112974261
f-250 diesel 4wd,0.2605862863145985
f-250 diesel truck 6.7l lariat ext cab long bed,0.37362115641036
f-250 diesel truck 6.7l super duty lariat,0.42412824760596385
f-250 diesel truck 6.7l super duty xlt,0.6463594488666209
f-250 diesel truck 6.7l utility contractors bed,0.2726069740191523
f-250 duper duty,0.1262374237342922
f-250 excab,0.06978171957565057
f-250 explorer,0.1090145056365913
f-250 f250,0.0828013253060729
f-250 flat bed,0.0262333831669966
f-250 hd crew cab,0.1302779910299406
f-250 king ranch,0.4414282554744371
f-250 king ranch 4x4 lifted 6.7l,0.7560608509434725
f-250 king ranch f250,0.5580158120866836
f-250 lariat,0.3109418562366156
f-250 lariat 4x4,0.241393591660269
f-250 lariat 4x4 7.3l power stroke 6 sp manual lb 1owner,0.2827588993494687
f-250 lariat 4x4 lifted 6.7l,0.7260091316820882
f-250 lariat 6.7,0.333306396218029
f-250 lifted,0.353468827023314
f-250 platinum,0.4645137177259687
f-250 platinum 4x4 lifted 6.7l,0.7560608509434725
f-250 platinum crew cab 4wd,0.44392702735464046
f-250 plow truck,0.0110812558083154
f-250 sd,0.31110473181752546
f-250 sd 6.7 super duty fx4 xlt crew cab long bed,0.1716938058103357
f-250 sd king ranch,0.2595761444906865
f-250 sd lariat,0.20100138726143812
f-250 sd xl supercab long bed 2wd 4-speed automati,0.0888621762495454
f-250 sd xlt supercab,0.026182876075801
f-250 service utility bed,0.0999737363125782
f-250 stx,0.4342094630086064
f-250 super cab 4wd,0.1312881328538526
f-250 super cab 7.3l diesel,0.2524950503050628
f-250 super dully,0.3121035193341145
f-250 super duty,0.24717472185684508
f-250 super duty 4x2 2dr re,0.3589290530985145
f-250 super duty 4x4,0.2205029404310183
f-250 super duty 4x4 6.8l v,0.21108933694290669
f-250 super duty 4x4176373,0.1817851226312174
f-250 super duty crew 4x4 32k ml.1owner*new wheels 6.2l,0.40367085538809644
f-250 super duty ext cab,0.4108953897127156
f-250 super duty king ranc,0.2928199119156329
f-250 super duty king ranch,0.6059874473042682
f-250 super duty king ranch 4dr crew cab,0.1408844801810174
f-250 super duty lariat,0.41837140124949734
f-250 super duty lariat 4d,0.1816942098670653
f-250 super duty lariat 4dr crew cab lariat,0.1206816437027758
f-250 super duty lariat 4x4,0.5529718372459493
f-250 super duty lariat cre,0.3328114267243121
f-250 super duty lariat crew 6.7 liter,0.6868156289142996
f-250 super duty lariat lift 6.7 liter,0.6868156289142996
f-250 super duty platinum,0.5583508424582811
f-250 super duty powerstr,0.2115944078548628
f-250 super duty stx 4x4,0.6564406642692635
f-250 super duty super cab,0.1060345872560507
f-250 super duty super duty,0.3546932413553287
f-250 super duty utility,0.1615822861529758
f-250 super duty xl,0.1747165066681244
f-250 super duty xl 4x4,0.1312881328538526
f-250 super duty xl 4x4 4dr,0.5150915188492465
f-250 super duty xl utility,0.5150915188492465
f-250 super duty xl xl 2dr regular cab,0.1413390440017778
f-250 super duty xlt,0.32724402053218077
f-250 super duty xlt 1owner new tires well maint 6.2l,0.3347205947715059
f-250 super duty xlt 4dr,0.2722029172895874
f-250 super duty xlt 4dr 4w,0.2019475534365024
f-250 super duty xlt 4dr c,0.1716028930461836
f-250 super duty xlt 4dr cr,0.1716837043920966
f-250 super duty xlt 4dr crew cab xlt,0.2120489716756232
f-250 super duty xlt 4dr e,0.1008828639540991
f-250 super duty xlt 4dr su,0.2524546446321063
f-250 super duty xlt 4x4,0.2625964685441836
f-250 super duty xlt 4x4 /,0.1917956281061861
f-250 super duty xlt 4x4 / super cab / 7.3 l powerstroke turbo diesel / long bed / manual transmission,0.2018970463453068
f-250 super duty xlt 4x4 4d,0.222150389914744
f-250 super duty xlt lifted crew,0.5150915188492465
f-250 super duty xlt super,0.2321810982261909
f-250 super duty xlt v10 automatic long bed newer tires,0.1009333710452947
f-250 super duty xlt xlt 4dr supercab,0.1413390440017778
f-250 supercab,0.2726574811103479
f-250 supercab 4x4,0.2211402480908319
f-250 superduty,0.2792570743599068
f-250 superduty lariat,0.27318334905985503
f-250 superduty lariat crew 6.7 liter,0.6510721489912569
f-250 superduty lariat crew roush package 6.7 liter,0.7676269748272658
f-250 superduty lifted stx 8ft 6.7l diesel,0.6363085377186958
f-250 superduty xlt,0.4747363529839589
f-250 superduty xlt crew cab 6.7 liter,0.4847872641318841
f-250 superduty xlt deisel,0.0454260778213261
f-250 supert duty xlt,0.0605276980888116
f-250 transit van,0.3737221705927512
"f-250 utility super duty xl, heavy duty ladder rack!!",0.3535092326962705
f-250 v10,0.0908824598973696
f-250 xl,0.12534849892924962
f-250 xl 4x4,0.4635035759020566
f-250 xl crew cab,0.1161360054951715
f-250 xl regular cab,0.2722029172895874
f-250 xl service body,0.5251222271606935
f-250 xl supercab 4wd,0.2221705927512222
f-250 xlt,0.2727046210621304
f-250 xlt 4x4,0.26757310059665707
f-250 xlt 4x4 1-owner 98k ml.new wheels&tires 6.2l,0.2369489676350559
f-250 xlt 4x4 lifted 6.7l,0.5545375570730131
f-250 xlt 4x4 super cab 7.3l powerstorke long bed 1owner,0.222150389914744
f-250 xlt crew,0.4737262111600469
f-250 xlt crew cab,0.4949290880439613
f-250 xlt super duty,0.5251929370883672
f-250f-250 xlt,0.0151218231039637
f-250sd,0.4816309732010268
f-250sd lariat,0.722817083518526
f-250sd lariat 4wd!crew,0.40117782536668145
f-250sd platinum,0.3933492262313629
f-250sd xl,0.280284051880884
f-250sd xl extended cab,0.1206715422845367
f-250sd xlt,0.22204432502323324
f-250sd xlt 4wd!standard,0.16319177879240904
f-250sd xltcrew cab,0.5564871307931634
f-330 king ranch lariat,0.2772435249909087
f-350,0.3348931066068465
f-350 4dr crew dually,0.1504808275081821
f-350 4wd drw 1owner rust free tx truck,0.2615964281385106
f-350 4x 4 utility,0.3231140652147561
f-350 4x4 6.7 lariat,0.383823588831872
f-350 4x4 drw,0.3929148652470807
f-350 4x4 ex-cab w/ 9' contractor dump,0.24139359166026902
f-350 4x4 mason dump truck,0.3231645723059517
f-350 4x4 quad cab,0.070679623419128
f-350 4x4 service utility,0.2170870540223847
"f-350 4x4 super duty xl,service truck!",0.242393632065942
f-350 6.7 diesel 4x4 utility truck bed leveled 35s,0.6161057012404542
f-350 6.7 powerstroke diesel 4x4 dually with utility bed,0.5554971918057295
f-350 6.7l diesel utility super duty xl! 4 brand new tires!,0.2726978867833043
f-350 chassis,0.3433876116206715
f-350 chassis cab,0.14537961129742613
f-350 crane,0.3929148652470807
f-350 crew cab,0.2423532263929855
f-350 crew cab dump bed 4x4 drw,0.3939149056527536
f-350 crew cab lariat 4x4,0.4097885628856576
f-350 crew cab lariat 4x4 drw,0.3939149056527536
f-350 crew cab xlt 4x4,0.36024351152235107
f-350 crewcab lariat 4x4,0.0757303325386884
f-350 diesel,0.2626065699624227
f-350 diesel 4x4 7.3l power,0.332306355812356
f-350 diesel 4x4 7.3l power stroke turbo diesel crew cab dually xlt,0.3121035193341145
f-350 diesel 4x4 7.3l power stroke turbo diesel ext cab long bed dually 6-speed manual,0.332306355812356
f-350 diesel 4x4 crew cab,0.2514950098993899
f-350 diesel truck 6.7l powerstroke super duty kingranch,0.3837225746494808
f-350 diesel truck 6.7l super duty king ranch,0.6968665400622248
f-350 diesel truck 6.7l super duty turbo diesel lariat one owner 440 hp,0.6463594488666209
f-350 diesel truck 6.7l turbo diesel one owner lariat,0.3837225746494808
f-350 drw,0.5522546365509718
f-350 drw 4x4,0.353468827023314
f-350 drw lariat,0.2908905410319609
f-350 dually 4x4,0.1413794496747343
f-350 dually crew cab,0.5757101297022102
f-350 dually diesel,0.4292799709079155
f-350 dump truck,0.0555274960604468
f-350 ext cab 6.7 diesel,0.272586771182674
f-350 ext cab xl 4x4,0.3347494559664748
f-350 extended cab,0.4185017576467736
f-350 f-250,0.2222008970059396
f-350 f350 f-350 super duty,0.9393510848923188
f-350 f350 super duty platinum loaded lifted 37s,0.9393510848923188
f-350 flat bed,0.3938744999797972
f-350 flatbed drw liftgate,0.241393591660269
f-350 fx,0.1565416784516546
f-350 fx4 4x4 power stroke 6 speed manual long bed,0.1918461351973817
f-350 fx4 dually,0.1060345872560507
f-350 king ranch,0.1615418804800193
f-350 king ranch 4x4,0.1716432987191401
f-350 lariat,0.22499450033895865
f-350 lariat 4dr supercab 7.3l power stroke dually,0.1918461351973817
f-350 lariat 4x4,0.3635702452624348
f-350 lariat 4x4 lifted 6.7l,0.6494908885207484
f-350 lariat 6.7 diesel,0.555537597478686
f-350 lariat crewcab dually,0.5959028647622127
f-350 lariat diesel,0.46967554244615944
f-350 lariat fx4,0.8848539334922624
f-350 lariat srw,0.4827669804840599
f-350 lariat superduty crew drw 4x4 6.7,0.5655986100448503
f-350 lariat ultimate lifted diesel only 49k mles loaded,0.6858559941815832
f-350 lifted diesel super duty 6 passenger bench seats,0.7868701765727909
f-350 lifted dually diesel lariat adaptive dbl roof,0.8979857772031193
f-350 lifted f350 lariat 6.7l power stroke diesel 4x4,0.6555517394642209
f-350 lifted super duty power stroke diesel loaded,0.8373772677683947
f-350 platinum,0.7219635136773204
f-350 platinum diesel,0.777768798739343
f-350 platinum tremor,0.8585801446523093
f-350 rwd automatic,0.1191664309669077
f-350 sd,0.32376650613252944
f-350 sd crew cab,0.6515111721685726
f-350 sd fx4 crew cab,0.4949290880439613
f-350 sd lariat crew cab 4x,0.2784297201041312
f-350 sd lariat crew cab long bed 4wd,0.3388162607120948
f-350 sd lariat crew cab long bed drw 4wd,0.2221907955877005
f-350 sd xl crew cab long,0.26619257343731056
f-350 sd xl crew cab lwb,0.2929007232615459
f-350 sd xlt 4x4 dually cre,0.2423532263929855
f-350 service,0.1312780314356135
f-350 super cab 4x4,0.1816942098670653
f-350 super dut,0.35181892871092435
f-350 super duty,0.27114789184442734
f-350 super duty / flat bed / crew cab / 4x4 / 7.3l / powerstroke turbo diesel / 6 speed manual / 1-ton / lifted,0.2928098104973938
f-350 super duty 2008,0.2525051517233019
f-350 super duty 4x2 2dr re,0.3127745421171418
f-350 super duty 4x4/14km /with camper,0.3737120691745121
f-350 super duty crew,0.1161360054951715
f-350 super duty crew cab xlt 6.7 liter,0.5049901006101257
f-350 super duty crwc,0.2019475534365024
f-350 super duty diesel,0.25608105377995066
f-350 super duty drw,0.30153631347618975
f-350 super duty dump,0.1615418804800193
f-350 super duty fx4,0.19184613519738164
f-350 super duty fx4 fx4 4dr crew cab,0.2423532263929855
f-350 super duty king ranc,0.6261566123883794
f-350 super duty king ranch,0.2119984645844276
f-350 super duty lariat,0.43749386699606907
f-350 super duty lariat 4,0.2625156571982706
f-350 super duty lariat 4d,0.2271606933613479
f-350 super duty lariat 4dr crew cab lariat,0.2423532263929855
f-350 super duty lariat 4dr crew cab lb drw,0.2423027193017899
f-350 super duty lariat 4x4,0.6295742588926152
f-350 super duty lariat 4x4 lifted double roof diesel,0.7969715948119116
f-350 super duty lariat crew 8ft lb 6.7 liter,0.6868156289142996
f-350 super duty lariat drw,0.4342296658450846
f-350 super duty lariat powerstroke v8 4x4,0.1211362075235363
f-350 super duty limited,0.0008283162956079
f-350 super duty platinum,0.5757252818295688
f-350 super duty platinum 4,0.444381591175401
f-350 super duty platinum lifted diesel on 37's,0.8272758495292739
f-350 super duty platinum lifted diesel truck on 40's,0.8979857772031193
f-350 super duty srw,0.2110893369429067
f-350 super duty super duty,0.381570972564548
f-350 super duty xl,0.21926037415653155
f-350 super duty xl 4dr sup,0.0706291163279324
f-350 super duty xl 4wd 6.7 diesel f350 dually utility truck w/rack,0.535294355327488
"f-350 super duty xl contractors, 9ft flat bed,ladder rack!",0.3434078144571498
f-350 super duty xl dually,0.3939149056527536
f-350 super duty xl xl 4dr crew cab,0.2119984645844276
f-350 super duty xlt,0.21081281061861085
f-350 super duty xlt 4dr,0.5240312739908684
f-350 super duty xlt 4dr c,0.242312820720029
f-350 super duty xlt 4dr cr,0.2928603175885894
f-350 super duty xlt 4dr su,0.0908723584791304
f-350 super duty xlt 4dr supercab xlt,0.1514404622408986
f-350 super duty xlt 4x4 4d,0.46584710493353265
f-350 super duty xlt 4x4 6,0.5957008363974302
"f-350 super duty, dually",0.0908824598973696
"f-350 super duty, f250",0.5454462806578044
"f-350 super duty,$331 month, $1500 down, f350, 6.7 turbo 6.7 turbo diesel, power stroke, very solid truck, runs great!!",0.1916946139237949
f-350 supercab lariat,0.131237625762657
f-350 superduty dually 4x4,0.4140773364580387
f-350 superduty lariat crew drw,0.4645844276536425
f-350 superduty platinum drw 4wd,0.5858014465230919
f-350 superduty xlt,0.131237625762657
f-350 superduty xlt drw 6.7 liter diesel,0.5858014465230919
f-350 utility truck,0.2567838238774438
f-350 xl,0.25570730130510316
f-350 xl 4x4,0.3919047234231686
f-350 xl cab & chassis,0.070174552507172
f-350 xl extended cab util,0.191876439452099
f-350 xl super duty,0.1413895510929734
f-350 xlt,0.16537789405632544
f-350 xlt 460,0.0858317507778092
f-350 xlt 4x4,0.2322518081538647
f-350 xlt lariat,0.4541799668673482
f-350 xlt power stroke,0.1403794092690613
f-350 xlt stake bed,0.5815184451897046
f-350 xlt super duty,0.1943967433027597
f-350.,0.1691684512505555
f-350crew cab 4x4 diesel,0.353468827023314
f-350sd,0.4608213126456288
f-350sd king ranch,0.7975170713968242
f-350sd lariat,0.2273122146349347
f-350sd limited,0.8206190149096934
f-350sd platinum,0.7262616671380663
f-350sd platinum fx4crew,0.7272718089619783
f-350sd xl,0.23856519455331526
f-350sd xlt fx4crew cab,0.4141278435492343
f-350sd xltcrew cab,0.34442805769930096
f-450,0.2926999193110955
f-450 11ft dump,0.6363085377186958
f-450 12' contractor body,0.4948886823710048
f-450 4 x 4,0.2928098104973938
f-450 4 x 4 utility,0.2928098104973938
f-450 4x2 truck w/new crysteel 11' contractor dump,0.24139359166026902
f-450 4x4,0.2222008970059396
f-450 4x4 flatbed truck,0.318164370277587
f-450 4x4 reg cab w/9' contractor dump,0.3383672067558285
f-450 altec 35 foot bucket boom,0.1514404622408986
f-450 contractor 12',0.4948886823710048
f-450 crew cab dump truck 6,0.44392702735464057
f-450 crew cab xl 4x2 dump bed drw,0.3434078144571498
f-450 diesel - contractor body - utility box 6.0 bulletproof - low low miles,0.17146147319083602
f-450 dually lariat,0.6464099559578165
f-450 dump truck,0.1918966422885773
f-450 f450 f 450,0.0550224251484908
f-450 repo truck,0.1464402602125338
f-450 sd,0.3832507320869955
f-450 sd 41 foot 4x4 3 point,0.2423532263929855
f-450 super cab,0.2898803992080488
f-450 super duty,0.36672749965206225
f-450 super duty 4x4,0.2220998828235484
f-450 super duty 4x4 4dr cr,0.3938744999797972
f-450 super duty 6.8l v10,0.3025071720069497
f-450 super duty drw platinum,0.8282354842619905
f-450 super duty king ranch,0.8787930825487899
f-450 super duty lariat,0.5848831357740809
f-450 super duty lariat 4,0.9787971231160856
f-450 super duty platinum,0.8989454119358359
f-450 super duty superduty platinum drw 4wd,0.6060042830013335
f-450 wrecker,0.1413895510929734
f-450 xl,0.1413390440017778
f-450 xlt,0.3929148652470807
f-450sd,0.36034899984889385
f-450sd drw crew cab,0.2919006828558729
f-450sd xl drw crew cab,0.2919006828558729
f-550,0.32142971983214086
f-550 11' utility truck,0.3029617358277102
f-550 11ft flatbed,0.5242333023556508
f-550 12' chipper dump,0.6969170471534204
f-550 12' utility truck,0.2979110267081498
f-550 14' plumber body,0.3332659905450725
f-550 4x2 ext-cab w/new 9' contractor dump,0.3424077740514768
f-550 4x2 reg cab new 9' crysteel contractor dump,0.2716978463776314
f-550 4x4 box truck,0.626207119479575
f-550 4x4 flatbed,0.1918461351973817
f-550 4x4 reg cab fire grass truck utility truck,0.2514950098993899
f-550 9ft flatbed,0.527768798739343
f-550 bucket truck,0.5385907848128545
f-550 bus,0.0999737363125782
f-550 cab & chas 4x4 drw snatcher,0.3939149056527536
f-550 cab chassis diesel,0.2919006828558729
f-550 chassis,0.4949088852074831
f-550 crew cab,0.3424077740514768
f-550 crew cab flat bed xlt 4x4 drw,0.3838134874136328
f-550 enclosed service truck,0.1918461351973817
f-550 flatbed diesel,0.3929148652470807
f-550 forestry bucket truck,0.545325063638935
f-550 regular cab 2wd drw,0.1110852963756111
f-550 service truck under deck compressor,0.1615418804800193
f-550 super duty,0.2905456145555031
f-550 super duty 4x4,0.3433169016929976
f-550 super duty cab n chassis,0.0605276980888116
f-550 super duty xl,0.2220998828235484
f-550 super duty xlt,0.1918865408703381
f-550 xl,0.4292799709079154
f-550 xl 2wd flatbed 7.3 li,0.0907612428785001
f-550 xl super duty 6.0l v8 diesel,0.1767445149298961
f-550sd,0.47499730628846953
f-640 dump,0.3888742979514323
f-650,0.36404077584105704
f-650 diesel,0.3686714614731908
f-650 dump,0.3888742979514323
f-650 extended cab,0.2919006828558729
f-650 sd,0.4150369711907551
f-650 service crane truck,0.0151218231039637
f-650 super duty,0.2119984645844276
f-650sd,0.39658504720729454
f-750,0.3300428898735901
f-750 bucket truck,0.7473534284213504
f-750 crew cab,0.292405753767829
f-750 f750,0.4807972039274314
f-750 forestry bucket truck,0.7473534284213504
f-750 xl,0.1413895510929734
f-750sd,0.6000877380327055
f-800,0.31888590015180984
f-pace,0.33933436803546824
f-pace 20d,0.4140773364580387
f-pace 20d premium sport,0.3332154834538769
f-pace 20d prestige,0.0176471776637439
f-pace 20d prestige sport,0.28865040298716754
f-pace 25t premium,0.3828134470079599
f-pace 25t premium sport,0.3234654188926385
f-pace 25t prestige sport,0.33927633439734944
f-pace 25t sport utility,0.37375584198688167
f-pace 30t portfolio,0.5049395935189301
f-pace 30t premium sport,0.3231140652147561
f-pace 30t r-sport suv 4d,0.5211018627015234
f-pace 35t premium sport,0.337415546826985
f-pace 35t r-sport,0.40857206351771785
f-pace 35t r-sport suv 4d,0.3130126469756353
f-pace s sport utility 4d,0.3097801931391167
f-super dudy,0.1312881328538526
f-super duty,0.8382863954099156
f-superduty,0.0060305466887551
f-type,0.4125870801672319
f-type 2.0 296 hp coupe,0.4443310840842054
f-type 3.0 340 hp,0.4705947715059194
f-type 3.0 340 hp coupe,0.44736150955594167
f-type convertible 2d,0.3573034807933188
f-type coupe 2d,0.3231140652147561
f-type coupe manual,0.3888742979514323
f-type r,0.3131136611580266
f-type r 2dr convertibl,0.6212069174512101
f-type s convertible,0.3812982342720918
f-type v8 s,0.3675401026304093
f-type v8 s convertible,0.3493777526364701
f-type v8r,0.5251929370883672
f/15o sport fx4,0.1004788072245343
f/8oo dump truck,0.2722029172895874
f1-50,0.0100711139844034
f100,0.07401309143803786
f1250 xlt crew 4x4,0.131237625762657
f140,0.0503757727584952
f150,0.14483130187965415
f150 (eco boost) 4x4,0.1918865408703381
f150 (northland edition),0.1110347892844155
f150 - triton v8,0.0201725322235241
f150 2011,0.0959331690169299
f150 2wd,0.259454927471817
f150 2wd supercrew,0.1201765727908198
f150 3dr ext,0.1211766131964928
f150 4 x 4,0.0401228332457877
f150 4*4,0.0959331690169299
f150 4door 4x4,0.00754575942462315
f150 4wd,0.3215461006280837
f150 4wd f-150 4x4,0.6111863105580024
f150 4wd f-150 4x4 lariat,0.5301426320255365
f150 4wd truck f-150 lariat,0.5588811669158351
f150 4x4,0.12942773258080661
f150 4x4 crew cab,0.2919006828558729
f150 4x4 heritage,0.1262374237342922
f150 4x4 lariat,0.3365321157757215
f150 4x4 lariat 4wd f-150,0.5439512707584145
f150 4x4 pickup truck,0.0807810416582488
f150 4x4 platinum,0.2235847913046991
f150 4x4 supercrew,0.111075194957372
f150 4x4 supwer crew xlt,0.240383449836357
f150 4x4 xlt,0.13728669171818386
f150 4x4 xlt 4wd f-150,0.3431956846741282
f150 4x4 xlt crew,0.2272516061255
f150 4x4 xtr,0.1060345872560507
f150 7700,0.005020404864843
f150 7700 4x4,0.0555274960604468
f150 8ft,0.0656289142995676
f150 cab fx2,0.1312780314356135
f150 crew cab,0.0807305345670532
f150 crew cab 4x4,0.13808133661966135
f150 crew cab 4x4 xlt,0.1615620833164976
f150 crew cab king ranch,0.1918966422885773
f150 crew cab xlt,0.1666329952725362
f150 crew lariat 4wd v8,0.2906582084124611
f150 crew lariat v8 5.0,0.2906582084124611
f150 crew xlt 4x4,0.3130227483938745
f150 crewcab lariat 4x4,0.191876439452099
f150 crewcab platinum,0.4040163238918744
f150 crewcab xlt,0.2928603175885894
f150 ecoboost,0.22319841205705276
f150 ecoboost 4x4,0.2817992646167522
f150 ecoboost lariat,0.3333164976362681
f150 ext cab 5.0 4x4,0.1565416784516546
f150 extended 4dr,0.1514808679138551
f150 extended cab,0.08175077780920438
f150 extended cab 4x4,0.1262374237342922
f150 extra cab,0.0555274960604468
f150 f150,0.0908723584791304
f150 flare side,0.1413895510929734
f150 fx-2 sport,0.0706291163279324
f150 fx/2 sport,0.070174552507172
f150 fx2,0.1464335259337077
f150 fx2 rwd 1/2 ton gas,0.2322922138268212
f150 fx2 rwd half ton gas,0.2474443411855024
f150 fx4,0.1849427674138202
f150 fx4 4x4,0.1859186229746656
f150 fx4 4x4 1/2 ton gas,0.31108327609196335
f150 fx4 4x4 half ton gas,0.3156289142995677
f150 fx4 4x4 supercrew,0.0807305345670532
f150 fx4 crewcab,0.1666430966907753
f150 fx4 ecoboost,0.1803709240777405
f150 fx4 off road,0.4353408218513879
f150 fx4 super crew 4x4,0.0706291163279324
f150 fx4 supercrew,0.14135924683825604
f150 fx4 supercrew 4x4,0.0908824598973696
f150 fxrew 4x44 supercrew,0.3121035193341145
f150 heritage,0.1166971953973448
f150 king ranch,0.20678739545032118
f150 king ranch 4x4,0.2694634126631379
f150 king ranch 4x4 1/2 ton,0.4141177421309951
f150 king ranch fx4,0.3929148652470807
f150 king ranch fx4 4x4 gas,0.4141177421309951
f150 king ranch super crew,0.3787728797123116
f150 lariat,0.29198278374453984
f150 lariat 4wd,0.5207951245135305
f150 lariat 4wd f-150,0.5365637668862042
f150 lariat 4wd f-150 4x4,0.5251643164033565
f150 lariat 4x4,0.28144133769714597
f150 lariat 4x4 1/2 ton gas,0.43640380186301236
f150 lariat 4x4 crew cab,0.5749929290072326
f150 lariat 4x4 half ton,0.4463740276702417
f150 lariat 4x4 supercab,0.1514606650773768
f150 lariat 4x4 supercrew,0.3939048042345145
f150 lariat crew cab,0.2535102428380944
f150 lariat ecoboost 4wd,0.313063154066831
f150 lariat fx4,0.214624833326599
f150 lariat fx4 4x4 1/2 ton,0.49066755222433234
f150 lariat fx4 4x4 gas,0.5083976456961224
f150 lariat fx4 super crew,0.239878378924401
f150 lariat fx4 supercrew,0.24341387530809322
f150 lariat limited,0.1908763990464261
f150 lariat sport 4x4 gas,0.46007919511899475
f150 lariat supercab,0.1412885369105822
f150 lariat supercrew,0.2520137898789561
f150 lariat supercrew 4x4,0.2536559918726875
f150 lariet,0.0302739504626449
f150 lightning svt,0.27775869732110386
f150 limited,0.24347336143772358
f150 limited 4wd,0.5724069659380178
f150 limited 4x4 1/2 ton,0.5353347610004445
f150 limited 4x4 half ton,0.424219160370116
f150 lt,0.2312921734211483
f150 off road,0.0807305345670532
f150 pickup,0.37355044648268604
f150 platinum,0.30797708998343365
f150 platinum 4 x 4,0.3434179158753889
f150 platinum 4x4,0.28925074413781027
f150 platinum 4x4 1/2 ton,0.48482766980484066
f150 platinum 4x4 half ton,0.41150147480706295
f150 platinum fx4 4x4 gas,0.4118729825223017
f150 platinum/30 ft trailer,0.4090771344296739
f150 raptor,0.6417658289223807
f150 raptor 4x4,0.3785203442563335
f150 raptor 4x4 1/2 ton gas,0.7626166713806619
f150 raptor 4x4 half ton,0.7222109984241788
f150 raptor 6.2l 4x4 crew,0.3938744999797972
f150 raptor supercrew 4x4,0.5949432300294962
f150 reg cab,0.0898723180734575
f150 reg short bed,0.0706291163279324
f150 regular cab,0.09928044917914634
f150 regular cab 2wd,0.1696735221625116
f150 regular cab long bed,0.1504808275081821
f150 regular cab xl,0.21767209449540045
f150 regular cab xl pickup,0.2735934406440664
f150 regular cab xlt pickup,0.26030160998240515
f150 short bed,0.1009333710452947
f150 sport,0.35857004323407
f150 sport 4x4,0.3787627782940724
f150 sport 4x4 1/2 ton gas,0.3939149056527536
f150 sport fx2,0.0706291163279324
f150 stepside 4x4,0.1009737767182512
f150 stx,0.28411097418077497
f150 stx 4wd,0.31912905571942296
f150 stx 4wd f-150 4x4,0.3215079397147359
f150 stx 4wd pickup truck,0.3215079397147359
f150 stx 4x4,0.11865125863671255
f150 stx 4x4 1/2 ton gas,0.38381348741363286
f150 stx 4x4 half ton gas,0.3864926943435166
f150 stx super cab,0.1322730211321669
f150 super cab,0.1457907521384833
f150 super cab 4wd,0.1913915713766212
f150 super cab 4x4,0.096943310840842
f150 super cab 4x4 xlt,0.1464099559578164
f150 super cab four-door,0.136338841973413
f150 super cab fx4 6-1/2,0.1716432987191401
f150 super cab lariat,0.33964140319686853
f150 super cab stx 4x4,0.0656289142995676
f150 super cab stx pickup,0.20592751222271605
f150 super cab xl pickup 4d,0.27209666015655304
f150 super cab xlt,0.20400263085826134
f150 super cab xlt pickup,0.3170209859369017
f150 super crew,0.181019940199604
f150 super crew 4x4 xlt,0.250252535455978
f150 super crew 5.0 4x4,0.240383449836357
f150 super crew cab 4x4,0.0383550850539415
f150 super crew cab limited,0.1504808275081821
f150 super crew fx4,0.1463897531213382
f150 super crew fx4 4x4,0.1413289425835387
f150 super crew xl 4x4,0.2019475534365024
f150 super crew xlt,0.3525091922905976
f150 super crew xlt 4x4,0.1009333710452947
f150 supercab 4dr,0.1665420825083841
f150 supercab 4x4,0.163748318835393
f150 supercab eddie bauer,0.0595680633560952
f150 supercab stx 4x4,0.35687973924872385
f150 supercab xl,0.1509858984201381
f150 supercab xlt,0.1406142672431209
f150 supercab xlt 4x4,0.1109681199240373
f150 supercrew,0.17782269277665402
f150 supercrew 4wd,0.1620848317103721
f150 supercrew 4x4,0.16829228613170968
f150 supercrew cab,0.24752999358845826
f150 supercrew cab 4x4,0.07343225988928842
f150 supercrew cab fx2,0.2625055557800315
f150 supercrew cab fx4,0.3042130684378856
f150 supercrew cab king,0.38951405443991
f150 supercrew cab lariat,0.3920518456920383
f150 supercrew cab limited,0.3392763343973494
f150 supercrew cab platinum,0.375706802176202
f150 supercrew cab stx,0.168289627863752
f150 supercrew cab svt,0.4645339205624469
f150 supercrew cab xl,0.3435854063028096
f150 supercrew cab xlt,0.32297249810841366
f150 supercrew cab xlt 4x4,0.13373772677683946
f150 supercrew cab xlt pic,0.2624853529435532
f150 supercrew fx4,0.1541047113014667
f150 supercrew fx4 4wd,0.292405753767829
f150 supercrew fx4 4x4,0.22859172761188998
f150 supercrew king ranch,0.12926784920602846
f150 supercrew lariat,0.2986349616819534
f150 supercrew lariat 4x4,0.26762360768785265
f150 supercrew platinum,0.2722029172895874
f150 supercrew platinum 4x4,0.200987918703786
f150 supercrew stx,0.4368055274960604
f150 supercrew xlt,0.2253030425471736
f150 supercrew xlt 4x4,0.20387243480095713
f150 svt lightning,0.3215315096906272
f150 svt raptor,0.43431384433041065
f150 svt raptor 4x4,0.3939149056527536
f150 svt raptor 4x4 gas,0.3535092326962705
f150 sxt,0.0807305345670532
f150 triton,0.0802759707462927
f150 truck,0.0151218231039637
f150 work truck,0.0908723584791304
f150 xcab,0.0543860357994262
f150 xl,0.10526481327069225
f150 xl 2wd,0.1362883348822174
f150 xl 4wd,0.2805200577433799
f150 xl 4x4,0.250964685441836
f150 xl extended cab,0.0595680633560952
f150 xl fx4,0.1530061820679623
f150 xl lwb,0.2575558608428623
f150 xl reg cab,0.1009333710452947
f150 xl rwd,0.1105802254636551
f150 xl single cab,0.1615418804800193
f150 xl stx 4x4 1/2 ton gas,0.3939149056527536
f150 xl super cab,0.11562487373227195
f150 xl supercab,0.1090549113095478
f150 xl supercab 4x4,0.2969008848842377
f150 xl triton,0.0221928158713483
f150 xlt,0.1897293318307881
f150 xlt 4wd,0.3711326720271526
f150 xlt 4wd f-150,0.4412855064851105
f150 xlt 4wd f-150 4x4,0.3863524788880358
f150 xlt 4x4,0.22326690088975235
f150 xlt 4x4 1/2 ton gas,0.3767783546809972
f150 xlt 4x4 half ton gas,0.3878210921866061
f150 xlt 4x4 supercab,0.0807305345670532
f150 xlt 4x4 supercrew,0.19152625695314285
f150 xlt 4x4 truck,0.3653076891995636
f150 xlt 4×4,0.1706836639864236
f150 xlt crew,0.0605681037617681
f150 xlt crew 4x4,0.21156915430926493
f150 xlt crew cab,0.14706654814335923
f150 xlt crew cab 4x4,0.14306975366008046
f150 xlt ecoboost 4x4,0.3029617358277102
f150 xlt ext cab,0.045415976403087
f150 xlt ext. cab,0.1141056204291082
f150 xlt f-150,0.37065133944805845
f150 xlt fx4,0.14290476382884154
f150 xlt fx4 4x4 1/2 ton,0.3821555079666518
f150 xlt fx4 4x4 half ton,0.38507616469352296
f150 xlt lariat,0.07807049443075137
f150 xlt lariat 4x4,0.0297688795506889
f150 xlt pickup,0.1723335622988134
f150 xlt sport,0.0484565032930623
f150 xlt sport 4x4,0.313063154066831
f150 xlt sport 4x4 1/2 ton,0.384089739242868
f150 xlt sport 4x4 half ton,0.3775781257619604
f150 xlt sport crew,0.3635096367530001
f150 xlt sport edition,0.057547779708271
f150 xlt super crew,0.3787728797123116
f150 xlt supercab,0.1107317467372419
f150 xlt supercab 4x4,0.2019677562729807
f150 xlt supercab styleside,0.060544533785876826
f150 xlt supercrew,0.23302406157824557
f150 xlt supercrew 4wd,0.2120489716756232
f150 xlt supercrew 4x4,0.20092057591552517
f150 xlt supercrew cab,0.200987918703786
f150 xlt texas editio,0.1403794092690613
f150 xlt triton,0.0535072124126227
f150 xlt triton v8,0.0393652268778536
f150 xlt xtr 4x4 1/2 ton,0.37595691512011364
f150 xlt xtr 4x4 half ton,0.3988475876749938
f150 xlt_4x4,0.07042708796315
f150 xtra cab 4x4,0.1009333710452947
"f150, platinum",0.242393632065942
"f150, xlt",0.1817851226312174
f150xl,0.0423956523495898
f150xlt,0.09340276374803014
f150xlt 4x4,0.0464362196452382
f15o fx4 sport,0.1009333710452947
f2 50 xtl long bed,0.0226978867833043
f25,0.0252232413430845
f250,0.25533385317714674
f250 4wd,0.5504633183832344
f250 4x4,0.23905885460392706
f250 4x4 diesel,0.3929148652470807
f250 4x4 diesel crew cab,0.4535233746818053
f250 4x4 fx4,0.12368681562891425
f250 4x4 platinum,0.6512838902581924
f250 4x4 xl diesel,0.4848276698048406
f250 6.4l diesel 4x4,0.1666430966907753
f250 7.3 diesel,0.05047678694088647
f250 cng,0.1413390440017778
f250 cng conversion,0.1413390440017778
f250 crew,0.21649359570083634
f250 crew 4x4,0.23669643217907788
f250 crew 4x4 6.2 v8,0.1858357913451048
f250 crew cab,0.41867348175683866
f250 crew cab 4x4,0.27306153783991266
f250 crew cab automatic,0.4034203402157663
f250 crew cab diesel,0.7464645036163078
f250 crew cab lariat,0.3373570649319164
f250 crew cab long bed,0.1161360054951715
f250 deisel power stroke,0.6912147965574367
f250 deisel powerstroke 4x4,0.696957452826377
f250 diesel,0.13471802350140863
f250 diesel 4x4,0.4444320982665966
f250 diesel 4x4 crew cab,0.4535233746818053
f250 diesel pickup truck,0.1605822457473029
f250 diesel power stroke,0.672714049052487
f250 diesel powerstroke,0.44440179401187924
f250 diesel powerstroke 4x4,0.1403794092690613
f250 diesel powerstroke fx4,0.476413188411653
f250 diesel powerstroke xlt,0.1816639056123479
f250 diesel xl,0.1110347892844155
f250 diesels power stroke,0.7036917316524574
f250 diesels powerstroke,0.3939149056527536
f250 ext 4x4,0.2524546446321063
f250 ext cab,0.17972443331043672
f250 ext cab 4x4,0.2524546446321063
f250 extra cab 4x4 diesel,0.24228251646531168
f250 flat bed 4x4,0.0605276980888116
f250 fx4 diesel 4x4,0.424229261788355
f250 king ranch,0.506650474467356
f250 king ranch 4x4,0.6701482888197503
f250 lariat,0.17497871613455226
f250 lariat 4x4,0.21623853489029854
f250 lariat 4x4 diesel,0.5662142023563638
f250 lariat crew cab sd lb,0.2928098104973938
f250 lariat diesel truck,0.2322922138268212
f250 lariat fx4,0.1807850822255444
f250 lariat king ranch,0.1797749404016324
f250 lariat lightduty,0.1343185583255889
f250 lariat super duty,0.5545375570730131
f250 ld,0.0797708998343367
f250 manual,0.222150389914744
f250 platinum 4x4,0.46458442765364255
f250 power stroke lariat,0.666191900009428
f250 power stroke platinum,0.6969574528263769
f250 powerstoke 7.3l,0.1918966422885773
f250 powerstroke,0.222150389914744
f250 powerstroke diesel,0.1918966422885773
f250 powerstroke king fx4,0.6767546163481353
f250 powerstroke lariat,0.4842177966786537
f250 powerstroke xlt 4x4,0.1186613600549517
f250 r/cabl/bed,0.0903773889854135
f250 reg cab,0.4838276293991676
f250 regular cab automatic,0.2724554527455655
f250 s/crew,0.1514808679138551
f250 sd,0.1307830619418966
f250 sd 4d lariet,0.4434219564426845
f250 sd 4x4 xl,0.1767445149298961
f250 sd xlt,0.3366404584380117
f250 service,0.1908865004646652
f250 srw,0.4847872641318841
f250 super cab 4x4,0.200987918703786
f250 super cab xlt,0.242393632065942
f250 super duty,0.20358312713884685
f250 super duty 4x4,0.2626834369450233
f250 super duty 4x4 diesel,0.1918966422885773
f250 super duty 4x4 lariat,0.292910824679785
f250 super duty 6.2l,0.0908723584791304
f250 super duty 7.3 diesel,0.0353246595822053
f250 super duty cab xl,0.3332154834538769
f250 super duty crew,0.2755700567026277
f250 super duty crew cab,0.3601993572114273
f250 super duty crew cab l,0.141268334074104
f250 super duty crew cab xl,0.490797607984161
f250 super duty diesel,0.2620368499737363
f250 super duty fx4,0.171633197300901
f250 super duty king ranch,0.222150389914744
f250 super duty lariat,0.3587995699040589
f250 super duty lariat 4x4,0.39151177825366684
f250 super duty platinum,0.3827568790658208
f250 super duty powerstroke,0.1767445149298961
f250 super duty regular cab,0.37447049775090746
f250 super duty stx,0.3080629520384662
f250 super duty super cab,0.1679705148784707
f250 super duty xl,0.22775667703745603
f250 super duty xlt,0.30580528506202265
f250 super duty- v10,0.0705786092367368
f250 supercab 4wd,0.1312881328538526
f250 supercrew,0.2194566783843118
f250 superduty,0.15208807538800664
f250 superduty 4wd xl,0.0805285062022708
f250 superduty 7.3 diesel,0.0353246595822053
f250 turbo diesel,0.1255639958516842
f250 utility bed (boxes),0.1817851226312174
f250 utility bed v10,0.1666430966907753
f250 v10,0.0595680633560952
f250 v8 auto,0.4948179724433311
f250 xcab,0.18982585154955756
f250 xl,0.14866636025698005
f250 xl - extended cab,0.1918865408703381
f250 xl 4wd,0.0805285062022708
f250 xl 4x4,0.4272596872600913
f250 xl 4x4 3/4 ton gas,0.4949290880439613
f250 xl 4x4 diesel,0.3929148652470807
f250 xl crew 4x4,0.2928603175885894
f250 xl crew sb,0.2520000808113459
f250 xl super duty,0.24490356867156776
f250 xlreg cab 8 ft box,0.2222968604792112
f250 xlt,0.14619809200159067
f250 xlt 4x4,0.1413895510929734
f250 xlt 4x4 3/4 ton gas,0.5656390157178068
f250 xlt 4x4 crew,0.2019475534365024
f250 xlt 4x4 diesel truck,0.3838134874136328
f250 xlt crew 4x4,0.383571053375894
f250 xlt crew cab 4x4,0.2621014990504667
f250 xlt diesel 4x4,0.4948280738615702
f250 xlt fx4,0.2302820315972362
f250 xlt hd lb,0.1413895510929734
f250 xlt lariat,0.0403753687017657
f250 xlt super cab,0.0605782051800072
f250 xlt super duty,0.1918629708944469
f250 xlt super duty 4dr,0.0762354034506444
f250 xlt super duty 4x4,0.0494666451169744
"f250, x-cab, diesel",0.0504767869408865
f250hd,0.11169138146995836
f250sd,0.403703619118559
f250xlt,0.1767445149298961
f350,0.2348911582930924
f350 2wd,0.1060345872560507
f350 2wd 4dr dually diesel,0.1504808275081821
f350 4 wd dull/4dr,0.2726574811103479
f350 4wd,0.2737433835710533
f350 4x2 reg cab,0.1614913733888237
f350 4x4,0.16575192712612402
f350 4x4 bulletproof,0.2272516061255
f350 4x4 diesel,0.4376978194405161
f350 4x4 dually,0.0252232413430845
f350 4x4 dually 5 spd.,0.0494666451169744
f350 4x4 f-350,0.0706291163279324
f350 4x4 lariat,0.0797708998343367
f350 4x4 super duty,0.4747363529839589
f350 4x4 truck,0.1514404622408986
f350 5.4 van,0.0603458725605074
f350 7.3l,0.1716938058103357
f350 7.3l diesel 4x4 crew,0.2514950098993899
f350 altec 35ft bucket,0.2825770738211645
f350 crane truck,0.1413390440017778
f350 crew,0.2676572790819831
f350 crew cab,0.17758293264374317
f350 crew cab 4wd,0.21204897167562325
f350 crew cab 4x4,0.15955998222150383
f350 crew cab 4x4 flat bed,0.5655279001171765
f350 crew cab diesel,0.4797870621035193
f350 crew cab lariat,0.6858559941815832
f350 crew cab platinum,0.383823588831872
f350 crew cab super duty,0.242393632065942
f350 crew dually,0.2170996807951836
f350 crew flatbed 4x4,0.1918461351973817
f350 crew flatbed dually,0.2120489716756232
f350 crew flatbed utility,0.1948765606691179
f350 deisel power stroke,0.7714554123398926
f350 deisel powerstroke,0.6666531981090146
f350 deisel powerstroke 4x4,0.6525364661198433
f350 deisel powerstroke fx4,0.7575659622611015
f350 deisel powerstroke xlt,0.35851701078831466
f350 diesel,0.13319730090104645
f350 diesel dually,0.1716938058103357
f350 diesel dualy,0.2045234150874782
f350 diesel power stroke,0.6278573238955477
f350 diesel powerstroke,0.502508518862715
f350 diesel powerstroke 4x4,0.39789114286382654
f350 diesel powerstroke fx4,0.6852136188068954
f350 diesel powerstroke xlt,0.5057534792170535
f350 diesels power stroke,0.6940727763892337
f350 diesels powerstroke,0.3714116759290302
f350 drw,0.8787425754575943
f350 drw 4x4,0.4645844276536425
f350 dually,0.1606176007111398
f350 dually diesel,0.2045234150874782
f350 dually diesel utility,0.0805285062022708
f350 dually utility,0.0352034425633358
f350 ext cab,0.1918461351973817
f350 ext cab 4x4,0.1918461351973817
f350 f250,0.1090650127277869
f350 flatbed,0.1425259606448745
f350 fx4 king ranch,0.2825467695664471
f350 king ranch,0.29166296281331233
f350 king ranch 6.0,0.0807810416582488
f350 lariat,0.3251654422905976
f350 lariat 4x4,0.31286112570204855
f350 lariat 4x4 diesel,0.4333205382035637
f350 lariat crew 4x4,0.2272516061255
f350 lariat crew fx4,0.3080124449472706
f350 lariat diesel,0.5550426279849691
f350 lariat dually,0.4535233746818053
f350 lariat fx4,0.4828174875752555
f350 lariat fx4 crew,0.3029617358277102
f350 lariat srw 4x4,0.2625964685441836
f350 pick up,0.0191623903996121
f350 platinum,0.8333367004727464
f350 platinum 6.7 diesel,0.3534991312780314
f350 power stroke lariat,0.6442056821920655
f350 power stroke limited,0.7979716352175846
f350 power stroke platinum,0.793642455972247
f350 power stroke xlt 4x4,0.5201826336417633
f350 powerstroke,0.090831952806174
f350 powerstroke king 4x4,0.646450361630773
f350 powerstroke lariat,0.6768587386592154
f350 powerstroke limited,0.8459533718534084
f350 powerstroke platinum,0.7449404521394805
f350 powerstroke xlt 4x4,0.43898806517435046
f350 powerstroke xlt fx4,0.5858418521960483
f350 sd,0.0999737363125782
f350 suoer duty,0.0908824598973696
f350 super duty,0.2132888376515404
f350 super duty - service,0.3183057901329346
f350 super duty 4wd lb,0.1211362075235363
f350 super duty 4x4,0.27135623477899934
f350 super duty crew cab,0.472302342872871
f350 super duty crew cab k,0.5150208089215726
f350 super duty crew cab l,0.5756293183562973
f350 super duty crew cab x,0.3230938623782779
f350 super duty crewcab,0.4848377712230797
f350 super duty diesel,0.24155599138426723
f350 super duty drw,0.0696189745040203
f350 super duty kingranch,0.3888742979514323
f350 super duty larait,0.5049901006101257
f350 super duty lariat,0.41673058666031754
f350 super duty lariat 4x4,0.3737120691745121
f350 super duty lariet,0.2171501878863792
f350 super duty platinum,0.5854579983029617
f350 super duty regular ca,0.1181461877247565
f350 super duty regular cab & chassis,0.2820373694752457
f350 super duty super cab,0.16236009535738813
f350 super duty super cab & chassis,0.2267465352135439
f350 super duty xl,0.1009333710452947
f350 super duty xlt,0.21391773404986053
f350 super duty xlt 4x4,0.1311669158349832
f350 supercab,0.1514404622408986
f350 supercab 7.3,0.1464402602125338
f350 supercab 7.3 diesel,0.1464402602125338
f350 supercrew dually,0.2120489716756232
f350 superduty,0.25250515172330196
f350 superduty xl,0.1372984767061295
f350 superduty xlt 4x4,0.1302779910299406
f350 supr duty drw,0.0696189745040203
f350 utility,0.1009333710452947
f350 utility dually,0.0352034425633358
f350 utility tool truck,0.1711887348983797
f350 utility truck,0.0292638086387328
f350 work truck,0.110075154551699
f350 xl,0.12253286889257027
f350 xl - 9ft service,0.289809689280375
f350 xl 4x4 diesel,0.4434219564426845
f350 xl 4x4 f350,0.3585195361428744
f350 xl crew 4x4 diesel,0.4434219564426845
f350 xl diesel 4x4,0.1262374237342922
f350 xl fx4 4x4 one ton,0.5100812154026425
f350 xl super duty,0.13260131722493831
f350 xl utility truck,0.1817851226312174
f350 xlt,0.19129796490093873
f350 xlt 6.7l diesel 4x4,0.2514950098993899
f350 xlt crew cab 4x4,0.1211362075235363
f350 xlt diesel 4x4,0.1918461351973817
f350 xlt dually,0.070679623419128
f350 xlt fx4 4x4 one ton,0.5959432704351691
f350 xlt lariat 6.2gas,0.1716938058103357
f350 xlt stake bed,0.540476382884157
f350 xlt super duty,0.08253616307729603
"f350, xlt",0.3232049779789082
f350sd,0.32702129378964806
f350sd king ranch crew,0.5352488989454119
f350xlt,0.0383550850539415
f355,0.7968503777930422
f355 spider,1.0
f35o,0.215129904238555
f360 king ranch,0.2777586973211038
f45,0.083811467129985
f450,0.19365890685337933
f450 10' contactor utility,0.0858317507778092
f450 12' stake bed,0.0858317507778092
"f450 12ft stakebed, power lift gate!",0.2827993050224251
f450 2wd,0.0893672471615014
f450 4x4,0.15098589842013813
f450 4x4 crew cab,0.6151460665077377
f450 4x4 hydraulic liftgate,0.5656390157178068
f450 box truck,0.2817992646167522
f450 deisel power stroke,0.7979716352175846
f450 deisel powerstroke,0.175734373105984
f450 diesel flatbed,0.0706291163279324
f450 diesel power stroke,0.7979716352175846
f450 diesel powerstroke,0.1085599418158309
f450 diesel powerstroke 4x4,0.6969574528263769
f450 diesel powerstroke fx4,0.8148073322827859
f450 diesels power stroke,0.3939149056527536
f450 diesels powerstroke,0.8232251808153865
f450 dually diesel utility,0.0805285062022708
f450 dump truck diesel,0.11613600549517145
f450 econoline bus,0.0631035597397874
f450 flatbed,0.0656289142995676
f450 lariat 4wd,0.2120994787668188
f450 platinum,0.6464604630490122
f450 platinum 4x4,0.6160551941492586
f450 power stroke lariat,0.8316430293479872
f450 powerstroke king fx4,0.8484787264131884
f450 powerstroke lariat,0.7979716352175846
f450 powerstroke platinum,0.8484787264131884
f450 regular cab,0.4946866540062224
f450 sd,0.3938744999797972
f450 sd xl,0.11815426885934781
f450 shuttle bus,0.1211766131964928
f450 super duty,0.1872287299369389
f450 super duty crew,0.2316411315057725
f450 super duty crew cab,0.7001621277627379
f450 super duty crew cab & chassis,0.3939149056527536
f450 super duty king ranch,0.4847569598771667
f450 super duty powerstroke,0.1615418804800193
f450 super duty regular cab & chassis,0.6413592468382562
f450 super duty super cab & chassis,0.2423532263929855
f450 super duty xl,0.1565416784516546
f450 superduty,0.0600731342680512
f450 utility box truck,0.1913915713766212
f450 utility tow body,0.1615418804800193
f450 utility truck f550,0.2110893369429067
f450 xl,0.19152183444167498
f450 xl dump truck diesel,0.4434219564426845
f450 xl super duty,0.1767445149298961
f450 xlt,0.493898743383571
f450sd,0.3563679340579417
f50,0.1312881328538526
f50 lariat 4wd,0.0504666855226473
f550,0.254558441916073
f550 4x4,0.27355795039337805
f550 4x4 crew cab,0.5677415537712924
f550 4x4 diesel flatbed,0.646450361630773
f550 4x4 flat bed diesel,0.646450361630773
f550 bucket truck,0.5251222271606935
f550 bus,0.0999737363125782
f550 diesel,0.4141278435492343
f550 dually,0.1413794496747343
f550 dump trcuk,0.644440179401188
f550 flatbed v10 gas,0.2625560628712271
f550 lariat,0.05825487898500944
f550 mechanics truck,0.444381591175401
f550 reg cab 12' flat bed,0.0585579215321831
f550 sd,0.13613681360863059
f550 super,0.3433674087841933
f550 super duty,0.2786221095698246
f550 super duty 4wd,0.4948886823710048
f550 super duty 4x4,0.3635197381712392
f550 super duty bus,0.1838155076972807
f550 super duty crew cab & chassis,0.5959432704351691
f550 super duty crew cab h,0.2929007232615459
f550 super duty diesel,0.2119984645844276
f550 super duty regular cab & chassis,0.22995734315383584
f550 super duty rollback/wr,0.5954483009414522
f550 super duty xl 6.7l,0.4848276698048406
f550 superduty,0.1908865004646652
f550 superduty xl,0.364820295769526
f550 utility bucket truck,0.2727079882015434
f550 utility truck,0.1504808275081821
f550 xl,0.5707208708769379
f550 xl - 12ft flatbed -,0.4205018384581195
f550 xl - 16ft box truck,0.2929007232615459
f550 xl - 16ft flatbed -,0.2598892884560992
f550 xl - 25ft crane,0.7979514323811063
f550 xl - 37ft bucket,0.287971231160855
f550 xl - service utility,0.2581518445189704
f550 xl crew cab,0.3429128449634329
f550 xl super duty,0.2220998828235484
f550 xlt,0.3635197381712392
f5500sd,0.4333205382035637
f550hd,0.2523839347044325
f59,0.292910824679785
f600,0.044289668269425
f650,0.24885456039240028
f650 crew cab,0.4948886823710048
f650 dump bed,0.3121035193341145
f650 dump truck,0.3121035193341145
f650 service truck w crane,0.1868459331690169
f650 super duty,0.2726574811103479
f650 super excursion,0.5858519536142875
f650 supercrewzer,0.4944341185502445
f650 xlt,0.3934199361590367
f650xl,0.6919168451250556
f650xlt,0.4898884803426401
f700,0.07958723768453452
f700 diesel,0.05300214150066665
f7000,0.0201725322235241
f700f,0.0907612428785001
f750,0.3339726506297136
f750 26ft box,0.423219119964443
f750 26ft box truck,0.2615964281385106
f750 boom bucket truck,0.318164370277587
f750 bucket truck,0.7473534284213504
f750 dump,0.40907713442967386
f750 four car hauler rollba,0.6964624833326599
f750 service truck w crane,0.6414097539294518
f750 super duty,0.696967554244616
f750 super duty - 55ft,0.3832478079922421
f750 xl,0.2817992646167522
f7b042,0.5747403935512546
f800,0.11576303005249626
f800 dump truck,0.24484070063436902
f800 flatbed stakebed truck,0.1110852963756111
f800 rolloff,0.1868459331690169
f8oo dump truck,0.2676572790819831
farenheight jetta,0.0605782051800072
fe,0.022192815871348297
fe-180,0.2119984645844276
fe160,0.161592387571215
feaf,0.0403248616105701
festiva,0.03481958867024925
fh 100 box truck,0.0585579215321831
fiero,0.076729250564557
fiero 2m4,0.0605782051800072
fiero formula,0.03886015596589755
fiero gt,0.04730402330305353
fiero se,0.0403753687017657
fiesta,0.07381644720327042
fiesta 5dr hb se,0.0807305345670532
fiesta hatchback,0.0873570649319164
fiesta hb s,0.0504262798496909
fiesta hb se,0.0807709402400097
fiesta only 106k miles,0.0494666451169744
fiesta s,0.06085094347246348
fiesta s hatchback,0.0605681037617681
fiesta s sedan,0.04498883071754695
fiesta sdn s,0.0504666855226473
fiesta se,0.07052298409363338
fiesta se 4dr hatchback,0.0806800274758576
fiesta se 4dr sedan,0.1060345872560507
fiesta se automatic,0.0897814053093054
fiesta se fwd gas sedan,0.1110549921208937
fiesta se hatchback,0.06735337069896039
fiesta se hatchback 4d,0.1544203806214392
fiesta se sedan,0.03598125176774817
fiesta se sedan 4d,0.15088488423774693
fiesta se w/ backup camera,0.1413794496747343
fiesta sedan,0.054997171602893
fiesta sel,0.0410632752838498
fiesta ses,0.03568578528425387
fiesta ses hatchback,0.03732810753296426
fiesta ses manual,0.0201725322235241
fiesta sfe,0.0317386561073174
fiesta st,0.1150329306234595
fiesta st fwd gas hatchback,0.2221907955877005
fiesta st hatchback 4d,0.18306529261098495
fiesta st line,0.1159440785486282
fiesta titanium,0.06732306644424303
fiesta titanium 4dr sedan,0.0605276980888116
fiesta titanium hatchback,0.0806800274758576
fiesta/at,0.0413855105256778
fifth avenue,0.029263808638732833
firebird,0.09152000369423291
firebird base,0.0653662774253505
firebird base 2d coupe automatic,0.0454260778213261
firebird convertible,0.0908824598973696
firebird formula,0.08205459738855024
firebird formula 2dr,0.0868418926017212
firebird formula 350,0.0858317507778092
firebird se,0.1035092326962705
firebird t-top,0.0181522485757
firebird trans am,0.09930136066103676
firebird trans am coupe,0.0252232413430845
firebird trans am gta,0.0732049779789082
firebird trans am ws6,0.2836175198997939
firebird trans-am,0.2216958260939835
firebird transam,0.1504639918111169
firehawk,0.136338841973413
fit,0.07746214920172963
fit - lx hatchback 4d,0.0734575134348862
fit 5dr hb man,0.0797203927431411
fit base,0.0908723584791304
fit base 4dr hatchback 5a,0.0635581235605479
fit cvt lx automatic,0.1506626530364863
fit ex,0.1014664151154514
fit ex automatic,0.1302779910299406
fit ex hatcback,0.1302779910299406
fit ex hatchback,0.1307830619418966
fit ex hatchback 4d,0.16303057699300977
fit ex sport,0.11159036728756716
fit ex-l,0.13184371085700425
fit ex-l 5 doors only 54k leather moon gps 2 owner,0.131237625762657
fit ex-l hatchback 4d,0.15904458541534783
fit ex-l w/navigation,0.18001064016054513
fit exl,0.1338134874136328
fit exl fwd gas hatchback,0.1211766131964928
fit fwd gas hatchback,0.111075194957372
fit hatchback,0.05648151889414158
fit hatchback 4d,0.11317544816625585
fit hb auto sport,0.090831952806174
fit i4 fwd,0.065578407208372
fit lx,0.12350053359256344
fit lx -,0.1261869166430966
fit lx hatchback 4d,0.1575686559726318
fit lx i4 fwd,0.0857812436866136
"fit lx,hatchback,1 owner,a",0.1312275243444179
fit se,0.1262374237342922
fit sport,0.06153843411379661
fit sport 5 speed manual,0.0585579215321831
fit sport 5-speed at,0.0756293183562972
fit sport automatic,0.036572906264610926
fit sport hatchback,0.05269236467466695
fit sport hatchback 4d,0.18640080473891935
fit sport i4 fwd,0.0453755707301305
fit sport w/navi,0.0585579215321831
"fit, prius,prius c",0.0726999070669522
"fit,civic,corolla",0.0726999070669522
five hundred,0.03407084681219851
five hundred limited,0.03089266232979105
five hundred ltd,0.0302739504626449
five hundred se,0.0402238474281789
five hundred sel,0.020031112368176455
five-hundred,0.0100206068932078
fivehundred,0.005020404864843
fj,0.2923173663582367
fj 62,0.1812901531375005
fj cruiser,0.23009801010844524
fj cruiser 2011,0.2474544426037415
fj cruiser 4dr suv 4x4 / v6 4.0l / rear differential locker / xd wheels / lifted / 1-owner / 104k miles only !!!,0.2524041375409107
fj cruiser 4wd,0.19047009755725253
fj cruiser 4wd 4dr auto,0.4342801729362802
fj cruiser 4wd 4dr auto (natl),0.2019475534365024
fj cruiser 4wd auto,0.2322518081538647
fj cruiser 4x4,0.20116721887753036
fj cruiser 4x4 bad credit,0.4444017940118792
fj cruiser 4x4 gas suv,0.3288853421687071
fj cruiser 4x4 lifted long travel suspension,0.444381591175401
fj cruiser bad credit,0.4444017940118792
fj cruiser base,0.19223706008323563
fj cruiser base 4x2suv,0.3433270031112368
fj cruiser premium 1-owner overland hunting rig,0.4948886823710048
fj cruiser sport utility,0.36110525283603473
fj cruiser trail team ttse rare 2-owner,0.2928603175885894
fj cruiser trd limited one owner 4wd,0.2119984645844276
fj cruiser trd special edition 4x4 low miles mint condition,0.3433674087841933
fj cruiser upgrade pkg 2*convenience pkg*preferred premium accessory pkg*roof rack*rear lockers*rust free*level lifted*black out pkg,0.2524748474685845
"fj cruiser | *one owner*,",0.1918461351973817
fj crusier,0.1565416784516546
fj40,0.1201765727908198
fj62 land cruiser,0.1161360054951715
fk-260,0.1706836639864236
flare side,0.0353246595822053
flat bed,0.0614031543362021
flat bed lift gate,0.0555274960604468
flatbed,0.13532870014950096
flax,0.0797708998343367
fleeside,0.0353246595822053
fleetwood,0.04542102711220651
fleetwood 60,0.0555274960604468
fleetwood brougham,0.0699831572142202
fleetwood limousine,0.1161360054951715
fles limited,0.1342680512343933
flex,0.16309364154536363
flex 4dr sel fwd,0.0588104569881611
flex limited,0.13325836856585568
flex limited 4dr crossover,0.0807305345670532
flex limited automatic,0.2927188977332417
flex limited awd,0.12606049586331614
flex limited sport utility,0.23321901895026056
flex limited twin turbo ecoboost,0.2120489716756232
flex limited w/ecoboost,0.0858317507778092
flex ltd.,0.0605276980888116
flex platinum,0.11369819656013036
flex se,0.10553057965127773
flex se sport utility 4d,0.2423027193017899
flex secrossover,0.005020404864843
flex sel,0.12120051988632534
flex sel 118k awd new tires 3rd row 118k 23mpg,0.1160854984039759
flex sel 3.5l awd suv,0.0353246595822053
flex sel automatic,0.058052850620227
flex sel awd,0.1412472129268767
flex sel fwd,0.0605276980888116
flex sel is,0.0736595417996686
flex sel sport utility 4d,0.22734857974059555
flex sel sport – 3rd row,0.070174552507172
flex sel wagon,0.0594468463372257
flex selcrossover,0.131237625762657
flex sle limited,0.0651238433876116
flex titanium,0.06562891429956766
flhrsi,0.0999737363125782
flhtc,0.0503858741767344
flhtcu103,0.136338841973413
flhtkse,0.2726574811103479
flhx street glide,0.1413390440017778
flstfb,0.090831952806174
fo,0.0201220251323285
focus,0.06681405723920676
focus 4dr sdn se,0.0555173946422077
focus 4dr sdn sel,0.060477190997616
focus 4dsd,0.0828013253060729
focus 5dr hb se,0.060547900925289846
focus electric,0.1135096367530001
focus electric 3u,0.2102458685199402
focus electric automatic,0.161430764879389
focus electric base,0.1766940078387005
focus electric hatchback 4d,0.1289736453998141
focus fwd,0.0211826740474362
focus hatchback,0.04387137772325047
focus hatchback se,0.0529011273182754
focus lx,0.017255747706978027
focus only 49k miles,0.0696694815952159
focus rs,0.2908905410319608
focus rs awd gas hatchback,0.3939149056527536
focus s,0.07493189960537124
focus s automatic,0.141268334074104
focus s sedan,0.07925572750414156
focus s sedan 4d,0.1473493878540547
focus se,0.05491204383563032
focus se 4-door,0.0191623903996121
focus se 4dr,0.090831952806174
focus se 4dr hatchback.,0.0676441472382722
focus se 4dr sedan,0.1140147076649561
focus se 5-spd,0.0504666855226473
focus se automatic,0.08559184209463006
focus se flex fuel,0.0777506161865125
focus se fwd gas sedan auto,0.0706695220008889
focus se hatch,0.10222130187078265
focus se hatch 6-speed automatic,0.0656289142995676
focus se hatchback,0.06591036071119553
focus se hatchback 4d,0.13908320387756906
focus se manual,0.0504767869408865
focus se sedan,0.06421875631338636
focus se sedan 4d,0.13792981534607454
focus se sedan 6-speed automatic,0.0555274960604468
focus se sport,0.0100711139844034
focus se wagon,0.0306072972645359
focus se!,0.0282536668148208
focus sedan,0.051941492585559
focus sel,0.061450765687502476
focus sel 80k miles 38mpg tinted windows,0.0807305345670532
focus sel automatic,0.1473493878540547
focus sel hatchback,0.10600428300133333
focus sel hatchback 4d,0.0824309399706385
focus sel sedan,0.0252232413430845
focus sel sedan 4d,0.1415006666936037
focus ses,0.03399562984917589
focus ses 5dhb,0.0100206068932078
focus ses coupe,0.0403652672835266
focus ses sedan 4d,0.0504262798496909
focus sesedan,0.0545173542365348
focus sessedan,0.0393652268778536
focus sfe,0.0906804315325871
focus slt,0.0666390561234797
focus st,0.14375911070221944
focus st 4dr hatchback,0.1486625722251404
focus st hatch,0.16663552062709602
focus st hatchback,0.18807830619418964
focus st hatchback 4d,0.21925718282351264
focus st turbo,0.0874816490901989
focus st*2.0l*black in bla,0.1750979837569194
focus st2,0.1226716230958826
focus st2 hatchback,0.1908359933734696
focus st3,0.1114893531051759
focus station wagon,0.0075457594246232
focus sthatchback,0.1413390440017778
focus svt,0.0367556938327474
focus titanium,0.0834475354784256
focus titanium 5 doors heated leather moon 35k 1 owner,0.1514404622408986
focus titanium hatchback,0.09016273384783219
focus titanium hatchback 4d,0.13029819386641878
focus titanium sedan 4d,0.11991191563295481
focus wagon,0.023908036688351002
focus wagon se,0.0181017414845044
focus wagon zxw,0.0494666451169744
focus zts,0.030212219573405814
focus ztw,0.01941492585559005
focus zx3,0.021291769364418726
focus zx3 base,0.0196674613115681
focus zx3 premium,0.0353145581639662
focus zx3 s,0.0292638086387328
focus zx3 se,0.0226978867833043
focus zx3 ses,0.0191623903996121
focus zx4,0.021901063144559564
focus zx4 107k,0.0267384540789526
focus zx4 s,0.03854701200048484
focus zx4 se,0.01774819184613515
focus zx4 sedan,0.0322942341104691
focus zx4 ses,0.03225180815386476
focus zx5,0.030593828706883736
focus zx5 s,0.024549813460476466
focus zx5 s 4dr hatchback,0.0402844559376136
focust st,0.1292678492060285
forerunner,0.16916845125055557
foreser 2.5i touring,0.1292173421148329
forester,0.10742997254211521
forester (natl),0.04349940064918442
forester (natl) auto x,0.0402743545193745
forester 2.0i premium,0.1211362075235363
forester 2.0xt premium,0.2147625799389507
forester 2.0xt premium sport utility 4d,0.1497568925343785
forester 2.0xt touring,0.18670189442745908
forester 2.0xt touring aw,0.1701785930744676
forester 2.5,0.12005030506283079
forester 2.5 awd,0.0706291163279324
forester 2.5 premium,0.0429007232615459
forester 2.5 touring,0.1009636753000121
forester 2.5 x,0.06599054507252813
forester 2.5 x 4dr wago,0.0896702897086751
forester 2.5 x awd,0.0292638086387328
forester 2.5 x awd 4dr wa,0.0504666855226473
forester 2.5 x limited,0.0706695220008889
forester 2.5 x premium,0.08574588872277665
forester 2.5 x premium p,0.0907915471332175
forester 2.5 xs,0.070679623419128
forester 2.5 xs awd,0.0154046628146591
forester 2.5 xt,0.0588777997764219
forester 2.5 xt limited,0.131237625762657
forester 2.5 xt ltd,0.0555274960604468
forester 2.5i,0.14670626422616395
forester 2.5i awd,0.1640924885853973
forester 2.5i awd 4dr wag,0.0857408380136571
forester 2.5i awd gas suv,0.1413794496747343
forester 2.5i awdwagon,0.0807305345670532
forester 2.5i cvt,0.1918461351973817
forester 2.5i limited,0.15841477000513723
forester 2.5i limited 4,0.1311871186714614
forester 2.5i limited xt,0.0797708998343367
forester 2.5i premium,0.14568706853849683
forester 2.5i premium awd,0.08784348707173868
"forester 2.5i premium awd, w/ eyesight",0.1817851226312174
forester 2.5i premium local trade* clean title* no accidents* all weather pkg* eyesight* navigation* back up camera* tyger roof basket* full clear bra on front* non smoker*2-keys,0.1817649197947391
forester 2.5i sport,0.19828298337531025
forester 2.5i suv,0.1454301183886217
forester 2.5i touring,0.16325126492203948
forester 2.5i touring awd,0.13087397470604867
forester 2.5l touring,0.1110852963756111
forester 2.5x,0.06384006135890047
forester 2.5x awd,0.06235760885443696
forester 2.5x l.l. bean,0.0807305345670532
forester 2.5x limited,0.09963495028548161
forester 2.5x limited awd,0.1323487817689603
forester 2.5x limited!,0.0706291163279324
forester 2.5x ll bean,0.054997171602893004
forester 2.5x premium,0.07229794028598852
forester 2.5x premium all wheel drive,0.1261869166430966
forester 2.5x premium awd,0.0896652389995555
forester 2.5x sport,0.10097377671825121
forester 2.5x wagon,0.0807810416582488
forester 2.5x wagon 2.5l 5 speed manual 1 owner,0.1009333710452947
forester 2.5xs,0.04741100650531335
forester 2.5xt,0.0413855105256778
forester 2.5xt touring sport utility 4d,0.09419909221921423
forester 2.5xt turbo,0.0696694815952159
forester 2.5xt turbo 133k,0.0797708998343367
forester 4dr auto 2.5x,0.0807709402400097
forester 5spd,0.0984585235767101
forester automatic 2.5x,0.110075154551699
forester awd,0.0917814861206513
forester awd 2.5 limited,0.1665521839266233
forester awd 2.5 liter b,0.2284435734777162
forester awd 2.5i 4dr wag,0.1311972200897005
forester awd 2.5i limited,0.12446967554244608
forester awd 2.5x 4dr wag,0.1059436744918986
forester awd touring 4dr,0.2473635298395894
forester l,0.0605782051800072
forester l auto,0.0251222271606933
forester l awd,0.0170915996605923
forester limited,0.13314258488558456
forester limited 2010,0.0807709402400097
forester limited awd,0.14106630570932155
forester limited sport,0.2928098104973938
forester limited x,0.0933573073659541
forester ll bean,0.06956240656188124
forester ltd,0.0413855105256778
forester premium,0.16934541313304088
forester premium awd,0.18745046419901962
forester premium sport,0.2887692432017455
forester s,0.023859549880803233
forester sport,0.13027041496626118
forester sport 4d sport utility,0.2873550446482686
forester sport suv 4d,0.2971389897427313
forester sport utility 4d,0.2382621520061416
forester sti,0.0757303325386884
forester touring,0.3636005495171522
forester touring edition,0.1716432987191401
forester touring sport,0.3043542884849604
forester touring xt,0.1009737767182512
forester x,0.04388423407373664
forester x awd 4runner,0.110075154551699
forester x limited,0.0489615742050183
forester x premium,0.06310355973978744
forester x premium awd,0.0802759707462927
forester x se,0.0706291163279324
forester x sport,0.065578407208372
forester x sport utility,0.1210654975958624
forester xs,0.0386800140072999
forester xs 1-owner,0.0474463614691502
forester xs 4dr wagon,0.0402844559376136
forester xs awd,0.0302638490444058
forester xt,0.05471433189219762
forester xt awd,0.0363348014061174
forester xt limited,0.0685103438522768
forester xt premium,0.1850478807224534
forester xt premium awd,0.0999737363125782
forestor,0.141268334074104
formula,0.1060345872560507
formula firebird,0.070679623419128
forrester,0.12664148046385704
forrester awd,0.0151218231039637
forster,0.03428926421269545
forte,0.09233165837617384
forte 2014,0.0504767869408865
forte 4dr sdn auto lx,0.0401228332457877
forte 4dr sdn auto lx *90 da,0.0656289142995676
forte 4dr sdn lx,0.111075194957372
forte 5,0.1170249303002141
forte 5 ex tgdi,0.0545173542365348
forte 5 lx,0.1009838781364903
forte 5 sxt gdi turbo,0.0802759707462927
forte 5-door,0.09116754436767363
forte 5-door 5dr hb auto ex,0.09590791547133215
forte coupe,0.023202957695260363
forte ex,0.05464353013344888
forte ex gdi,0.0605782051800072
forte ex hatchback,0.0494666451169744
forte ex hatchback 5d,0.060477190997616
forte ex sedan,0.090831952806174
forte ex sedan 4d,0.08613479332498278
forte exsedan 4a,0.0403248616105701
forte fe,0.14967271404905247
forte fe 4d sedan manual,0.1626530364863226
forte fe cvt,0.1272475655582043
forte fe sedan 4d,0.16789610240001093
forte g-line,0.2019980605276981
forte gt fwd gas sedan auto,0.2120893773485797
forte gt line,0.2090690532950826
forte gt sedan 4d,0.2079578972887793
forte gt-line,0.1767445149298961
forte gt-line sedan 4d,0.22209988282354834
forte koup,0.062446651884924605
forte koup ex,0.052226857650814126
forte koup ex 2d coupe automatic,0.13717725968726
forte koup ex coupe 2d,0.1614913733888237
forte koup sx,0.08679138551052565
forte koup sx coupe 2d,0.1473493878540547
forte lx,0.09075641664534141
"forte lx - 3 months / 3,000 miles limited warranty",0.0796496828154672
forte lx 2-owner great service history 6 speed manual 34 mpg,0.0554769889692512
forte lx 2.0l,0.0797708998343367
forte lx 4d sedan automatic,0.1153379934542809
forte lx 4dr sedan 6a,0.0802759707462927
forte lx plus,0.1009333710452947
forte lx sedan,0.0696492787587377
forte lx sedan 4d,0.14404748676714207
forte lx sedan 6a,0.0676289951109135
forte lx w/ sportmatic & eco,0.0908723584791304
"forte lx, 6-speed manual, g",0.0777506161865125
forte lxs,0.15766167319891708
forte lxs 4d sedan manual,0.1526021253383975
forte lxs sedan 4d,0.17794225452110615
forte only 60k miles,0.0999737363125782
forte premium 2.0 gdi,0.0706291163279324
forte s,0.15786352118123095
forte s automatic,0.1514808679138551
forte s sedan 4d,0.16780475978827422
forte s/gt,0.1706836639864236
forte sdn man ex,0.0352943553274879
forte sedan,0.0908723584791304
forte sx,0.050426279849690836
forte sx sedan 4d,0.10146008785347743
forte5,0.09864483862423169
forte5 ex hatchback 4d,0.135615327892036
forte5 lx,0.11669735573731689
forte5 lx hatchback 4d,0.13903057283360226
"forte5 lx hatchback, w/ eco system",0.1514808679138551
forte5 sx hatchback 4d,0.1917956281061861
forte5 sxhatchback 6m,0.1110347892844155
four runner,0.0403753687017657
four-door crew cab,0.0959331690169299
foxbody,0.0090609721604913
frasier type i,0.1110852963756111
freelander,0.024642409794335074
freestar,0.02506355296538948
freestar 7-pass. van,0.0302234433714493
freestar limited,0.009131682088165137
freestar limited van,0.0343145177582932
freestar limitef,0.0029496141258232
freestar se,0.044668471453392
freestar sel,0.012811484446701984
freestar semini van,0.0302234433714493
freestar ses,0.03634389268253259
freestar van,0.0325341427936482
freestar vans sel,0.0231524506040648
freestar wagon,0.0494666451169744
freestar wagon se,0.0403652672835266
freestyle,0.025843681084403148
freestyle 7 passenger,0.0326073780758818
freestyle awd,0.024130267889611638
freestyle limited,0.029555907982814083
freestyle limited awd,0.0252131399248454
freestyle se,0.03530950745484665
freestyle se awd,0.0282536668148208
freestyle sel,0.029944391692593598
freestyle sel awd,0.04498161541880476
freestyle selwagon,0.0418905814376338
fromtier,0.0302739504626449
frontier,0.14792463896289082
frontier 2wd,0.06792277802470131
frontier 2wd crew cab swb auto sv,0.12366156208331645
frontier 4wd,0.05617847634696798
frontier 4x4,0.1442954914399393
frontier 4x4 crew cab,0.2817992646167522
frontier 4x4 ext cab,0.1560366075396985
frontier crew,0.1666430966907753
frontier crew cab,0.11448829582340021
frontier crew cab 4x2,0.2317972443331043
frontier crew cab 4x2 sv auto,0.2917794658370035
frontier crew cab 4x4,0.10707840047409316
frontier crew cab le,0.1257070992767384
frontier crew cab nismo,0.090831952806174
frontier crew cab pro-4x,0.28024774990908724
frontier crew cab s,0.2378580952765768
frontier crew cab se,0.0353246595822053
frontier crew cab se 4x4,0.0100711139844034
frontier crew cab se pickup 4d 5 ft,0.0958826619257343
frontier crew cab sl,0.26573800961655014
frontier crew cab sv,0.25864117601180975
frontier crew cab sv 4x4,0.1585619620994787
frontier crew cab xe,0.0504767869408865
frontier crew cab xe sho,0.1008626611176209
frontier desert runner,0.2659703422360499
frontier ext cab xe,0.0504666855226473
frontier extended cab,0.0484565032930623
frontier king cab,0.09125217180492136
frontier king cab 4x2 s auto,0.1514404622408986
frontier king cab pro 4x,0.1812901531375005
frontier king cab s,0.22426501699706558
frontier king cab se,0.044415935997414
frontier king cab sv,0.22599081696116857
frontier le,0.1085346882702331
frontier le king cab,0.0757303325386884
frontier lx 4x4,0.0999737363125782
frontier nismo,0.07926330356782088
frontier pro 4x,0.1426421269546244
frontier pro-4x,0.17466362277263725
frontier pro4x flatbed,0.1918966422885773
frontier quad 4x4,0.0353246595822053
frontier s,0.15621282116898097
frontier s 4x2king cab,0.0479514323811063
frontier s crew cab 5at 4wd,0.1615822861529758
frontier s king cab,0.110075154551699
frontier sc 128k **supercharged**,0.090831952806174
frontier se,0.0823992111569387
frontier se 4x4,0.1378203833151507
frontier se 4x4 4dr crew,0.0837609600387894
frontier se crew cab,0.0282536668148208
frontier se v6 4x2 4dr c,0.1206816437027758
frontier sl,0.1977211200452543
frontier sl crew cab,0.1312780314356135
frontier sl v6 4x4,0.131237625762657
frontier standard,0.0555173946422077
frontier standard 2dr *king cab* standard 5 speed *manual *low miles *clean carfax *local *pickup,0.1008626611176209
frontier supercharged,0.070679623419128
frontier sv,0.17351665264712252
frontier sv 4wd,0.1615822861529758
frontier sv 4wd!crew,0.21564002585963066
frontier sv 4x4,0.16771973951809493
frontier sv 4x4 1/4 ton,0.3131035597397875
frontier sv 85k ml.1owner well maint clean car-fax toolbox,0.1399753525394965
frontier sv automatic,0.1464402602125338
frontier sv crew cab,0.19614885834733098
frontier sv king cab,0.1413390440017778
frontier sv v6,0.14641669023664253
frontier sv v6 automatic,0.2222008970059396
frontier xe,0.049857233288887054
frontier xe 4x4,0.0252232413430845
frontier xe king cab v6,0.1009838781364903
frontier xe new tires 5 speed manual transmission,0.0504262798496909
"frontier, extended cab",0.1676532385146874
frontiersv 4x4 xtra cab,0.141268334074104
ft6000,0.0555274960604468
ftype,0.472483736716635
ftype r,0.3434179158753889
ftype s british design,0.5252333427613237
fuion,0.0595680633560952
fuison,0.070679623419128
full size wheelchair van,0.1186613600549517
fusco fec72s,0.1464402602125338
fusion,0.09530431017102427
fusion 2014,0.0555274960604468
fusion 4dr sdn se fwd,0.11097014020768514
fusion 4dr sdn sel fwd,0.0801951594003798
fusion 4dr sedan se fwd,0.090831952806174
fusion 4dr sedan se hybrid,0.1413390440017778
fusion awd v6,0.0605782051800072
fusion energi,0.15102579902218266
fusion energi platinum,0.2120994787668188
fusion energi plug-in,0.15723194203132781
fusion energi se,0.0908723584791304
fusion energi se luxury,0.1706836639864236
fusion hybrid,0.13685250983706193
fusion hybrid platinum,0.1615822861529758
fusion hybrid se,0.14173544814176756
fusion hybrid se automatic,0.141268334074104
fusion hybrid se fwd,0.0706291163279324
fusion hybrid se hybrid,0.0807305345670532
fusion hybrid sel,0.16546572027601558
fusion hybrid sel sedan,0.1521273586811588
fusion hybrid titanium,0.1263384379166835
fusion hyrid,0.0853266798658531
fusion i-4 se,0.0252232413430845
fusion i4 sesedan,0.0464362196452382
fusion platinum sedan 4d,0.1951015468026256
fusion plug-in hybrid,0.26705119398763577
fusion r4511,0.1767445149298961
fusion r4542,0.1918966422885773
fusion s,0.10600360957345073
fusion s automatic,0.09820093741161254
fusion s commercial,0.0797708998343367
fusion s hybrid,0.0706291163279324
fusion s model,0.0656289142995676
fusion s sedan 4d,0.1539874626969055
fusion sdn se,0.0453957735666087
fusion se,0.08799722591441445
fusion se 1.5l ecoboost,0.1514909693320942
fusion se 4dr sedan,0.12112989413713682
fusion se 4dr sedan automatic low miles clean carfax,0.0797203927431411
fusion se automatic,0.1211766131964928
fusion se awd,0.15199199967675459
fusion se awd gas sedan,0.15800189457710972
fusion se awd.,0.1338033859953937
fusion se eco 4dr,0.09877166754212285
fusion se ecoboost,0.099620186674209
fusion se ecoboost sedan,0.0459058951876843
fusion se fwd,0.10907132611418643
fusion se fwd gas sedan,0.1136005495171522
fusion se hybrid,0.10465911080582375
fusion se hybrid sedan 4d,0.2226771067229267
fusion se hyrbid,0.1009333710452947
fusion se luxury,0.1715725887914663
fusion se sdn,0.131237625762657
fusion se sedan,0.08898339326841487
fusion se sedan 4d,0.16489157198882837
fusion se v6,0.0494666451169744
fusion se v6 sedan,0.0656289142995676
fusion se w / navigation,0.1615822861529758
fusion se w leather,0.1716837043920966
fusion se*cam*leather*ecob,0.1851994019960402
fusion sedan se,0.0858317507778092
fusion sel,0.06486578582299617
fusion sel 2.5l,0.0398702977898096
fusion sel 3.0l sedan,0.0393652268778536
fusion sel 4dr sedan,0.0705887106549759
fusion sel awd,0.06476355947041626
fusion sel fwd,0.1907652834457957
fusion select,0.0494666451169744
fusion sesedan,0.0958826619257343
fusion sls 4dr sedan,0.0605782051800072
fusion sport,0.07940364112835722
fusion sport awd,0.16459755949735336
fusion titanium,0.12872831463184486
fusion titanium awd,0.1749717160289304
fusion titanium ecoboost i4 fwd,0.1160854984039759
fusion titanium hybrid,0.143864398561558
fusion titanium sedan 4d,0.12113620752353625
fusion titanium turbo,0.1060345872560507
fusion titanium*ecoboost*c,0.1649965655177986
fusion v6 sel,0.0504262798496909
fuso,0.1429201564661583
fuso box truck,0.2919006828558729
fuso crew cab,0.3929148652470807
fuso fe,0.23605859977026483
fuso fe145,0.2701727126059927
fuso fe160,0.309960047658984
fuso fe180,0.36496828154672917
fuso fe180 18' box t,0.2423532263929855
fuso fe640,0.0605782051800072
fuso fe84d,0.09821608953897122
fuso fec52s,0.111075194957372
fuso fec72s,0.1464402602125338
fuso fec92s,0.1817851226312174
fuso fh211,0.2625055557800315
fussion,0.0335569113903592
fustion se,0.0403248616105701
fx,0.07352710098275571
fx 35,0.0714911040176707
fx 35 awd,0.083306396218029
fx 45,0.0297688795506889
fx fx35 sport utility,0.1791688553072851
fx fx37 limited edition,0.1877550608105377
fx fx37 sport utility,0.20324390211052293
fx-35 awd,0.025223241343084495
fx1,0.0807709402400097
fx35,0.08213498613801865
fx35 awd,0.09737464139965248
fx35 awd 3.5l supercharged auto gps leather moon loaded,0.131237625762657
fx35 awd suv,0.0656289142995676
fx35 base,0.1413794496747343
fx35 base rwdsuv,0.0646187724756555
fx35 suv,0.0706291163279324
fx37,0.15413585734103727
fx4,0.1211867146147319
fx4 sport f15o,0.1004788072245343
fx45,0.0598465738875452
fx45 awd,0.0802759707462927
fx45 v8 awd,0.0605276980888116
fx50,0.12111095397793845
fx50 awd,0.1312780314356135
fxst,0.0908521556426522
fxstdi,0.0605276980888116
g,0.0703692343859623
g 20,0.0772455452745565
g 35,0.06460867105741643
g 35x,0.0550224251484908
g 35x awd,0.0494666451169744
g 37,0.10600680835589317
g 37 x awd,0.1231564911713604
g 37c,0.21587488383369022
g 500,0.2853347610004444
g convertible,0.1211362075235363
g coupe,0.0898723180734575
g coupe g37x,0.1211362075235363
g g25x sedan 4d,0.1088831871994828
g g37 convertible 2d,0.22860421066532371
g g37 journey coupe,0.0908723584791304
g g37 journey sedan 4d,0.16458627599825645
g g37 sport coupe 2d,0.19604115171393247
g g37 sport sedan 4d,0.1110347892844155
g g37x coupe 2d,0.1675522243322962
g g37x sedan 4d,0.1638479500855253
g ipl convertible 2d,0.2715968321952402
g ipl coupe 2d,0.1978564790496585
g savana camper special,0.1211362075235363
g sedan,0.10557833986558378
g sedan g37x awd,0.09390278395086667
g series,0.0201725322235241
g-30 box,0.0151218231039637
g-37,0.1110347892844155
g-37x,0.0787607580104246
g-6,0.0504262798496909
g-6 gt,0.0302234433714493
g-class,0.6481638146995838
g-class g 63 amg,0.7867489595539214
g-class g500,0.31811386318639134
g-series,0.1009333710452947
g-series explorer conversion van,0.1211362075235363
g-van,0.0302739504626449
g. caravan se,0.131237625762657
g/6 gt,0.0504262798496909
g10,0.0656289142995676
g1500 express cargo van,0.3383470039193502
g20,0.03025935952518838
g20 cargo van,0.0656289142995676
g20 van,0.058120193408487855
g20 van sport van,0.0403248616105701
g25,0.09505867480937176
g25 base,0.0807305345670532
g25 sedan,0.08375422575996333
g25 sedan journey,0.0858317507778092
g2500,0.12298139992188235
g2500 express,0.2919006828558729
g2500 express cargo,0.10901450563659135
g2500 express cargo van,0.10901450563659135
g2500 savana cargo,0.2919006828558729
g2500 vans,0.111075194957372
g25x,0.10180642219310444
g3,0.031433088205584
g30,0.04222729537893783
g30 bus,0.005020404864843
g30 van,0.09592643473810385
g35,0.05414157019153865
g35 135i 335i 335is gti,0.0380183711126375
g35 awd,0.0302234433714493
g35 coupe,0.07829032053243128
g35 coupe sport,0.0656289142995676
g35 journey,0.049971716028930385
g35 sedan,0.052320536279484076
g35 sedan g35 4dr sdn auto,0.0146167521920077
g35 sedan g35x,0.0646187724756555
g35 sport 4dr sedan (3,0.0888520748313063
g35 type s performance,0.0855388096488747
g35 x,0.0807305345670532
g3500,0.1214681112656788
g3500 12' box truck,0.11767286412726628
g3500 cube van,0.110075154551699
g3500 express hitop,0.0656188128813285
g3500 express van,0.1716837043920966
"g3500 hd ""rally wagon""",0.0555274960604468
g35s,0.06377698762239546
g35x,0.054139928518691254
g35x awd,0.0757294142279394
g35x sedan,0.043910865085457974
g35xs,0.0807305345670532
g35xsports,0.1287627782940724
g37,0.10742941410239816
g37 awd,0.1110347892844155
g37 base 5-speed automatic,0.0929027435451937
g37 convertible,0.16752192007757882
g37 convertible base,0.1509858984201381
g37 coupe,0.10249303002141498
g37 coupe journey,0.1413390440017778
g37 coupe sport 2dr,0.1766940078387005
g37 jounry,0.090831952806174
g37 journey,0.08527617277465754
g37 sedan,0.09874864570520582
g37 sedan journey,0.1694512909612509
g37 sedan x,0.14849526748555492
g37 sedan x awdsedan,0.131237625762657
g37 sport,0.1338875644807197
g37 sport coupe,0.0887106549759586
g37 x,0.1318874836693738
g37 x awd,0.0802759707462927
g37 x sedan awd,0.1413794496747343
g37 xs,0.0898723180734575
g37s,0.10722511154851852
g37s convertible,0.1403794092690613
g37s coupe,0.12072373294543882
g37x,0.10561687996129787
g37x awd,0.10895861112233488
g37x awd luxury car,0.0903773889854135
g37x coupe,0.0252232413430845
g37x sport,0.136338841973413
g37x sport awd,0.0706594205826498
g37xs,0.08381146712998504
g4500,0.2110893369429067
g5,0.024178010382131274
g5 1sb,0.0201220251323285
g5 coupe,0.026864721806941633
g5 coupe gt,0.02850620227079875
g5 gt,0.018657319487656
g5 gt coupe,0.0271930178997131
g500,0.3232049779789082
g500 g-wagon,0.4747363529839589
g550,0.6515111721685725
g6,0.03494177993757831
g6 112k,0.0333043759343811
g6 114k miles ecotec 2.4l i4 169hp 160ft.,0.0554769889692512
g6 2006,0.0353246595822053
g6 2dr cpe gt,0.0352943553274879
g6 4 door,0.03683482160895385
g6 4dr sedan,0.0322942341104691
g6 base,0.03526405107277055
g6 base sedan,0.0403753687017657
g6 basesedan w/1sa,0.0453755707301305
g6 basesedan w/1sb,0.0696694815952159
g6 convertible,0.0605276980888116
g6 gt,0.03809127359620821
g6 gt 2dr convertible,0.0494666451169744
g6 gt 4dr,0.0287587377267768
g6 gt convertible,0.05449109054911304
g6 gt coupe,0.0302486969170471
g6 gtp,0.025559955284388536
g6 gtp convertible,0.0454260778213261
g6 gtsedan,0.0464362196452382
g6 gxp,0.03834296335205462
g6 hardtop convertible,0.10045355367893649
g6 se,0.0352741524910097
g6 sedan,0.033012557185251
g6 value leader,0.0433754899187846
g63,0.2222008970059396
g8,0.12995710264387783
g8 gt,0.1532713442967392
g8 gxp,0.3408925613156087
g80 3.8,0.3073659541799668
g8gt,0.1666430966907753
g90 5.0l ultimatesedan,0.333225584872116
galant,0.02934227941212697
galant 3.8,0.0080508303365792
galant 4dr sdn es,0.033784193300739396
galant es,0.026831892197664513
galant es 4dr sedan,0.0302537476261667
galant fe,0.0605681037617681
galant gls,0.0252232413430845
galant gtz,0.0383550850539415
galant ralliart,0.0504565841044082
galant se,0.044415935997414
galant sport,0.0322942341104691
galant vr-4,0.0353246595822053
gand wagoneer,0.1716938058103357
geand cherokee overland,0.2494242191603701
gem 2,0.0191623903996121
general,0.0504767869408865
genesis,0.1323901198805235
"genesis **navigation,",0.0858317507778092
genesis 3.8,0.10276879873934297
genesis 3.8 sedan,0.1004788072245343
genesis 3.8 sedan 4d,0.2040902196514544
genesis 3.80,0.353468827023314
genesis 3.8l,0.12097084356569583
genesis 3.8l 4dr sedan,0.1918461351973817
genesis 3.8l fully load,0.090831952806174
genesis 3.8l g8,0.1918461351973817
genesis 3.8l v6,0.10083235686290352
genesis 3.8l v6 4d sedan,0.1060345872560507
genesis 4.6,0.09085468099721197
genesis 4.6 sedan 4d,0.14936967150187883
genesis 4.6l,0.0959331690169299
genesis 4.6l v8 71k miles navi cam roof heated leather 4.6l v8,0.0958826619257343
genesis 5.0,0.10602953654693109
genesis 5.0 r-spec,0.1292678492060285
genesis 5.0 sedan 4d,0.23122483063288746
genesis 5.0l,0.1917956281061861
genesis awd gas sedan,0.2625964685441836
genesis coupe,0.12577556444480356
genesis coupe 2.0t,0.09122518658762543
genesis coupe 2.0t r-spec,0.1110347892844155
genesis coupe 3.8,0.14471740721286153
genesis coupe 3.8 2d,0.2131153745631456
genesis coupe 3.8 r-spec,0.1161360054951715
genesis coupe 3.8 track,0.1970371417924854
genesis sedan,0.07471514000565675
genesis v6,0.09896359448866615
genisis,0.1009737767182512
geo metro,0.0060305466887551
geo metro convertible,0.0393652268778536
geo prizm,0.023132247767586527
geo tracker,0.022866243753956367
girardin,0.0403248616105701
gl,0.2422825164653117
gl 350,0.2321507939714736
gl 350 bluetec,0.302860721645319
gl 350 bluetec local trade*80k msrp*prem pkg*lighting pkg*pano roof* appearance pkg* brown black leather* dvd* tow pkg,0.2827791021859469
gl 450,0.13157433970396104
gl 450 4matic,0.22417355968206507
gl 550,0.23732777081902295
gl 550 4matic,0.11209038749040359
gl 550 suv,0.2626065699624227
gl class,0.2065184451897046
gl gl 450,0.3525091922905976
gl gl550 4matic,0.0867913855105256
gl-1500-6,0.0201725322235241
gl-class,0.20534884526358926
gl-class gl 350,0.15127210527024657
gl-class gl 450,0.18802716776435408
gl-class gl 450 4,0.2118974504020364
gl-class gl 450 4matic,0.13520243242151195
gl-class gl 550,0.1663400541436017
gl-class gl350 bluetec suv,0.1816639056123479
gl-class gl450,0.14724837367166346
gl-class gl450 suv,0.2676572790819831
gl320,0.0752252616267323
gl350,0.12598488827831425
gl350 bluetec,0.1211362075235363
gl350 bluetec 4wd,0.1868459331690169
gl450,0.12669451290961248
gl450 4 matic,0.1868459331690169
gl450 4matic,0.18221836123569524
gl450 4matic 4wd l,0.2216958260939835
gl450 4matic awd,0.13246663164841674
gl450 4matic awd w,0.1509858984201381
gl550,0.30803769849286833
gl550 4 matic,0.1817851226312174
gl550 4matic,0.3629439573316093
gl550 4matic awd,0.10751191967352212
gl550 4matic awd v,0.111075194957372
gl550 4matic sport,0.3424077740514768
gla,0.24266831293882887
gla 250,0.24831450621381523
gla 250 4 matic,0.3130126469756353
gla 250 4matic,0.28697624146430156
gla 250 4matic suv,0.2727079882015434
gla 250 awd,0.2019475534365024
gla 250 sport,0.27083922582730613
gla 250awd,0.2827993050224251
gla gla 250 4matic,0.1913309628671865
gla-class,0.2337965860162864
gla-class gla 250,0.22636492608006606
gla-class gla 250 automatic,0.2423532263929855
gla-class gla 45,0.3190734979191078
gla250,0.22253929451695015
gla250 4matic,0.21006404299163595
gladiator,0.4871920330114348
gladiator mojave,0.5843367408784194
gladiator mojave 4x4 gas,0.5959432704351691
gladiator overland,0.4970018990666289
gladiator overland pickup,0.4402905167885571
gladiator rubicon,0.5397779419659092
gladiator rubicon 4x4 gas,0.5959432704351691
gladiator sport,0.40071652726709495
gladiator sport 4x4 gas,0.424219160370116
gladiator sport pickup 4d 5,0.3730269553374705
gladiator sport s,0.41267121903915305
gladiator sport s 4x4,0.4090771344296739
glb,0.3332659905450725
glb 250,0.3938744999797972
glb 250 4matic,0.3938239928886015
glb 250 sport,0.37968200735383245
glc,0.3579374699763402
glc 300,0.3091056428767043
glc 300 4matic,0.32986225179058615
glc 300 4matic awd,0.31268771802227696
glc 300 sport,0.33041816763381265
glc 43 amg,0.4444320982665966
glc coupe,0.3381146712998505
glc glc 300 4matic awd,0.2928603175885894
glc glc 300 automatic,0.3125782859913532
glc glc 300 suv,0.3231645723059517
glc turbo,0.070679623419128
glc-class,0.33707250058883875
glc300,0.2424037334841811
glc300 4matic,0.38881368944199757
glc300 glc 300,0.3332659905450725
gle,0.39087666587634184
gle 300d 4matic,0.2726069740191523
gle 350,0.3293240323322347
gle 350 4matic,0.403727974316685
gle 350 sport,0.3962483332659905
gle 400,0.3252353630449715
gle 400 4matic,0.3736278906891861
gle 550e 4matic,0.3636106509353913
gle coupe,0.6665117782536669
gle gle 350,0.3626106105297184
gle gle 350 automatic,0.3318719948280738
gle-class,0.4413936375758066
gle-class gle 350,0.3736009535738818
gle350,0.24913127803143556
gli,0.06460193677859034
gli 30th edition,0.0959331690169299
glk,0.16917580907371735
glk 350,0.16628079248993222
glk 350 4matic,0.13026115533287533
glk 350 4matic awd,0.14623823184775137
glk 350 awd,0.1090650127277869
glk 350 low,0.1952604145622045
glk class glk350,0.1615418804800193
glk glk 250 bluete,0.292910824679785
glk glk 350,0.13103223025846159
glk glk 350 4matic,0.12653844599781805
glk glk 350 4matic 78k leather pano roof gps loaded,0.1413390440017778
glk glk 350suv,0.0967412824760596
glk glk350 4matic,0.2256050749525233
glk rwdglk 350,0.1913915713766212
glk-class,0.14057293961532513
glk-class glk,0.1716432987191401
glk-class glk 250,0.19121840420680772
glk-class glk 350,0.2024216683893386
glk-class glk350,0.1151258636712594
"glk250 diesel! very clean & tight,",0.1483292254232494
glk350,0.16579457755868918
glk350 4matic awd,0.12990467774719042
glk350 4matic luxu,0.1105802254636551
gls,0.416577196962263
gls 450,0.3786152975877813
gls 450 4matic,0.5104875569768091
gls 450 4matic suv,0.4797870621035193
gls 450 sport,0.391102794505818
gls 550,0.6355105256778052
gls 550 4matic,0.5453452664754131
gls 550 sport,0.45806901288940965
gls gls 450,0.4063345993777526
gls gls 550,0.4948886823710048
gls gls 550 4matic awd,0.4645844276536425
gls new beetle convertible,0.0176471776637439
gls-class,0.41404881480654004
gls550,0.7075740433956929
gmt 400,0.02522324134308453
gmt-400,0.05824253280716164
gn,0.3131136611580266
gold wing,0.0504262798496909
goldwing,0.0504262798496909
goldwing 50th anniv,0.0807305345670532
golf,0.08710358473898076
golf 1 owner 2dr,0.0454260778213261
golf 1.4t se,0.2220998828235484
golf 1.4t tsi,0.2119984645844276
golf 1.8t se pzev,0.1211766131964928
golf 2.5,0.0893672471615014
golf 2.5l pzev,0.08683515832289516
golf 2.5l pzev 4dr h,0.0705887106549759
golf 2012,0.0494666451169744
golf alltrack,0.24437687718022272
golf alltrack awd,0.21377294705509983
golf alltrack awd gas,0.136338841973413
golf alltrack sel,0.1716938058103357
golf alltrack sportwagen,0.1868459331690169
golf alltrack tsi s,0.22819885232641374
golf alltrack tsi se,0.23876722291809768
golf awd sportwagen,0.1853307204331488
golf awd sportwagon,0.1853307204331488
golf gl,0.019499104340916066
golf gls,0.028433472059477098
golf gls manual,0.0453755707301305
golf gls tdi,0.0403753687017657
golf gti,0.17284980767343686
golf gti 2.0t rabbit edition manual,0.265636995434159
golf gti autobahn,0.2213668986625722
golf gti autobahn fwd,0.2625964685441836
golf gti autobahn w,0.1514404622408986
golf gti rabbit,0.2711376768207347
golf gti s,0.18783923929586377
golf gti s 4dr hatch,0.14262950018182546
golf gti s hatchback,0.2553436502484948
golf gti se fwd gas,0.19185623661562073
golf gti se hatchback,0.22682529203371335
golf gti sport,0.2220998828235484
golf gti turbo se,0.1454200169703826
golf gti wolfsburg,0.1302779910299406
golf jetta sportwagen tdi se,0.1398743383571053
golf jetta tdi,0.1307830619418966
golf r,0.26797400742160965
golf r 4motion,0.38009111479251684
golf r automatic,0.2777081902299083
golf r hatchback,0.3493777526364701
golf s,0.16534253909248858
golf sportswagen,0.2120489716756232
golf sportwagen,0.14299883328619334
golf sportwagen 1.4t s automatic,0.1716837043920966
golf sportwagen s,0.1300254555739625
golf sportwagen sel,0.1307830619418966
golf sportwagen tdi,0.183156325404497
golf sportwagen tdi s,0.1647945371530162
golf sportwagen tsi,0.1661471170552345
golf sportwagen tsi s,0.19056947133839125
golf sportwagen tsi se,0.1514808679138551
golf tdi,0.06864699359345604
golf tdi 2.0l,0.0999737363125782
golf tdi hatchback,0.151389955149703
golf tdi hatchback 2d,0.1372479696149339
golf tdi hatchback 4d,0.11613600549517145
golf tdi jetta,0.1307830619418966
golf tdi s hatchback,0.1544203806214392
golf tdi se hatchback,0.1594710897409996
golf tdi sel,0.1711295196880124
golf tdi sel sportwagon,0.1201765727908198
golf tsi,0.1605822457473029
golf tsi fwd gas auto,0.1514808679138551
golf tsi s hatchback,0.16452179886055995
golf tsi s se,0.1262374237342922
golf tsi se 4-door,0.2030082023516101
golf tsi se hatchback,0.1829063800557598
golf tsi sel,0.1464402602125338
golf tsi sportwagon,0.131237625762657
golf tsi wolfsburg,0.16822565221490424
golf wagon,0.07635914582407365
golf wagon 4motion,0.2070487696472584
golf wagon tdi,0.1060345872560507
golf+gti,0.1716432987191401
gr caravan,0.2143419936159036
gr caravan braunability,0.1615418804800193
gr caravan hero,0.070174552507172
gr caravan se,0.09588266192573436
gr cherokee limited 4x4,0.0603256697240292
gr prix gt,0.0302234433714493
gr supra,0.5627471239819214
gr supra 3.0,0.4817063315689522
gr supra 3.0 coupe 2d,0.4645339205624469
gr supra 3.0 premium,0.5302183926623298
gr. cherokee laredo,0.0403248616105701
gr. cherokee laredo 4x4,0.058052850620227
gran caravan,0.0252232413430845
gran cherokee laredo 4x4,0.0555274960604468
grand am,0.021772964196900467
grand am gt,0.031212540574029887
grand am gt 1,0.0181522485757
grand am gt coupe,0.0757303325386884
grand am gt1,0.0176471776637439
grand am sdn se,0.0200715180411329
grand am se,0.025216026044342286
grand am se1,0.032261404501191936
grand can,0.0681441674411087
grand caravan,0.10229572376539975
grand caravan 1999,0.0671441270354357
grand caravan 3rd row,0.0050002020283647
grand caravan 4dr,0.0908723584791304
grand caravan 4dr wgn express,0.1009333710452947
grand caravan 4dr wgn se,0.0631035597397874
grand caravan 4dr wgn se 9,0.0797708998343367
grand caravan american,0.0521536223685805
grand caravan american val,0.08325588912683335
grand caravan american value package,0.08213030252304558
grand caravan avp,0.1250050507091195
grand caravan braunability,0.2019980605276981
grand caravan cargo,0.0403753687017657
grand caravan cargo van,0.0802759707462927
grand caravan crew,0.08104070752710146
grand caravan elextended,0.0545173542365348
grand caravan es,0.0252232413430845
grand caravan express,0.04557759909491287
grand caravan gt,0.2009726135246358
grand caravan gt w/ leather / quad seating,0.1918865408703381
grand caravan gt wheelchair van vmi verge ii - manual fold out ramp rear loading conversion,0.313063154066831
grand caravan handicap wheelchair rear entry,0.3424077740514768
grand caravan hero,0.047900925289910704
grand caravan mainstreet,0.07502323326194993
grand caravan mobility,0.2524950503050628
grand caravan passenger,0.15355184571617553
grand caravan passenger gt,0.17531348067935404
grand caravan passenger se,0.2314436946947351
grand caravan quest,0.0292638086387328
grand caravan r/t,0.08384032832495393
grand caravan rt,0.18892498870477772
grand caravan se,0.08188667345145255
grand caravan se automatic,0.1009737767182512
grand caravan se dvd,0.0343145177582932
grand caravan se fwd,0.0686593397713039
grand caravan se wagon,0.12791762630139933
grand caravan se wheelcha,0.2310191621173883
grand caravan se wheelchai,0.1610873166592589
grand caravan se wheelchair van braunability - power fold out ramp side loading conversion,0.1918461351973817
grand caravan se wheelchair van fr conversions - manual fold out ramp rear loading conversion,0.2928603175885894
grand caravan se*fuel eco,0.1447937290395571
grand caravan seextended,0.1451674815144046
grand caravan sport,0.04882015434967066
grand caravan sxt,0.1286880776826498
grand caravan sxt 4d passenger van automatic,0.1634813527819305
grand caravan sxt automatic,0.18528021334195321
grand caravan sxt fwd gas,0.1211766131964928
grand caravan sxt handicap,0.1302779910299406
grand caravan sxt plus 6-speed automatic,0.1191664309669077
grand caravan sxt v6,0.0979534526647541
grand caravan sxt wagon,0.1372984767061295
grand caravan sxt wheelch,0.22475596161936426
grand caravan sxt wheelcha,0.3131136611580266
grand caravan sxt wheelchair van mobility package conversion,0.2524546446321063
grand caravan sxt wheelchair van vmi verge ii - manual fold out ramp rear loading conversion,0.2726574811103479
"grand caravan sxt*v6,3.6l",0.104388056083074
grand caravan sxtmini,0.28953358384850564
grand caravan value,0.0782556870984686
grand caravan wgn,0.090831952806174
grand caravan wgn se,0.04536041860277175
grand caravan wheelchair,0.26467310747271017
grand caravan wheelchair h,0.0706291163279324
grand caravanj,0.0282536668148208
grand carvan,0.0828013253060729
grand charokee laredo,0.020162430805285
grand cherkee laredo 4wd,0.0605276980888116
grand cherokee,0.1686829346404437
grand cherokee 4dr laredo 4wd,0.0262098131911053
grand cherokee 4wd,0.18565228224709415
grand cherokee 4wd 4dr laredo,0.1200014815413417
grand cherokee 4wd 4dr limited,0.2095741242070386
grand cherokee 4wd laredo,0.020155696526458933
grand cherokee 4x4,0.1088978342559295
grand cherokee 4x4 4dr. suv,0.1333084165016768
grand cherokee 4x4 v8,0.0807810416582488
grand cherokee 5.7,0.0635581235605479
grand cherokee 5.7 4wd lim,0.1160854984039759
grand cherokee 5.9 limited 4dr 5.9 limited,0.0403248616105701
grand cherokee altitude,0.24100637062776942
grand cherokee altitude 4,0.3736312578285991
grand cherokee altitude 4x4,0.2726574811103479
grand cherokee awd,0.0989635944886662
grand cherokee hemi,0.0554769889692512
grand cherokee high,0.2928350640429916
grand cherokee high 4x4,0.2929007232615459
grand cherokee laredo,0.0825268668445687
grand cherokee laredo 2wd,0.1463897531213382
grand cherokee laredo 4dr,0.06935633762980314
grand cherokee laredo 4dr laredo,0.0605276980888116
grand cherokee laredo 4wd,0.0837161349953533
grand cherokee laredo 4x4,0.1223615095559416
grand cherokee laredo 4x4 1owner well maint*new wheels*deliver 2u,0.131237625762657
grand cherokee laredo 4x4 4,0.1716432987191401
grand cherokee laredo e,0.24164309669077536
grand cherokee laredo laredo 4dr suv,0.0696694815952159
grand cherokee laredo spor,0.0533859953937532
grand cherokee laredo sport,0.2558763222187381
grand cherokee laredo x,0.1380636591377429
grand cherokee laredo4wd,0.0373348418117903
grand cherokee latitude,0.1716837043920966
grand cherokee lerado,0.0252232413430845
grand cherokee limited,0.16444856357832635
grand cherokee limited 4d,0.17160289304618362
grand cherokee limited 4dr,0.070679623419128
grand cherokee limited 4dr limited,0.0807305345670532
grand cherokee limited 4wd,0.1043482116000197
grand cherokee limited 4x4,0.18398025701856155
grand cherokee limited 5.9,0.0292638086387328
grand cherokee limited automatic,0.26336994856935053
grand cherokee limited ful,0.1918461351973817
grand cherokee limited lim,0.050355569922017
grand cherokee limited x,0.3849618923996929
grand cherokee limited |,0.16946139237949
grand cherokee limited**le,0.2559093296698856
grand cherokee limites,0.3231645723059517
grand cherokee loredo,0.1009788274273708
grand cherokee ltd.,0.0302739504626449
grand cherokee mobility ve,0.3230938623782779
grand cherokee overland,0.2068366398642369
grand cherokee overland 4,0.2524142389591498
grand cherokee overland 4d sport utility automatic,0.1485312537880318
grand cherokee overland 4wd,0.12289006626530358
grand cherokee overland 4x4,0.19012005535577192
grand cherokee overland rwd,0.2423532263929855
grand cherokee overland su,0.16655218392662324
grand cherokee se wj,0.110075154551699
grand cherokee special,0.0504666855226473
grand cherokee sport,0.18347205947715053
grand cherokee srt,0.6177063168759803
grand cherokee srt 4x4,0.4342801729362802
grand cherokee srt 4x4 gas,0.6531846404568534
grand cherokee srt awd,0.6661582286152976
grand cherokee srt sport,0.490797607984161
grand cherokee srt-8,0.27722837286355
grand cherokee srt-8 4x4,0.333306396218029
"grand cherokee srt-8*v8,6.",0.6751181865933977
grand cherokee srt8,0.24249666653198107
grand cherokee srt8 4wd,0.2827588993494687
grand cherokee srt8 vapor,0.3737120691745121
grand cherokee summit,0.32716080559932836
grand cherokee summit 4x4,0.5251929370883672
grand cherokee summit nav,0.2155036567134025
grand cherokee trackhawk,0.848438320740232
grand cherokee trail hawk,0.3535193341145096
grand cherokee trailhawk,0.3463335746314686
grand cherokee trailhawk automatic,0.3331851791991596
grand cherokee upland 4x4,0.3939149056527536
grand cherokee upland sport,0.3130126469756353
grand cherokee xj,0.0454260778213261
grand cherooke,0.005020404864843
grand limited,0.0757303325386884
grand marquis,0.03896545277721964
grand marquis flex fuel,0.0423956523495898
grand marquis gs,0.037099142052877516
grand marquis limited,0.0287587377267768
grand marquis ls,0.041613329745538795
grand marquis ls premium,0.055509818578528373
grand marquis ultimate,0.0353246595822053
grand national,0.32149783829649675
grand prix,0.028223316223322477
grand prix 2-owner 3.8l v6 sedan,0.0403248616105701
grand prix basesedan,0.0595680633560952
grand prix g6,0.0353246595822053
grand prix gt,0.03682063152142746
grand prix gt1,0.02051193987635857
grand prix gt2,0.02217059275122222
grand prix gtp,0.04180111173323015
grand prix gxp,0.04769889692512825
grand prix se,0.05518741497972977
grand wagoneer,0.14490264867970068
grand+cherokee,0.16658585532075368
grandcherokee,0.0555274960604468
grandcherokee srt,0.4745444260374156
grande cherokee,0.0100711139844034
grandprix,0.0252131399248454
grumman,0.0858317507778092
gs,0.19825333851872798
gs 200t,0.27766273384783213
gs 200t sedan 4d,0.27126011825393614
gs 300,0.06377627875094011
gs 350,0.1651885818574237
gs 350 awd,0.19791972271167738
gs 350 base,0.1311669158349832
gs 350 base 4dr sedan,0.1767445149298961
gs 350 f sport,0.28812881328538525
gs 350 f sport awd,0.2220998828235484
gs 350 f sport sedan 4d,0.4463513677320295
gs 350 f-sport premium,0.2625964685441836
gs 350 rwd,0.1816740070305871
gs 350 sedan 4d,0.24834520403028218
gs 400,0.062068164370277575
gs 430,0.04713321750373746
gs 450h,0.1080733901706466
gs 460,0.1060345872560507
gs 50,0.1555315366277425
gs gs 300,0.0878116287526768
gs gs 350 rwd,0.3636106509353913
gs-f,0.51505111317629
gs300,0.045065991971155066
gs300 1998,0.0070406885126671
gs300 awd,0.07184128651662693
gs300 sport edition,0.0252232413430845
gs350,0.12091238136150101
gs350 awd,0.10228494080568906
gs350 f sport,0.19164410683259925
gs350 f-sport,0.2474544426037415
gs350 rwd gas sedan auto,0.2120893773485797
gs400,0.04222561180923132
gs400 platinum edition,0.0605276980888116
gs430,0.06158834700391935
gs450h,0.0201725322235241
gs460,0.1110852963756111
gs470,0.1085346882702331
gsf,0.3939250070709927
"gt premium 2,200 miles",0.46461473190835995
gt-r,0.6554305224453514
gt-r r35,0.999909087235848
gt3,0.7777789001575822
gt350,0.5747403935512546
gt86,0.2727079882015434
gti,0.08747849461222246
gti 1.8t,0.044415935997413995
gti 2.0l turbo pzev 2,0.1009333710452947
gti 2.0t,0.07261572858162614
gti 2.0t hatchback,0.0958826619257343
gti 2010,0.0848216089538971
gti 95k miles 6 speed manual 2.0l turbo 200hp,0.131237625762657
gti autobahn,0.1005609960365708
gti coupe,0.0706291163279324
gti driver's,0.130985090306679
gti fahrenheit i4 turbo fwd,0.0807305345670532
gti golf s se,0.1802800113135884
gti hatchback sedan,0.1801158632672027
gti s 2.0t,0.1307830619418966
gti se,0.20439714735948922
gti se fwd gas auto,0.242393632065942
gti vr6,0.015626894015919802
gti vr6 2dr hatchbac,0.0907915471332175
gti wolfsburg,0.126136409551901
gti wolfsburg edition,0.1614913733888237
gto,0.18870581853934715
gto 6.0l clean,0.1999777768798739
gto 6.0l v8 400hp automatic leather toyo's,0.1615418804800193
gto coupe 6-speed manual,0.1151258636712594
gtr,0.8484888278314275
gtr premium,0.6464604630490122
gx,0.334643979399323
gx 460,0.3044295763952845
gx 460 4wd,0.2423532263929855
gx 460 4wd 4dr,0.292910824679785
gx 460 4x4,0.2423532263929855
gx 460 luxury,0.27919887095005286
gx 460 luxury sport,0.3513980362842942
gx 460 premium,0.3013511208084726
gx 460 sport utility 4d,0.3552331510055876
gx 470,0.1614791154880392
gx 470 4dr suv,0.20622831001028094
gx 470 4dr suv 2-owner arizona gx*rust&accident free*new timing belt&water pump*new bilstein lift*new wheels&tires* immaculate shape*all books and keys*all records since new,0.2221705927512222
gx 470 4wd,0.16159238757121494
gx 470 all wheel drive,0.3029920400824276
gx 470 base,0.1456523495898824
gx 470 gx470,0.1716938058103357
gx 470 sport utility,0.1413390440017778
gx gx 460 premium 4wd,0.464624833326599
gx-470,0.0706695220008889
gx37,0.1110852963756111
gx460,0.28712054743914617
gx460 luxury,0.3004868883591256
gx470,0.12888914131845994
gx470 4wd,0.16154188048001933
gx470 awd,0.14181156589940777
gx470 gx 470,0.0907814457149783
hardbody,0.021435209503414224
hardbody 4x4,0.1413895510929734
hardbody pickup,0.034306099909760614
hardtop,0.10562756976596752
hardtop 2 door,0.17618043046927992
hardtop 2 door cooper,0.20574520567449572
hardtop 2 door cooper automatic,0.2119782617479494
hardtop 2 door cooper s,0.19203631621978487
hardtop 2 door john cooper,0.2548733731104736
hardtop 4 door,0.17894157339690486
hardtop 4 door cooper,0.1964199130700807
hardtop 4 door cooper s,0.2115495126626889
hardtop convertible,0.0454260778213261
hardtop cooper automatic leather pano roof new tires,0.1110347892844155
hardtop cooper hatchback,0.060477190997616
hardtop cooper s,0.1260859024607054
hardtop cooper s hatchback,0.1554168558206748
hardtop john cooper works,0.23881947163312756
hd,0.07404676283216823
hd megacab 4x4,0.110075154551699
hd sportster 48,0.1009333710452947
hd work truck,0.0757303325386884
hd2500,0.0353246595822053
hd3500 diésel,0.2605862863145985
hearse,0.0316502686977251
hemi 4x4 crew,0.0605681037617681
hemi-rt,0.0489615742050183
heritage softail,0.0807507374035314
hhr,0.03470100680396393
hhr 2lt,0.0372843347205947
hhr lr,0.0656289142995676
hhr ls,0.042406700775788876
hhr ls panel,0.0282536668148208
hhr ls_panel 4dr wagon,0.0401228332457877
hhr lt,0.035776869674443997
hhr lt cruiser equinox,0.0343145177582932
hhr lt w/1lt,0.0553961776233383
hhr lt1,0.0201220251323285
hhr ltwagon,0.0363348014061174
hhr panel,0.03258717523940356
hhr panel van,0.0252232413430845
hhr panel wagon,0.0080407289183401
hhr pt sport equinox,0.0343145177582932
hhr ss,0.05197937290395567
hiace,0.17573293004623558
hiace 4wd,0.1161360054951715
hiace diesel,0.136338841973413
hiace scl 4wd,0.1262374237342922
"hiace super custom 4wd jdm van, model lh107",0.1867954260778213
hiace van,0.19509879187037857
high country,0.3131136611580266
high sierra,0.0403753687017657
high sierra pickup,0.0148692876479857
high top conversion van g1500 cash only,0.1009333710452947
highl,0.1110347892844155
highland xle,0.2565457190189502
highlander,0.14961045986376312
highlander 2wd,0.0605276980888116
highlander 4wd,0.08046789769283605
highlander 4wd 3.3,0.0633762980322437
highlander 4x4,0.0871403435951498
highlander 4x4 v6,0.0403652672835266
highlander awd,0.10150241760609852
highlander awd 4dr v6 xle (natl),0.1867954260778213
highlander awd le,0.2676067719907875
highlander base,0.12451008121540262
highlander base 4dr suv,0.0757404339569275
highlander base 4wd,0.0706291163279324
highlander base awd,0.1413390440017778
highlander base plus,0.1413390440017778
highlander fwd 4dr i4 (natl),0.1458341751181865
highlander fwdv6,0.1540163238918744
highlander hybrid,0.11682501618576081
highlander hybrid awd,0.0504767869408865
highlander hybrid le,0.3837225746494808
highlander hybrid limited,0.10324771820185773
highlander hybrid xle,0.2786678249626247
highlander le,0.22897606252489272
highlander le - awd suv -,0.2681320457392218
highlander le - awd suv - local - clean car fax,0.2681320457392218
highlander le awd gas suv,0.3434078144571498
highlander le hybrid,0.2670814982423532
highlander le i4 fwd (natl),0.332306355812356
highlander le plus,0.1817043112853044
highlander le plus awd v6,0.2322922138268212
highlander le plus sport,0.29584023596913006
highlander le plus v6,0.2373530243646207
highlander le sport,0.2903854701200048
highlander limited,0.1214320215328874
highlander limited !,0.0545173542365348
highlander limited 2016,0.2525051517233019
highlander limited 4dr,0.1716432987191401
highlander limited 4wd,0.0577902137460099
highlander limited 4wd 5-speed automatic,0.0958826619257343
highlander limited 4x4,0.242393632065942
highlander limited automatic,0.2119782617479494
highlander limited awd,0.1304570616259977
highlander limited hybrid,0.14083397308982176
highlander limited pla,0.1797749404016324
highlander limited platin,0.2474544426037415
"highlander limited platinum awd, w/ panorama roof",0.3232049779789082
highlander limited platinum v6 awd (natl),0.3828134470079599
highlander limited sport,0.24030516384500383
highlander limited v6 awd,0.1009333710452947
highlander limited v6 fwd (natl),0.3837023718130025
highlander limited v6(,0.2827993050224251
"highlander limited*v6,3.",0.2155036567134025
highlander ltd,0.065578407208372
highlander platinum,0.2272516061255
highlander plus,0.16057214432906375
highlander se,0.18938020074489043
highlander se awd,0.20603862782334637
highlander se awd gas suv,0.3434078144571498
highlander se awd v6,0.3029112287365146
highlander se sport,0.2558015812086683
highlander se v6,0.1362883348822174
highlander sport,0.08450109368328282
highlander sport 4x4,0.0699503010222635
highlander sport awdsuv,0.0530021415006666
highlander sport utility,0.1009333710452947
highlander sportsuv,0.0898723180734575
highlander suv,0.1433525933707759
highlander v-6,0.070174552507172
highlander v6,0.050550864007973345
highlander v6 (awd),0.090831952806174
highlander v6 4wd,0.057547779708271
highlander v6 limted,0.0807810416582488
highlander xle,0.2585807339017064
highlander xle awd,0.222150389914744
highlander xle awd gas,0.352630409309467
highlander xle sport,0.3314838117557419
highlander xle v-6,0.2322821124085821
highlander xle v6,0.2219685643864398
highlander xle v6 awd,0.2620913976322275
highlander xle v6 awd (natl),0.3121035193341145
highlander xlesuv,0.1504808275081821
highlander xse,0.4342801729362802
highlanderawd,0.0757303325386884
highlandr,0.0802759707462927
highlnader 4x4,0.0706291163279324
hightop e series,0.1110852963756111
higlander,0.0504262798496909
hilander,0.0343145177582932
hilux,0.2201806133581154
hilux surf,0.1582252481581747
hilux surf 4runner,0.1302779910299406
hino,0.0898723180734575
hoghlander,0.0272435249909087
homy,0.0706695220008889
hot rod,0.1211867146147319
hr-v,0.17975903749318833
hr-v cvt ex,0.1413390440017778
hr-v ex,0.17173118105782045
hr-v ex awd cvt,0.2272516061255
hr-v ex sport utility 4d,0.17038062143925
hr-v ex-l,0.1716938058103357
hr-v ex-l awd,0.1868459331690169
hr-v ex-l navi,0.2120994787668188
hr-v ex-l sport utility 4d,0.20230110307487165
hr-v ex-l w/nav,0.2019475534365024
hr-v ex-l w/navi,0.1720397793850256
hr-v ex-l w/navi awd,0.1918966422885773
hr-v ex-l w/navigation,0.2018970463453068
hr-v lx,0.16424400985898413
hr-v lx awd,0.19185960375503383
hr-v lx sport utility 4d,0.17916885530728507
hr-v lx sport utility 4d automatic,0.1716028930461836
hr-v sport,0.1918461351973817
hr-v sport awd,0.2423532263929855
hr-v sport suv 4d,0.21243138250896135
hr-v touring sport utility,0.23826215200614156
hrv,0.16867095640227883
hrv ex,0.1936643904804234
hrv exl,0.1636126712190391
hrv touring awd gas suv,0.2827993050224251
hs,0.09559269180216427
hs 250 premium,0.08404716688889784
hs 250h,0.10040521117736353
hs 250h premium,0.07537678290031917
hs 250h sedan 4d,0.15644066426926334
hs250h,0.0824646113647689
hse,0.162166590064245
hse 4.6,0.0416380459816558
hse 4x4 s,0.1913915713766212
hse adap,0.0008687219685643
hse awd,0.45448300941452174
hse lux,0.1009838781364903
hse luxury,0.1565214756151763
hse spor,0.1816740070305871
hse sport,0.0297688795506889
hse supercharged,0.1504808275081821
hse td6 4x4 master,0.47463533880156766
"hse**v8,",0.4276334397349388
hybrid prius,0.005020404864843
hylander,0.005020404864843
hzj75 landcruiser,0.3434179158753889
i-30,0.0120913976322275
i-35,0.0403753687017657
i-miev,0.0554163804598165
i-pace,0.4947876681886137
i3,0.16676581021605058
i3 4dr hb w/range extender,0.1403794092690613
i3 94 ah with range,0.1766940078387005
i3 base w/range extender,0.21897854458766006
i3 giga,0.0888621762495454
i3 hatchback 4d,0.15541256436848172
i3 range extender hatchback,0.178909585572481
i3 rex,0.1262374237342922
i3 rex hb,0.1504808275081821
i3 s 94 ah w/range extender,0.2676572790819831
i3 s w/range extender,0.282708392258273
i3 tera world,0.1161360054951715
i30,0.017958638059450176
i30 limited,0.0262333831669966
i30 t,0.0545173542365348
i30 touring,0.0252232413430845
i30t,0.0110812558083154
i35,0.02557131937990756
i35 luxury,0.03599808746481333
i35 sport,0.050355569922017
i4,0.1246110953977938
i8,0.6098413067194635
i8 hybrid 1.5l turbo,0.7675764677360702
ilx,0.1447727709568554
ilx 2.0l,0.14048475263069785
ilx 2.0l sedan 4d,0.15696444151129182
ilx 2.0l w/techsedan w/,0.111075194957372
ilx 4dr sdn 2.0l premium pkg,0.1286819669481595
ilx prem atech,0.2018768435088286
ilx premium,0.1716584508464988
ilx premium and a-spec,0.2719335461365442
ilx premium fwd,0.1322316053173865
ilx premium pkg,0.1352074831306315
ilx premium pkg sedan 4d,0.23491031777225155
ilx sedan,0.20353953695098786
ilx sedan 4d,0.19864719090593924
ilx sedan fwd,0.136338841973413
ilx sedan w/premium pkg,0.1767243120934179
ilx special edition sedan,0.2033401060937526
ilx tech,0.1160854984039759
ilx tech pkg,0.13472665562244932
ilx technology and a-spec,0.2815860124539262
ilx technology plus and,0.2260418996973516
ilx tlx watch plus,0.1110852963756111
ilx w/premium 4dr sedan p,0.1307830619418966
imapa lt,0.0322942341104691
imapla,0.0630783061941896
imapla limited lt,0.1059840801648551
imiev,0.0327993050224251
impala,0.06152233720219959
impala 1ls,0.1602994060366075
impala 1lt,0.039365226877853564
impala 2lt,0.136338841973413
impala 4dr sdn ls,0.0302234433714493
impala 4dr sdn lt,0.0433552870823063
impala 4dr sdn lt fleet,0.0907814457149783
impala 4dr sdn ltz w/1lz,0.1777445553355691
impala limited,0.07981037019078957
impala limited ls flee,0.13460476517569728
impala limited ls fleet,0.0544870499818174
impala limited ls fwd,0.0756798254474928
impala limited lt,0.07077432421511978
impala limited ltz,0.06295853223506864
impala limited police,0.05283715166942768
impala ls,0.04386814450415501
impala ls 4 door,0.0757303325386884
impala ls fleet,0.07914966261263075
impala ls limited,0.090831952806174
impala ls sedan 4d,0.2625055557800315
impala ls v6 fwd,0.0049698977736474
impala lt,0.057375351666621346
impala lt (fleet,0.0605276980888116
impala lt 2013,0.0403753687017657
impala lt 3.5l,0.0402743545193745
impala lt 4dr sedan,0.0403248616105701
impala lt automatic,0.2321810982261909
impala lt fleet,0.056509858984201355
impala lt fleet 4dr s,0.0433552870823063
impala lt fleetsedan,0.04737817689603613
impala lt fwd gas auto,0.1009737767182512
impala lt limited,0.070174552507172
impala lt sedan,0.07538688431855826
impala lt sedan 4d,0.16337456636054554
impala lt v6,0.1716432987191401
impala ltsedan,0.0989635944886662
impala ltz,0.06717655258798332
impala ltz automatic,0.0908723584791304
impala ltz sedan 4d,0.19482605357792226
impala pc3,0.0524970705887106
impala police,0.04534147844357342
impala police package,0.0504767869408865
impala ppv,0.0807507374035314
impala premier,0.20177799391606005
impala premier 2lz,0.22322871631177013
impala premier sedan,0.2234155925491939
impala premier v6,0.1817447169582609
impala premiersedan,0.1270455371934219
impala sdn ls,0.0301729362802537
impala sdn lt,0.0453957735666087
impala ss,0.10053731127183585
impala super sport,0.0434057941735019
impalalt,0.0676491979473918
impalla,0.0403248616105701
imperial,0.03359154482432183
impeza,0.050446482686169095
impla ss,0.070679623419128
impreza,0.10105547395164072
impreza (new york/new,0.0999737363125782
impreza 2.0,0.1059840801648551
impreza 2.0i,0.1335609519576548
impreza 2.0i awd,0.1211564103600145
impreza 2.0i awd automatic sedan only 68k 2 owners,0.1110347892844155
impreza 2.0i hatch,0.1908865004646652
impreza 2.0i limited,0.1869425279809285
impreza 2.0i limited pack,0.1161259040769323
impreza 2.0i premium,0.1170767000686896
impreza 2.0i premium awd,0.0828013253060729
impreza 2.0i sedan 4d,0.1791688553072851
impreza 2.0i sport,0.12708341751181862
impreza 2.0i sport awd,0.0706695220008889
impreza 2.0i sport limit,0.1312780314356135
impreza 2.0i sport ltd,0.0605276980888116
impreza 2.0i sport package 5 doors awd heated seats 1owner,0.0807305345670532
impreza 2.0i sport premiu,0.14287698492868395
impreza 2.0i sport premium,0.1237120691745121
impreza 2.0i sport wagon,0.21043733631110897
impreza 2.0i wagon 4d,0.15040506687138866
impreza 2.5 i awd sedan,0.0292638086387328
impreza 2.5 rs,0.06731248400608776
impreza 2.5i,0.052536678781279794
impreza 2.5i 5-door,0.0706291163279324
impreza 2.5i awd,0.06892871092434706
impreza 2.5i awd 4d,0.0600731342680512
impreza 2.5i awdsedan,0.0161319649278758
impreza 2.5i hatch,0.0766899672714049
impreza 2.5i premium,0.07387944190441256
impreza 2.5i premium awd,0.06056305305264855
impreza 2.5i premium pac,0.0605681037617681
impreza 2.5i sedan 4d,0.0705584064002586
impreza 2.5i sport wagon 4d,0.0504262798496909
impreza 2.5l h4,0.0605276980888116
impreza 2.5rs,0.018071437229786998
impreza 2.5ts,0.0201725322235241
impreza 4 door hatch,0.04121715355502573
impreza 5sp manual,0.1211362075235363
impreza awd,0.08738953377625643
impreza awd 4d sedan,0.070174552507172
impreza awd gas wagon,0.0605681037617681
impreza awd premium wagon,0.1009333710452947
impreza hatchback,0.09794335124651497
impreza i special,0.0806800274758576
impreza limited,0.053321346317022844
impreza limited awd gas,0.2120893773485797
"impreza limited awd, w/ leather, navigation",0.1817851226312174
impreza limited wagon,0.1716432987191401
impreza outback,0.04541345104852715
impreza outback sport,0.05790628102224764
impreza outback sport 4,0.1311972200897005
impreza outback sport awd,0.04808948509704094
impreza premium,0.13327811224695943
impreza premium awd,0.11840124853529432
impreza premium awd gas,0.1401066709766051
impreza premium wagon,0.0954280981049739
impreza premium wagon 4d,0.22614045011919667
impreza rs,0.0151218231039637
impreza sedan,0.09966196981328901
impreza sedan 4d,0.19455056035321902
impreza sedan premium,0.10250313143965413
impreza sedan premium 1 owner new head gaskets &timing belt,0.0474463614691502
impreza sedan wrx,0.1699487858095276
impreza sedan wrx wrx pr,0.1918865408703381
impreza sport,0.15162267628528886
impreza sport awd,0.08751616226918255
impreza sport awd gas,0.1385813568224978
impreza sport limited,0.11207018465392538
impreza sport limited awd,0.10736797446361464
impreza sport premium,0.1716938058103357
impreza sport premium awd,0.0797708998343367
impreza sport premume,0.08582164935957
impreza sport wagon,0.09473783452530064
impreza sport wagon 4d,0.2322013010626692
impreza sport wagon awd,0.135833771061457
impreza ts,0.0196674613115681
impreza wagon,0.08275834836301922
impreza wagon (natl),0.057163925815184397
impreza wagon 2.0i premium,0.0777506161865125
impreza wagon 2.0i sport,0.11809062992444135
impreza wagon 4d,0.21805931552790012
impreza wagon 5dr auto 2.0i limited pzev,0.0579720392743141
impreza wagon awd,0.1514404622408986
impreza wagon outback sport new head gaskets & timing belt,0.0373449432300295
impreza wagon premium,0.0494666451169744
impreza wagon wrx,0.13594022446905388
impreza wagon wrx sti,0.1605822457473029
impreza wagon wrx wrx,0.1762394440179401
impreza wrx,0.1286848684193558
impreza wrx awd 4dr turbo,0.0908723584791304
impreza wrx hatchback,0.1310355973978746
impreza wrx limited,0.12576265707705356
impreza wrx limited sedan,0.2158145559192066
impreza wrx limited wagon turbo leather moon lowered 18s,0.131237625762657
impreza wrx premium,0.1723655501232373
impreza wrx premium awd 33k **fresh tune** 5 speed manual invidia perrin front mount,0.2019475534365024
impreza wrx premium hatch,0.1812901531375005
impreza wrx sedan 4d,0.18701294328390364
impreza wrx sport wagon,0.23018101741484495
impreza wrx sti,0.1703952510794584
impreza wrx sti 4dr sed,0.2221099842417875
impreza wrx sti hatchback,0.2070487696472584
impreza wrx sti impreza sedan nice,0.1376015192533031
impreza wrx sti limited,0.22519293708836718
impreza wrx sti limited build engine gt35 turbo leather moon 600hp,0.313063154066831
impreza wrx sti sedan 4d,0.2786678249626247
impreza wrx sti sedan new engine and a whole lot more!,0.1585619620994787
impreza wrx sti sedan only 80k heated seats 1 owner,0.222150389914744
impreza wrx wagon,0.13732878096084686
impreza wrx wrx premium,0.1614913733888237
impreza wrx wrx sti,0.463624792920926
impreza wrx-s**moon roof,0.195300820235161
imprezza wrx/awd,0.0959331690169299
imprza limited wagon,0.1716432987191401
inc,0.1009838781364903
inpreza limited awd,0.057547779708271
insight,0.07296499276983333
insight base,0.0605276980888116
insight ex,0.08552365752151597
insight ex 4dr hatchback,0.0252232413430845
insight ex hybrid,0.0555173946422077
insight ex sedan 4d,0.22232355708455748
insight hybrid,0.0667824962624752
insight hybrid ex,0.06384769755006932
insight lx,0.04279970907915466
insight lx 1.3l hybrid automatic like new tires 43 mpg,0.065578407208372
insight lx 4dr hatchback,0.0605276980888116
insight lx sedan 4d,0.2018970463453068
insight touring,0.2601064689482403
insight touring sedan 4d,0.24903699812787042
integra,0.032462591081121074
integra gs,0.0151218231039637
integra gxi 2dr coupe,0.1615418804800193
integra ls,0.024573864456283918
integra se,0.0151218231039637
integra type r,0.2827588993494687
international,0.2727079882015435
interstate goldwing,0.0858317507778092
intrepid,0.008443663268100579
intrepid es,0.0191623903996121
intrepid r/t,0.0302234433714493
intrepid se,0.022687785365065223
ion,0.024730596778962326
ion 1,0.014094845582986433
ion 2,0.021881836495558214
ion 3,0.02423054742340366
ion 3 sport,0.0353246595822053
ion coupe,0.0019899793931067
ion ion 3sdn auto,0.0200715180411329
ion l2,0.0237080286072164
ion level 2,0.021839266232979066
ion level 3,0.0378500141419855
ion quad coupe,0.02004121378641554
ion redline,0.0274960604468867
ion sedan,0.0240279068514552
ioniq,0.14206778917474297
ioniq electric,0.1918562366156208
ioniq electric hatchback,0.1715927916279445
ioniq electric limited,0.22856479049658568
ioniq hybrid,0.18193297066180814
ioniq hybrid blue,0.15112058399665973
ioniq hybrid hatchback,0.15744743895376243
ioniq hybrid limited,0.21135534095653694
ioniq hybrid se automatic,0.2391611782294234
ioniq hybrid sel,0.1686977251606125
ioniq plug-in hybrid,0.22343752325984456
ioniq sel,0.1817346155400218
ipace,0.6464604630490122
is,0.17446569810901447
is 200 turbo,0.25844478564790496
is 200fsport,0.2524950503050628
is 200t,0.24908441867460407
is 200t base 4dr sedan,0.2524546446321063
is 200t f sport,0.05300214150066662
is 200t sedan 4d,0.2584649884843832
is 250,0.1275762456230141
is 250 *awd 2.5 v6 *nav *clean carfax *local *car,0.1109640793567416
is 250 - backup camera - automatic - navigation sport-,0.0705584064002586
is 250 4dr sport sdn auto,0.1918663380338599
is 250 4dr sport sdn auto awd,0.1282072002909208
is 250 awd,0.11713780266923385
is 250 awd nav,0.0802759707462927
is 250 base,0.09739955823130897
is 250 basesedan 6a,0.10939162525085187
is 250 c,0.18126489959190265
is 250 crafted line sedan,0.2322013010626692
is 250 f sport,0.21740993864109945
is 250 is 250,0.1816942098670653
is 250 is250 350 is350,0.2575558608428623
is 250 is250 awd,0.0756293183562972
is 250 luxury sedan / v6 2.5 l / moon roof / heated & cooled leather / fully loaded,0.0706392177461715
is 250 nav 1 owner,0.090831952806174
is 250 sedan,0.24139359166026902
is 250 sedan 4d,0.21373343928598681
is 250 sport convertible,0.1715927916279445
is 250 sport sedan,0.096438239928886
is 250 sport sedan 4d,0.1614913733888237
is 250c,0.19018725784655718
is 250c convertible 2d,0.21502889005616385
is 300,0.20629982163781505
is 300 awd,0.2494747262515657
is 300 f sport,0.3609203065443722
is 300 sedan 4d,0.3192289043535558
is 350,0.15630894177542523
is 350 base,0.3434078144571498
is 350 basesedan,0.2322922138268212
is 350 f sport,0.22119075518202752
is 350 f sport 310hp awd,0.2722029172895874
is 350 f sport sedan 4d,0.40556982805036984
is 350 sedan 4d,0.3004054505686707
is 350 sport convertible,0.20189704634530684
is 350c,0.2927391005697199
is f,0.1797749404016324
is is 250,0.1161360054951715
is is 250 sedan 4d,0.1766232979110267
is is 300 f sport rwd,0.3938037900521233
is is 350 f sport automatic,0.44229059759990297
is-350,0.0100711139844034
is200t,0.2343238615701644
is250,0.0970982563240014
is250 awd,0.08268886284967739
is250 convertible,0.13883894298759542
is250 premium 2.5i awd,0.0403248616105701
is250 sport rwd,0.1615418804800193
is250 sport rwd gas sedan,0.1918865408703381
is300,0.11321191074174179
is300 awd f-sport,0.2626065699624227
is300 rwd gas sedan auto,0.3434078144571498
is300 sportcross,0.0406279041577437
is350,0.13912009912858428
is350 awd,0.2423835306477029
is350 f sport,0.2727046210621304
is350 f sport rwd gas auto,0.2929007232615459
is350c,0.23213395827440833
isc 250,0.1817952240494565
isf,0.30755535577195037
isx,0.0797708998343367
j20,0.0252232413430845
j30,0.0211826740474362
je,0.0555274960604468
jeeta,0.0302638490444058
jeta se,0.1211766131964928
jetta,0.07782579284899468
jetta 1.4 t r-line,0.1908865004646652
jetta 1.4 turbo,0.090831952806174
jetta 1.4t r-line,0.20379737565154143
jetta 1.4t s,0.1319065641260477
jetta 1.4t s - one,0.1413390440017778
jetta 1.4t s 6a,0.0585579215321831
jetta 1.4t s sedan,0.111075194957372
jetta 1.4t s sedan 4d,0.150819005423144
jetta 1.4t se,0.12117428209997602
jetta 1.4t se 4dr se,0.1210654975958624
jetta 1.4t se sedan,0.11707038668229017
jetta 1.4t sel,0.21648024325143983
jetta 1.4t wolfsburg,0.1241666329952725
jetta 1.4ts,0.129146632187159
jetta 1.8t se,0.09376136409551901
jetta 1.8t sel sedan,0.1242171400864681
jetta 1.8t sport,0.12338571566217121
jetta 1.9 tdi mk4,0.0393652268778536
jetta 2.0,0.0019899793931067
jetta 2.0 tdi,0.0605276980888116
jetta 2.0l s,0.09590286476221255
jetta 2.0l tdi,0.090831952806174
jetta 2.0l tdi sedan,0.13834994251374708
jetta 2.0l tdi value,0.1473493878540547
jetta 2.0t gli,0.14590993575497996
jetta 2.0t gli sel,0.1085599418158309
jetta 2.5,0.04338474955217044
jetta 2.5 se,0.05254298612616115
jetta 2.5l,0.1008828639540991
jetta 2.5l se,0.07075841448139314
jetta 2.5l sel sedan,0.1311871186714614
jetta diesel,0.0322942341104691
jetta diesels tdi fwd,0.0151218231039637
jetta fwd gas sedan,0.2322922138268212
jetta gl,0.021978160733766974
jetta gl seadn,0.0373449432300295
jetta gli,0.12701851589963226
jetta gli 35th,0.2625055557800315
jetta gli auto,0.1615418804800193
jetta gli autobahn,0.2484616134222892
jetta gli fahrenheit,0.0393652268778536
jetta gli fwd gas,0.242393632065942
jetta gli s sedan 4d,0.23725201018222955
jetta gli se turbo,0.141359246838256
jetta gls,0.02369154734587891
jetta gls 1.8t,0.0464362196452382
jetta gls 1.8t 4dr t,0.0331831589155117
jetta gls tdi,0.0300214150066669
jetta golf sportwagen,0.1398743383571053
jetta hybrid,0.056532587175239346
jetta hybrid sel,0.0742151198028203
jetta hybrid sel premium--we finance!!,0.1186613600549517
jetta limited,0.0545173542365348
jetta r-line,0.1706836639864236
jetta r-line fwd gas,0.22892507441378096
jetta s,0.0788011636833811
jetta s 2.0,0.0453755707301305
jetta s 3mo 3000,0.050355569922017
jetta s auto w/sulev,0.151389955149703
jetta s auto w/ulev,0.1878459735746898
jetta s automatic,0.1917754252697078
jetta s fwd gas sedan,0.12550290632233335
jetta s pzev,0.0351832397268576
jetta s pzev 4dr sed,0.0593660349913127
jetta s turbo,0.0858317507778092
jetta se,0.08117606027675756
jetta se 1 owner,0.1009333710452947
jetta se 1.4t,0.1716938058103357
jetta se 1.8l,0.0555274960604468
jetta se 1.8l turbo,0.0782556870984686
"jetta se 2,5l",0.0595680633560952
jetta se 2.5,0.0407036647945371
jetta se 4-cyl 1.8l,0.0636086306517435
jetta se fwd gas auto,0.1514808679138551
jetta se pzev,0.07592113710542735
jetta se pzev *automatic *leather *moon roof local car,0.0805790132934664
jetta se pzev 4dr se,0.0600731342680512
jetta se pzev local car,0.0805790132934664
jetta se pzevsedan,0.0453755707301305
jetta se sedan 4d,0.0504666855226473
jetta sedan,0.07526931214132151
jetta sedan 1.4t se,0.1008929653723382
jetta sedan 2.0l,0.0600731342680512
jetta sedan 4d,0.0322942341104691
jetta sedan 4dr auto 1.4t s,0.1064588468220938
jetta sedan 4dr auto limited pzev,0.0747201907147763
jetta sedan 4dr auto s,0.1110347892844155
jetta sedan 4dr auto se w/convenience,0.0706291163279324
jetta sedan 4dr dsg tdi value edition,0.0999535334761
jetta sedan se,0.09354698955288873
jetta sel,0.06596153957158439
jetta sel fwd gas,0.1817851226312174
jetta sel premium,0.1413390440017778
jetta sel pzev,0.061874553854027736
jetta sel pzev 4dr sedan,0.0806800274758576
jetta sel tdi,0.1242171400864681
jetta sel tsi/premium,0.1514909693320942
jetta sport,0.13608125580831543
jetta sport tsi,0.0898723180734575
jetta sport wagon tdi,0.136338841973413
jetta sportswagen,0.0605276980888116
jetta sportswagen s,0.0625479817366358
jetta sportwagen,0.08301066849095955
jetta sportwagen 2.0l,0.16305468811630672
jetta sportwagen se,0.0605681037617681
jetta sportwagen tdi,0.08514653790725549
jetta tdi,0.06657197639298552
jetta tdi diesel,0.0868418926017212
jetta tdi fwd,0.141268334074104
jetta tdi i4 turbo fwd,0.0857812436866136
jetta tdi mkiv pd,0.005020404864843
jetta tdi premium,0.1413895510929734
jetta tdi sedan 4d,0.0807305345670532
jetta tdi sort wagon,0.09845852357671014
jetta tdi sportswagen,0.1060345872560507
jetta tdi sportwagen,0.1308125244117607
jetta trendline,0.090831952806174
jetta tsi,0.07228372863550035
jetta tsi edition,0.1008626611176209
jetta tsi turbo,0.0661339852115237
jetta turbo,0.0191623903996121
jetta value edition,0.0302638490444058
jetta vi,0.0696694815952159
jetta vr6,0.019667461311568102
jetta wagon,0.05121823103963793
jetta wagon se,0.0908723584791304
jetta wagon tdi,0.0201725322235241
jetta wolfsburg,0.03910764071275602
jetta wolfsburg editi,0.0448907026546527
jetta wolfsburg edition,0.0504262798496909
jettavolkswagen,0.0334053901167724
jimmy,0.06983334904665055
jimmy 4x4,0.0120913976322275
jimmy k5,0.2828094064406642
jimmy sle,0.017436731450428917
jimmy sls,0.0302638490444058
jimmy slt,0.02360701442482518
jimmy slt 4x4,0.0403248616105701
jk rubicon,0.3737221705927512
jku wrangler,0.2070487696472584
john cooper works,0.14340983474079758
jorney,0.0201220251323285
jouney,0.09025415168289622
journey,0.11207901938638529
"journey $299 month, only 20k miles, $1500 down, 3rd row, $299 month, only 20k miles, $1500 down, 3rd row,",0.1918461351973817
journey *sxt* awd,0.1009737767182512
journey 72k miles newer tires **redline pearl** in floor storage,0.131237625762657
journey avp,0.090831952806174
journey awd,0.44431088124772716
journey awd 4dr sxt,0.11004485029698165
journey awd sxt,0.0605276980888116
journey crew,0.07158706749094236
journey cross road,0.1767445149298961
journey crossroad,0.16479554729484017
journey crossroad automatic,0.1838155076972807
journey crossroad awd,0.12282819507858898
journey crossroad awd gas,0.15376378843589636
journey crossroad fwd gas,0.20198795910945894
journey crossroad plus,0.17032127560709517
journey crossroad plus automatic,0.1815426885934785
journey crossroad sport,0.2079578972887793
journey crossroads,0.1816032971029132
journey economy suv,0.0656289142995676
journey express,0.0706695220008889
journey fwd 4dr se,0.02724352499090865
journey fwd 4dr sxt,0.150218190633965
journey fwdsxt,0.0453250636389349
journey gt,0.1877348579740595
journey gt awd,0.1913814699583821
journey gt blacktop,0.2018768435088286
journey gt sport utility,0.19882502679846836
journey limited,0.1413693482564952
journey limited awd,0.0795183643783587
journey mainstreet awd,0.0706594205826498
journey r/t,0.09731504303204166
journey r/t awd,0.073356499252495
journey r/t flexible,0.1413693482564952
journey r/t sport utility,0.16585955424898405
journey rt,0.14810699422198872
journey se,0.10933514913978766
journey se - certified one,0.17164329871914014
journey se - one owner,0.1413390440017778
journey se 4dr suv,0.0605276980888116
journey se awd gas suv,0.2314942017859307
journey se blacktop,0.1514909693320942
journey se fwd gas suv,0.1312780314356135
journey se sport,0.1706836639864236
journey se sport utility,0.18787390102511564
journey se suv,0.1250252535455977
journey se value,0.1917754252697078
journey se value sport,0.21742797688795504
journey sport,0.0595680633560952
journey stx,0.07064931916441065
journey sxt,0.08063098811209841
journey sxt 3.6 awd,0.070679623419128
journey sxt 3rd row seat,0.0807305345670532
journey sxt 4*4,0.0797708998343367
journey sxt 4x4,0.1009737767182512
journey sxt 6-speed automatic,0.0644167441108731
journey sxt automatic,0.0493656309345832
journey sxt awd,0.09351349083257439
journey sxt fwd gas suv,0.12292875010560568
journey sxt sport utility,0.1756333589235928
journey sxt*3rd row!,0.1245908925613156
journey ut,0.0454260778213261
juke,0.09422073811544088
juke - sl awd,0.1110347892844155
juke 5dr wgn cvt sv awd,0.1059840801648551
juke a.w.d,0.0555274960604468
juke cvt nismo rs,0.141268334074104
juke fwd s,0.0802759707462927
juke nismo,0.12934234716554202
juke nismo rs,0.09583215483453875
juke nismo rs i4 turbo awd,0.1413390440017778
juke nismo sport utility,0.1601445176236076
juke s,0.1540205328161407
juke s awd,0.10249909087235846
juke s awd suv,0.1009333710452947
juke s sport utility 4d,0.1574508060931754
juke s turbo,0.0353246595822053
juke sl,0.08060174148450437
juke sl automatic,0.0908723584791304
juke sl awd,0.09213779069126754
juke sl sport utility 4d,0.1816942098670653
juke sl w navi,0.0807305345670532
juke sport,0.1206816437027758
juke suv awd,0.065578407208372
juke sv,0.07439799030542506
juke sv awd,0.08077977898096889
juke sv awd sport,0.0807305345670532
juke sv sport utility 4d,0.1877550608105377
justy,0.0181522485757
jx,0.12521718049214106
jx convertible,0.0299961614610691
jx jx35 sport utility,0.184408966018829
jx35,0.12767308780152728
jx35 awd,0.1366587202176518
jx35 base awdsuv,0.1008828639540991
k 1500,0.044415935997414
k series,0.0019899793931067
k van p6500,0.2575558608428623
k-3500 hd four wheel drive,0.2625560628712271
k10,0.4059709483211443
k10 4x4,0.15833748613860937
k15 silverado,0.0403753687017657
k1500,0.05214913284936315
k1500 sierra,0.131237625762657
k1500 sierra slt z71 4x4,0.0171421067517879
k1500 silverado,0.08078104165824879
k1500 silverado 4x4,0.2070487696472584
k1500 suburban,0.136338841973413
k1500 suburban slt,0.0595680633560952
k1500 z71 extended cab,0.0908824598973696
k20,0.09642561315608705
k2500,0.04719382601317219
k2500 silverado 4x4 6.5l turbo diesel long bed lifted navigation procomp forged wheels,0.1211362075235363
k2500 suburban,0.0403753687017657
k2500hd,0.1262374237342922
k30,0.10906501272778697
k30 4x4,0.0353246595822053
k30 crew cab dually,0.2474544426037415
k3500,0.11374839754774291
k3500 hd,0.136338841973413
k3500 sierra,0.1110852963756111
k3500 single wheel,0.200987918703786
k3500hd utility,0.1504808275081821
k5,0.2460250919229059
k5 blazer,0.09204641877174095
k5 blazer 4x4,0.1312881328538526
k5 blazers,0.005020404864843
k5 gt-line sedan 4d,0.3130126469756353
k5 lxs sedan 4d,0.2423027193017899
k900,0.1716432987191401
k900 luxury,0.423724190876399
k900 luxury sedan 4d,0.4040172422026234
k900 premium sedan 4d,0.24990536566070715
kicks,0.15332393755039725
kicks s,0.2100791951189947
kicks s sport utility 4d,0.19381591175401022
kicks sr,0.18416400662653032
kicks sv,0.16371512846117878
kicks sv sport utility 4d,0.19053295082629595
king cab,0.0090609721604913
king ranch,0.214119762414643
king ranch f350 dually,0.2626065699624227
kodiak,0.05830538607620505
kodiak 4500,0.090831952806174
kodiak 5500,0.1033072043314881
kodiak c4500,0.25553557719503817
kodiak c6500,0.0888621762495454
kodial 5500,0.0898723180734575
kona,0.20932211486659388
kona electric ultimate,0.36239735836689246
kona ev,0.3232049779789082
kona ev ultimate,0.3626106105297184
kona limited dct,0.2423027193017899
kona limited sport,0.23018101741484498
kona se,0.19261687340902658
kona se sport utility 4d,0.1847246353388015
kona sel,0.1699083801365711
kona sel 2.0l auto w/contrasting roof,0.1917956281061861
kona sel automatic,0.1614913733888237
kona sel plus sport,0.22277331070615639
kona sel sport utility,0.21940617129311615
kona ultimate,0.222150389914744
kona ultimate sport,0.2753006855495845
l 100,0.0100711139844034
l 8000,0.0226978867833043
l series,0.0211826740474362
l-100,0.0232029576952604
l-8000,0.2424037334841811
l-series,0.0252232413430845
l-series l200 4dr sedan,0.0403753687017657
l-series l300 sedan,0.0353246595822053
l-series lw300,0.0251020243242151
l-series lw300wagon,0.0262333831669966
l-series sedan l300 4-speed automatic,0.0272435249909087
l200,0.02179507252818289
l300,0.019919996767546116
l300 delica,0.1716938058103357
l320,0.0676491979473918
l322,0.0908723584791304
l8000,0.08542769404824434
la crosse touring,0.1108832680108287
la sabre,0.0100711139844034
la sabre limited,0.0504262798496909
labaron,0.05047678694088645
lacross cx,0.026038570100956414
lacrosse,0.08066764774861343
lacrosse 4dr sdn cxl,0.0706291163279324
lacrosse avenir awd,0.3736716635015556
lacrosse clx,0.0585074144409875
lacrosse cx,0.044556682424879084
lacrosse cxl,0.05885759693994365
lacrosse cxl 4dr sedan,0.042143116893611825
lacrosse cxl sedan,0.1131055800234352
lacrosse cxs,0.07013847601346086
lacrosse essence,0.21687744959392294
lacrosse essence sedan 4d,0.23995694551070523
lacrosse fwd essence,0.2185744878580952
lacrosse leather,0.13979497007094077
lacrosse leather sedan,0.104468867428987
lacrosse leather sedan 4d,0.17434903574747604
lacrosse leathersedan,0.1817851226312174
lacrosse preferred,0.20448300941452172
lacrosse preferred sedan,0.2208372055436583
lacrosse premium,0.122731109225513
lacrosse premium 1,0.10349408056891185
lacrosse premium i,0.1009333710452947
lacrosse premium i sedan,0.1715927916279445
lacrosse premium ii,0.131237625762657
lacrosse premium ii group,0.1412481312376257
lacrosse premium ii sedan,0.1675522243322962
lacrosse premium sedan 4d,0.23624186835831743
lacrosse sport,0.1211766131964928
lacrosse sport touring,0.1615418804800193
lacrosse sx,0.0453755707301305
lacrosse touring,0.0857812436866136
lacrosse touring nav p.roof,0.131237625762657
lacrosse/lesabre,0.0302234433714493
lancer,0.07672121119293517
lancer - es,0.0431532587175239
lancer 2.0es,0.1413390440017778
lancer 2015,0.0555274960604468
lancer es,0.05821986073511384
lancer es 2.0 fwd cvt,0.1201260656996242
lancer es fwd gas,0.1211766131964928
lancer es sedan 4d,0.13371247323124158
lancer es sport,0.04032486161057005
lancer evolution,0.2845751343488626
lancer evolution 8,0.2222008970059396
lancer evolution gsr,0.23041941088528822
lancer evolution gsr turbo 5 speed front mount new clutch,0.2120489716756232
lancer evolution gsr turbo 5 speed manual cobb tuner exht,0.3231645723059517
lancer evolution iv,0.2120994787668188
lancer evolution mr,0.23184386626343875
lancer evolution x,0.2009626651581882
lancer gt,0.0817897404224124
lancer gts,0.030947378345252935
lancer gts 4dr sedan,0.0610832760919633
lancer le 2.0 fwd cvt,0.1343185583255889
lancer ls,0.0157784152895066
lancer oz rally,0.01794011879267842
lancer ralliart,0.06024149123870317
lancer rhd,0.0605276980888116
lancer sel,0.1211867146147319
lancer sportback,0.04923229221382678
lancer sportback es,0.0806800274758576
lancer sportback gts,0.0585579215321831
lancer sportsback gts,0.0585579215321831
land cruiser,0.21322080444418717
"land cruiser 1-owner*full custom build*never off road*new lift*new 33"" yokohama x-ats*new 18"" black rhino wheels*center council cooler*360 camera*chrome delete",0.7474443411855025
land cruiser 100 series,0.0322942341104691
land cruiser 4wd,0.1814416744110873
land cruiser 4x4,0.3449280779021374
land cruiser 4x4 / leathe,0.2119984645844276
land cruiser awd,0.1615216776435411
land cruiser base,0.6565113741969373
land cruiser fj60,0.19694735140813766
land cruiser fj62,0.3080629520384662
land cruiser fj80,0.17055739625843463
land cruiser hdj81 - 80 series,0.3898743383571053
land cruiser kzj71,0.2727079882015434
land cruiser landcruiser,0.17068366398642368
land crusier,0.16411774213099514
landcruier,0.2525051517233019
landcruiser,0.20402844559376135
landcruiser 4x4,0.1615822861529758
landcruiser fj45,0.2777586973211038
landcruiser fj60,0.19139157137662124
landcruiser fj62 4wd,0.1893712877287971
larami 5.7 hemi long horn,0.2726574811103479
larami long horn 4x4 leather,0.2726574811103479
laramie,0.2335624671703907
laramie 1500,0.2827588993494687
laramie 1500 hemi sport,0.5454462806578044
laramie 3500,0.136338841973413
laramie crew cab 4x4,0.3434078144571498
laramie slt 1500,0.0938623782779102
laramoi long horn,0.2726574811103479
laredo,0.0151218231039637
lariat supercrew 4x4,0.3484686249949493
lasabre,0.013581356822497824
lasabre custom,0.0290597599903026
lasabre limited,0.028127399086831727
lc 500,0.8094468463372257
lcf,0.15916804719382593
lcf 450,0.12858768704459436
le baron,0.06992201705119393
le sabre,0.0306106644039489
le sabre custom,0.0302234433714493
leaf,0.09323704887582272
leaf 4dr hb s,0.0731948765606691
leaf s,0.08170835185260006
leaf s electric,0.222150389914744
leaf s hatchback 4d,0.16864367633758984
leaf s-24 hatchback 4d,0.1372479696149339
leaf sl,0.11942457832190748
leaf sl 4dr hatchback,0.0403753687017657
leaf sl hatchback,0.0605276980888116
leaf sl hatchback 4d,0.11337869244249298
leaf sl plus hatchback 4d,0.2786678249626247
leaf sv,0.07274392038927976
leaf sv 4d hatchback,0.052951634409471
leaf sv electric,0.0605276980888116
leaf sv hatchback,0.1817447169582609
leaf sv hatchback 4d,0.16781768020695217
leaf sv plus hatchback 4d,0.214624833326599
leaf svplus hatchback 4d,0.214624833326599
lebaron,0.04372567241774073
lebaron convertible,0.03947746485828829
lecern,0.0504262798496909
lecerne,0.0504767869408865
legacy,0.08996654797000161
legacy (natl),0.07818497717079476
legacy *back up cam!!,0.1346923108004363
legacy 2.2l wagon,0.0060305466887551
legacy 2.5 gt,0.0595680633560952
legacy 2.5 gt limited,0.0652834457957897
legacy 2.5i,0.0983300461634813
legacy 2.5i 4dr sedan 6,0.1008828639540991
legacy 2.5i awd sedan,0.0252232413430845
legacy 2.5i limited,0.10595285759938872
legacy 2.5i limited 4dr,0.0705887106549759
legacy 2.5i limited awd,0.09442805769930093
legacy 2.5i limited sedan,0.16768129800979606
legacy 2.5i ltd,0.1059840801648551
legacy 2.5i pre,0.0752252616267323
legacy 2.5i prem awd,0.0605276980888116
legacy 2.5i premium,0.10091025763067978
legacy 2.5i premium awd,0.0941906743706816
legacy 2.5i premium sedan,0.18928768978474922
legacy 2.5i sedan 4d,0.19104523703699425
legacy 2.5i sedan well ma,0.0494666451169744
legacy 2.5i special ed,0.0554769889692512
legacy 2.5i sport,0.1482888197502929
legacy 2.5i sport awd,0.1613095478605196
legacy 3.0 r limited,0.0502444543213867
legacy 3.0r,0.0858317507778092
legacy 3.6 limited awd,0.0615883470039193
legacy 3.6r,0.1716837043920966
legacy 3.6r limited,0.1505464867267364
legacy 3.6r limited automatic,0.16854216331973
legacy 3.6r limited awd,0.11103478928441546
legacy 3.6r limited sedan,0.2483635702452624
legacy 4dr sdn 2.5i pzev,0.1413390440017778
legacy awd,0.08479467183859275
legacy awd 4dr. sedan,0.0706291163279324
legacy awd sedan,0.0403753687017657
legacy base awd,0.1815123843387611
legacy gt,0.045969029051678816
legacy gt 2.5,0.0302739504626449
legacy gt awd,0.0605276980888116
legacy gt limited,0.039870297789809675
legacy gt spec b,0.0959331690169299
legacy gt special edition,0.0494666451169744
legacy gt turbo 5a,0.1090650127277869
legacy gt wagon,0.0251727342518889
legacy l,0.028085309844168765
legacy l 4dr wagon,0.0503858741767344
legacy l awd,0.03731968968443165
legacy l wagon,0.0151218231039637
legacy limited,0.08184842485218254
legacy limited 3.6r,0.0907814457149783
legacy limited awd,0.17392874459574123
legacy limited h6 r 1-owner,0.0545173542365348
legacy limited sedan 4d,0.2726069740191523
legacy ltd,0.1388641965331932
legacy outback,0.04355446632912384
legacy outback 2.5i,0.0393652268778536
legacy outback 2.5i ltd,0.0393652268778536
legacy outback awd,0.02336794752649937
legacy outback awd 6 spd,0.0398702977898096
legacy outback limited,0.02951634409471085
legacy outback wagon,0.028556709361994365
legacy outback xt,0.0999737363125782
legacy premium,0.12183847568720382
legacy premium 2.5i awd,0.0797708998343367
legacy premium awd,0.05329508262960112
legacy premium sedan 4d,0.24903699812787042
legacy premium sedan this car is ready to go!,0.0625984888278314
legacy premium**back up,0.170047274637359
legacy se,0.050645143911538466
legacy sedan,0.03466427936482274
legacy sedan (natl) 2.,0.0484565032930623
legacy sedan awd,0.020162430805285
legacy special edition new head gaskets & timing belt,0.0535072124126227
legacy sport,0.1514909693320942
legacy sport awd,0.1306113378318315
legacy sport awd gas auto,0.2878500141419855
legacy wagon,0.03592208631806188
legacy wagon 5dr outback h6 vdc,0.0504262798496909
legacy wagon awd,0.024783108119808543
legacy wagon l 35th anniversary edition,0.0503757727584952
legacy wagon outback 2.5i,0.0605681037617681
legacy wagon outback ltd,0.03093054264818773
legay limited,0.1211362075235363
legend,0.0555274960604468
legend l,0.0352741524910097
lesabre,0.026089191581034513
lesabre 4dr sdn custom,0.028379934542809775
lesabre custom,0.0304399763367802
lesabre custom 4dr sedan,0.0403248616105701
lesabre customsedan,0.0367388581356822
lesabre custon,0.0504262798496909
lesabre limited,0.028110002199864363
lesabre limited 4dr sedan,0.0242130995191724
lesabre limited￼,0.0282536668148208
lesabre lmtd,0.0090609721604913
lesabre ltd,0.0403652672835266
lhs,0.0140881113041604
libert limited,0.0216877449593923
libert renegade 4x4,0.0403753687017657
libert sport 4 x 4,0.0907814457149783
liberty,0.051885629606445036
liberty 2003,0.0040102630409309
liberty 2012,0.0666390561234797
liberty 2wd 4dr sport,0.0756091155198189
liberty 3.7 v6,0.0675986908561962
liberty 4dr sport 4wd,0.0297688795506889
liberty 4wd 4dr limited,0.0403248616105701
liberty 4wd 4dr sport,0.04379499587624452
liberty 4wd sport,0.0534567053214271
liberty 4x4,0.04491371144064175
liberty 65 4x4,0.0504666855226473
liberty 75 anniversary,0.0807709402400097
liberty crd,0.07503165111048253
liberty diesel,0.0757303325386884
liberty freedom edition 4x4,0.0403248616105701
liberty jet,0.07269990706695217
liberty jet edition,0.1282072002909208
liberty jet edition 4wd,0.0958826619257343
liberty laredo 4x4,0.0605276980888116
liberty latitude,0.0833013455089094
liberty latitude 4wd,0.0938118711867146
liberty limited,0.054150789309280516
liberty limited 4dr,0.0498606004283001
liberty limited 4dr suv,0.110994383611459
liberty limited 4wd,0.04984039759182185
liberty limited 4x4,0.05607928603175881
liberty limited edition,0.0292638086387328
liberty limited edition sp,0.1109640793567416
liberty limited jet,0.0908521556426522
liberty limited jet 4x4,0.1034839791506727
liberty new sticker,0.0302739504626449
liberty renegade,0.05688397222398593
liberty renegade 4wdsuv,0.0494666451169744
liberty renegade 4x4,0.04667612832841728
liberty sport,0.051653172318159385
liberty sport 4+4,0.04891106711382275
liberty sport 4wd,0.06037539978305257
liberty sport 4wdsuv,0.0484565032930623
liberty sport 4x2suv,0.005020404864843
liberty sport 4x4,0.06121132642317096
liberty sport 4×4,0.0555274960604468
liberty sport automatic,0.0656289142995676
liberty sport jet,0.0272435249909087
liberty sport latitude,0.0681441674411087
liberty sport limited,0.0756798254474928
liberty sport sport 4dr suv,0.0403248616105701
liberty sport utility 4d,0.0504262798496909
liberty sportsuvw/ front,0.044415935997414
liberty sprot,0.0242130995191724
liberty suv,0.1288536910582245
liberty trail rated,0.0605276980888116
liberty unlimited edition,0.0464362196452382
liberty4x4,0.0502444543213867
library 4x4,0.020399814133904348
life,0.0585579215321831
lifted 4runner sr5 4x4,0.3939149056527536
lifted 4runner trd off,0.44846256414400576
lifted cherokee trailhawk,0.3535092326962705
lifted f150 fx4 4x4 1/2 ton,0.3232049779789082
lifted f150 lariat 4x4 gas,0.4862707295532865
lifted f150 lariat fx4 4x4,0.4545234150874783
lifted f150 lariat sport,0.4444219968483575
lifted f150 platinum 4x4,0.6262475251525315
lifted f150 svt raptor 4x4,0.3535092326962705
lifted f150 xl 4x4 1/2 ton,0.424219160370116
lifted f150 xl 4x4 half ton,0.424219160370116
lifted f150 xlt 4x4 1/2 ton,0.41711075494258654
lifted f150 xlt fx4 4x4 gas,0.3838134874136328
lifted f150 xlt rwd 1/2 ton,0.3636106509353913
lifted f150 xlt sport 4x4,0.3939149056527536
lifted f150 xlt xtr 4x4 gas,0.3838134874136328
lifted f250 deisel lariat,0.7575659622611015
lifted f250 deisel xlt 4x4,0.6363489433916523
lifted f250 diesel lariat,0.7036917316524574
lifted f250 diesel xlt 4x4,0.6363489433916523
lifted f250 lariat 4x4 gas,0.5959432704351691
lifted f250 power stroke,0.6834888951742158
lifted f250 powerstroke,0.7348377712230798
lifted f350 deisel 350 4x4,0.7171602893046184
lifted f350 deisel lariat,0.6636227726372783
lifted f350 deisel platinum,0.7575659622611015
lifted f350 deisel xlt 4x4,0.6666531981090146
lifted f350 diesel lariat,0.6774761462223582
lifted f350 diesel platinum,0.7979716352175846
lifted f350 diesel xl 4x4,0.2827993050224251
lifted f350 diesel xlt 4x4,0.6666531981090146
lifted f350 diesels lariat,0.711099438361146
lifted f350 diesels xlt 4x4,0.6767546163481354
lifted f350 power stroke,0.7090791547133218
lifted f350 powerstroke,0.7222109984241788
lifted f350 xl 4x4 1 ton,0.4949290880439613
lifted f350 xl fx4 4x4 gas,0.4949290880439613
lifted f450 powerstroke,0.8484787264131884
lifted gladiator diesel 4x4,0.5858418521960483
lifted gladiator overland,0.5353347610004445
lifted gladiator sport 4x4,0.4444219968483575
lifted grand cherokee 4x4,0.41972964115272887
lifted ranger stx fx4 4x4,0.3737120691745121
lifted ranger xlt fx4 4x4,0.3535092326962705
lifted sierra 1500 all 4x4,0.3434078144571498
lifted sierra 1500 at4 4x4,0.6615721847347368
lifted sierra 1500 elevation,0.555537597478686
lifted sierra 1500 sle rwd,0.3434078144571498
lifted sierra 1500 sle x31,0.4747262515657198
lifted sierra 1500 slt 4x4,0.464624833326599
lifted sierra 1500 x31 4x4,0.4848276698048406
lifted sierra 2500 hd x31,0.5454361792395653
lifted sierra 3500 hd 4x4,0.4949290880439613
lifted sierra deisel duramax,0.6848357509394319
lifted sierra deisel durmax,0.6262475251525315
lifted sierra diesel duramax,0.646450361630773
lifted sierra diesel durmax,0.6413996525112127
lifted sierra diesels durmax,0.696957452826377
lifted sierra duramax 2500,0.6338235888318721
lifted sierra duramax 3500,0.6801217557611756
lifted sierra durmax 2500,0.6397160828046925
lifted sierra durmax 3500,0.6582353495764139
lifted silverado 1500,0.4942243379342553
lifted silverado 2500,0.6801217557611756
lifted silverado 3500,0.725241423895915
lifted tacoma 4x4 1/4 ton,0.4444219968483575
lifted tacoma limited 4x4,0.5252333427613237
lifted tacoma sr 4x4 gas,0.3939149056527536
lifted tacoma sr5 4x4 gas,0.3905477662397134
lifted tacoma trd off 4x4,0.40149096933209416
lifted tacoma trd sport,0.3924718459043078
lifted titan diesel xd,0.44442199684835754
lifted titan diesels xd,0.4444219968483575
lifted titan platinum 4x4,0.44442199684835754
lifted titan pro-4x 4x4,0.2929007232615459
lifted tundra 4x4 1/2 ton,0.3434078144571498
lifted tundra crewmax sr5,0.4949290880439613
lifted tundra limited 4x4,0.3131035597397875
lifted tundra platinum,0.5393046183684189
lifted tundra sr 4x4 gas,0.2827993050224251
lifted tundra sr5 4x4 gas,0.39391490565275356
lifted tundra sr5 trd 4x4,0.4747262515657198
lifted tundra sr5 trd off,0.49925826728929884
lifted wrangler rubicon 4x4,0.3938744999797972
lifted wrangler sport 4x4,0.25451432381106304
lifted wrangler unlimited,0.4238134874136329
lighting,0.2120489716756232
lightning,0.2712577131543554
lightning f150,0.1413794496747343
lightning svt,0.20704876964725838
limited,0.0302739504626449
limited 3500,0.7525253545597802
limited night edition,0.6565618812881329
limo,0.0975965358869718
limousine,0.07249787870216975
liteace,0.11613600549517147
liteace 4wd,0.1312881328538526
lj rubicon,0.2823043355287082
lj wrangler unlimited,0.1504808275081821
ln 8000,0.0201725322235241
lnt8000,0.1716432987191401
long bed 4x4,0.0454260778213261
long horn 4x4 5.7 hemi,0.2726574811103479
longhorn mega cab,0.5848418117903754
lr 2,0.0656289142995676
lr 3,0.0958826619257343
lr 4,0.1716736029738575
lr2,0.11721226569301234
lr2 hse,0.08101061934550154
lr2 se,0.0757303325386884
lr2 se tech package,0.0908723584791304
lr2 suv,0.0358297304941613
lr3,0.06884545074977008
lr3 hse,0.07482120489716754
lr3 se,0.06199871711988357
lr4,0.23386291702021628
lr4 hse,0.16560377299195025
lr4 hse lux,0.21878998478052983
lr4 hse luxury,0.3727120287688391
lr4 lux,0.1716736029738575
lr4 v8,0.1262374237342922
ls,0.09985469062660131
ls 400,0.04723928239524823
ls 400 luxury sdn,0.0201725322235241
ls 430,0.06675883008260071
ls 430 4dr sedan,0.05545534307302454
ls 430 base,0.0807709402400097
ls 430 luxury package,0.0686593397713039
ls 430 sedan--we finance!!,0.0555274960604468
ls 430 sport,0.0453755707301305
ls 430 ultra luxury package / navigation / back-up cam / heated & cooled seats / every option possible / timimng belt replaced,0.0706291163279324
ls 460,0.16020828920340008
ls 460 automatic,0.3782678088003555
ls 460 awd,0.1403794092690613
ls 460 base,0.14136598111708212
ls 460 base 4dr sedan,0.3181138631863913
ls 460 crafted line sedan,0.3332154834538769
ls 460 f sport,0.29778475898016077
ls 460 l,0.10852206149743422
ls 460 l awd,0.121116004687058
ls 460 l sedan 4d,0.3190734979191078
ls 460 luxury sedan,0.1151132368984605
ls 460 lwb,0.1110650935391329
ls 460 rwd,0.1715725887914663
ls 460 sedan,0.37271202876883913
ls 460 sedan 4d,0.29809270146901756
ls 460 sedan rwd,0.2317972443331043
ls 460 sport,0.3231645723059517
ls 460 v8,0.1615418804800193
ls 460l,0.09247444341185503
ls 500 base,0.6100953573881773
ls 500 f sport,0.7169683623580752
ls 500 sedan,0.7372722130187079
ls 600h l,0.23304140234622273
ls luxury package,0.0605276980888116
ls sport v8,0.0604569881611378
ls v8,0.03364108987568517
ls-400,0.0423956523495898
ls-460,0.0999737363125782
ls2,0.0302234433714493
ls300,0.0242130995191724
ls400,0.02997090791547128
ls430,0.06326413745731276
ls430 4.3l v8,0.070174552507172
ls460,0.12114820295769521
ls460 awd,0.162948863734754
ls460 f-sport,0.1090650127277869
ls460 l,0.12421714008646809
ls460 rwd,0.15653662774253504
ls460l,0.16411269142187557
"ls460l, great sedan",0.1514404622408986
ls600h l,0.3434078144571498
lsc mark vii,0.0403753687017657
lse,0.0277485959028647
lt,0.0504262798496909
lt sonic hatchback,0.05780031516424905
lt9513 grapple truc,0.7474746454402199
ltd crown victoria,0.0353246595822053
ltd crown victoria lx,0.029430482039678352
ltz tahoe,0.0807810416582488
lucern,0.0605276980888116
lucerne,0.0571357260226002
lucerne cx,0.04262966853879614
lucerne cxl,0.052047823303865495
lucerne cxl -- se,0.090831952806174
lucerne cxl premium,0.0706291163279324
lucerne cxl premium sedan,0.1473493878540547
lucerne cxl special,0.0858317507778092
lucerne cxl v6,0.05820670299033059
lucerne cxl v6 - gold,0.0656289142995676
lucerne cxs,0.05541974759922955
lucerne super,0.06392850889598227
lumima,0.01928865812760105
lumina,0.012402414983274122
lumina euro,0.0150713160127681
lumina ltz,0.0252232413430845
lumina z34,0.0565376378843589
luv,0.0499717160289304
luxury,0.2676067719907875
lw200,0.0080508303365792
lw300,0.029583686882971666
lwb 510+hp,0.555446684714534
lx,0.38101876170080945
lx 200,0.0504262798496909
lx 450,0.4060467089579377
lx 470,0.2113897776096248
lx 470 4dr suv,0.1817447169582609
lx 470 4wd,0.1009333710452947
lx 470 base,0.2929007232615459
lx 570,0.3658944897681816
lx 570 sport utility 4d,0.4342296658450846
lx-470,0.1211867146147319
lx450,0.18852950287553705
lx470,0.14995239706654812
lx470 land cruiser,0.3533173057497272
lx570,0.4298557517475453
lx740,0.0555274960604468
m,0.17218418375030758
m 2 series,0.1565416784516546
m class,0.1108075073740353
m coupe,0.3434078144571498
m m37 sedan 4d,0.19035256835774028
m m37x sedan 4d,0.2119984645844276
m m56 sedan 4d,0.1675522243322962
m models,0.3535193341145096
m models x6,0.2716978463776314
m roadster,0.2186654006222473
m-class,0.15872358479130463
m-class 3.5l,0.03935420714886547
m-class 6.3l amg,0.2196755424461594
m-class ml 320,0.0883065982463938
m-class ml 350,0.21193516236346246
m-class ml 350 4,0.0604872924158551
m-class ml 500,0.0858317507778092
m-class ml 550,0.2493737120691745
m-class ml 63 amg,0.1716028930461836
m-class ml350 suv,0.16877954664834938
m-class ml500,0.0929027435451937
m-class ml63 amg,0.1514404622408986
m2,0.4128399127237464
m2 competition,0.5454462806578044
m235,0.29122388783385184
m235 ix,0.2701826336417633
m235i,0.2676572790819831
m235i xdrive convertible,0.2878601155602246
m240i,0.3131136611580266
m240i convertible 18k sport premium m pkg leather,0.3332659905450725
m3,0.2735543580957064
m3 base,0.1413390440017778
m3 convertible,0.181142961043159
m3 convertible 2d,0.2898621835358143
m3 coupe,0.2572191469015583
m3 coupe 2d,0.3986221665521839
m3 cs,0.5959028647622127
m3 e46,0.1706836639864236
m3 e46 convertible,0.3434078144571498
m3 sedan,0.31071289075652886
m3 sedan 4d,0.48726211160046873
m30,0.0282536668148208
m30 convertible,0.0494666451169744
m340xi,0.6111054992120895
m35,0.06729817366358234
m35 4dr sdn rwd,0.0454260778213261
m35 4wd,0.0504262798496909
m35 awd x,0.05247181704311285
m35 base,0.07266960281223481
m35 sedan,0.005020404864843
m35 sport,0.0757303325386884
m35 sport | extra clean,0.0756798254474928
m35 x,0.0504262798496909
m35h,0.11358539738979345
m35s,0.0878520344256333
m35x,0.058865096477727225
m35x awd,0.05814123802981936
m35xs,0.0989635944886662
m37,0.14613119566602534
m37 x,0.047065874715476665
m37s,0.0403753687017657
m37x,0.12135338801567734
m3cic,0.18179017334033695
m4,0.6612906077013213
m4 - fully loaded! - head-u,0.3837730817406763
m4 cabriolet,0.5454462806578044
m4 convertible,0.515142025940442
m4 coupe,0.4898884803426401
m4 coupe 2015,0.4535233746818053
m4 coupe 2d,0.3981170956402278
m4 package,0.6868560345872561
m45,0.052726877853650614
m5,0.32180402350712256
m5 535 xi,0.0858317507778092
m5 85k v10 500 hp 7 speed paddles moon roof m3,0.1716432987191401
m5 e60,0.280284051880884
m5 sedan 4d,0.3332154834538769
m550,0.5504969897773648
m550i,0.3838033859953937
m550i xdrive,0.7979817366358237
m56,0.1110347892844155
m56 s.,0.0858317507778092
m6,0.3520768515899632
m6 - competition package,0.2209988282354842
m6 6-series,0.2504848680754777
m6 convertible,0.33278617317871423
m6 coupe 4d,0.49786860075154554
m6 gran coupe,0.5150915188492465
m850i x,0.8131338639945049
m850i xdrive,0.919198755505273
macan,0.44147187765162227
macan *low miles*full l,0.4276334397349388
macan awd 1 owner,0.3938239928886015
macan base,0.353468827023314
macan gts,0.6447364876695355
macan s,0.449557402474692
"macan s 67k msrp* premium package plus* gloss black window trim*roof rails in black* 20"" rs spyder wheels* navigation* heated and ventilated seats*tinted windows",0.4444017940118792
macan s awd,0.4439017738090428
macan s sport utility 4d,0.3640707246206458
macan sport,0.4544325023233262
macan sport utility 4d,0.39308934428939274
macan turbo,0.4999646450361631
macan turbo awd crossove,0.3934199361590367
magna,0.1009838781364903
magnum,0.05149155858149146
magnum hemi,0.0454260778213261
magnum r/t,0.070805891147117
magnum rt,0.059739787466160224
magnum se,0.03481706331568948
magnum se wagon 2-owner great service history,0.0605276980888116
magnum srt-8 v8 rwd,0.1463897531213382
magnum srt8,0.07396258434684225
magnum sxt,0.060911046910986276
maibu,0.0999737363125782
mailbu,0.0252232413430845
malibi,0.0393652268778536
malibu,0.08974537789215586
malibu - lt v6,0.0504262798496909
malibu 1lt,0.08872749067302377
malibu 2016,0.1060345872560507
malibu 2lt,0.06756527847278984
malibu 2lt sedan,0.0757202311204493
malibu 3lt,0.0987110590326881
malibu 4dr,0.1817851226312174
malibu 4dr sdn,0.0050103034466039
malibu 4dr sdn hybrid,0.069427047557477
malibu 4dr sdn ls w/1fl,0.1412986383288213
malibu 4dr sdn lt,0.1412885369105822
malibu 4dr sdn lt w/1lt,0.1918461351973817
malibu 4dr sdn ltz w/1lz,0.1009737767182512
malibu base,0.026667744151278757
malibu classic,0.0178525731679394
malibu classic ls,0.0171421067517879
malibu eco,0.07905525320370363
malibu hybrid,0.11018879550688912
malibu hybrid sedan 4d,0.1813268855674609
malibu limited,0.1061101849667435
malibu limited 4dr sdn ls w/1fl,0.0902965776395006
malibu limited ls,0.13020896467197327
malibu limited lt,0.1347892844155319
malibu limited ltz,0.13598804726729086
malibu limited t,0.1060345872560507
malibu ls,0.09064051267496746
malibu ls - one owner,0.1514404622408986
malibu ls 1fl,0.027283930663865145
malibu ls 4dr sedan,0.0999737363125782
malibu ls fleet 4dr s,0.0554264818780556
malibu ls fwd gas auto,0.1514808679138551
malibu ls sedan 4d,0.1303624756188496
malibu lssedan,0.0196674613115681
malibu lt,0.08900621984989025
malibu lt 1lt,0.07540708715503651
malibu lt 2016,0.0903773889854135
malibu lt 4dr sedan w,0.060477190997616
malibu lt automatic,0.1503949654531496
malibu lt fwd gas auto,0.17505084380513689
malibu lt sedan,0.05383719207510066
malibu lt sedan 4d,0.16588773508245
malibu lt turbo,0.1605822457473029
"malibu lt w/ turbo, navigation",0.1615822861529758
malibu lt w/1lt,0.08377106145702856
"malibu lt, $136 month, $1500 down, 48 months, 3.9% apr, lt, $136 month, $1500 down, 48 months, 3.9% apr,",0.0605276980888116
malibu lt1,0.06204291082467975
malibu lt2,0.021856101930044267
malibu ltsedan,0.1903814295527092
malibu ltsedan w/1lt,0.1211362075235363
malibu ltz,0.07227494275079938
malibu ltz 2.4,0.0512343933088205
malibu ltz 4dr sedan,0.1008828639540991
malibu ltz 6-speed automatic,0.0704775950543456
malibu ltz1,0.043910865085458
malibu ltzsedan,0.06631148156058252
malibu ltzsedan w/4,0.0792658289223807
malibu maxx,0.020735103516225945
malibu maxx ls,0.02630409309467042
malibu maxx lt,0.032100623594219266
malibu maxx ltz,0.0433552870823063
malibu maxx ss,0.0555274960604468
malibu premier,0.1564608671057416
malibu premier automatic,0.21702897086750975
malibu premier sedan,0.2322013010626692
malibu rs,0.22677395334876443
malibu sport,0.0365873368620954
malibu ss,0.0302638490444058
malibu sssedan,0.0302638490444058
"malibu, ls",0.1009737767182512
malibu-sedan,0.0398702977898096
mallinia,0.0201725322235241
marano,0.0221928158713483
marauder,0.2322518081538647
"marineer,premier",0.0251727342518889
mariner,0.045966714143332345
mariner 4x4,0.06758606408339728
mariner awd,0.0530021415006666
mariner escape tribute,0.0459816558244777
mariner fwd,0.0554769889692512
mariner fwd 4dr premier,0.0706291163279324
mariner fwdconvenience,0.0363044971514
mariner hybrid,0.04415666626260991
mariner hybrid 4x4,0.0584569073497919
mariner i4,0.0403248616105701
mariner luxury,0.05039092488585395
mariner premier,0.042530855947559607
mariner premier 4x4 gas,0.0272435249909087
marinr hybrid,0.0368398723180734
mark,0.0906804315325871
mark 2,0.0959331690169299
mark 3,0.0502242514849084
mark eight,0.005020404864843
mark lt,0.12207074176244644
mark lt base,0.0605681037617681
mark lt crew cab pickup,0.222150389914744
mark lt pickup truck,0.1403794092690613
mark penalty,0.1004788072245343
mark series 4dr supercre,0.1211766131964928
mark v1,0.0989130873974706
mark v11,0.0201725322235241
mark vi,0.09997373631257825
mark vii,0.0279135857341037
mark vii lsc,0.09761337158403703
mark viii,0.04105721443290632
mark viii lsc,0.09997171602893044
mark viii lsc 2 door,0.0269909895349307
markvll,0.0757303325386884
marquis,0.04290072326154585
marry,0.0292638086387328
martin,0.3939250070709927
martin db11,0.00953573881773
martin db7 volante,0.3222049375732352
martin db9,0.5019798779748676
martin rapide,0.5151420259404421
martin rapide s,0.7473837326760677
martin v8 vantage,0.696967554244616
martin v8 vantage s,0.691613802577882
martin vantage,0.9292496666531982
martrix,0.01883625889646327
masarati,0.070679623419128
master ace surf,0.0807810416582488
matric,0.0302234433714493
matris xrs,0.0918926017212816
matrix,0.048063249469114305
matrix 4wd,0.0514869287647985
matrix awd,0.0807709402400097
matrix base,0.057482120489716695
matrix base 4-speed at,0.05956806335609519
matrix s,0.04306795785239352
matrix s awd,0.07831250757606362
matrix s awd wagon,0.0706291163279324
matrix sport,0.0363348014061174
matrix sports,0.0201725322235241
matrix xr,0.03870701846539251
matrix xr 4wd hatchback,0.0494666451169744
matrix xr awd,0.041360256980079974
matrix xr hatchback,0.0499717160289304
matrix xrs,0.03456705321427124
maurano,0.1464402602125338
maxim,0.0383550850539415
maxima,0.10131953947293343
maxima 3.5 4dr sedan,0.0898723180734575
maxima 3.5 s,0.11367406539433689
maxima 3.5 se,0.02841360593694017
maxima 3.5 sl,0.0826578851670774
maxima 3.5 sv,0.08386814731010453
maxima 3.5 sv 4dr sedan,0.1110347892844155
maxima 3.5 sv w/sport pkg,0.1280051719261384
maxima 3.5 svsedan,0.1009737767182512
maxima 3.5l,0.2312921734211483
maxima 4dr sdn 3.5 s,0.131237625762657
maxima 4dr sdn v6 auto 3.5 se,0.0504262798496909
maxima 4dr sdn v6 cvt 3.5 sv w/premium pkg,0.0705887106549759
maxima gle,0.01611753433039136
maxima gxe,0.02014727867792635
maxima platinum,0.21864014707664947
maxima platinum (2017.5),0.2584649884843832
maxima platinum 3.5l,0.2058163966220857
maxima platinum sedan 4d,0.3212434322075115
maxima s,0.08988915377052266
maxima s (2017.5) sedan,0.2180593155279001
maxima s 3.5l,0.2080488100529314
maxima s sedan 4d,0.23209707279265643
maxima se,0.023282646661368995
maxima se 4dr sedan,0.0302234433714493
maxima sedan 4d,0.05047678694088645
maxima sl,0.03698331245706892
maxima sl 3.5l,0.2120893773485797
maxima sl sedan 4d,0.1985467426293318
maxima sl*navi*leather*b,0.2458079114307648
maxima sport,0.057547779708271
maxima sr,0.1186563093458321
maxima sr fwd gas sedan,0.1918865408703381
maxima sv,0.1513582413947662
maxima sv (2017.5) sedan,0.22563537920724064
maxima sv premium,0.0855741646127116
maxima sv sedan,0.0686593397713039
maxima sv sedan 4d,0.22467528531914968
maxima sv w/sport pkg,0.1161259040769323
maxima sv--we finance!!,0.0807810416582488
maxima v6,0.0504262798496909
maximum,0.0232029576952604
maxmia,0.1009333710452947
mazada 3,0.090831952806174
mazd6,0.0696694815952159
mazda2,0.05229801322929265
mazda2 sport,0.051093983595296745
mazda2 touring,0.0504767869408865
mazda2 touring mt,0.0807305345670532
mazda2vtouring,0.0201220251323285
mazda3,0.07780694615037732
mazda3 4-door,0.16632490201624303
mazda3 4-door sport,0.1766232979110267
mazda3 4-door touring,0.1816740070305871
mazda3 4dr sdn auto i sport,0.0705786092367368
mazda3 5-door,0.13217907794254308
mazda3 5-door touring auto,0.1413390440017778
mazda3 5dr hb man s touring,0.1165602650612146
mazda3 grand touring sedan,0.2029071881692189
mazda3 gt,0.0494666451169744
mazda3 hatchback,0.17162814659178144
mazda3 hatchback 4d,0.2018970463453068
mazda3 i,0.041360256980079946
mazda3 i grand touring,0.11782173017091596
mazda3 i sport,0.07024902110209758
mazda3 i sport 4-door,0.051342622789953954
mazda3 i sport hatchback,0.15007340363920424
mazda3 i sport sedan 4d,0.11437667515185794
mazda3 i sport w/ navigation system,0.1163279324417148
mazda3 i sv,0.06662318246624681
mazda3 i sv sedan 4d,0.135006048966922
mazda3 i touring,0.0712878731030979
mazda3 i touring automatic,0.1079336538850054
mazda3 i touring hatchback,0.15279638338145748
mazda3 i touring i4 fwd,0.090831952806174
mazda3 i touring sedan,0.0555274960604468
"mazda3 i touring sedan / 4-cyl / automatic / 91,000 miles / 1-owner",0.1009333710452947
mazda3 i touring sedan 4d,0.16293443313726955
mazda3 i touring w/skyact,0.1346923108004363
mazda3 i touringsedan 5a,0.0494666451169744
mazda3 mazdaspeed3 sport hatchback 4d,0.1160854984039759
mazda3 preferred hatchback,0.2220998828235484
mazda3 preferred sedan 4d,0.204169865449109
mazda3 premium sedan 4d,0.2200795991757242
mazda3 s 5-door,0.0302638490444058
mazda3 s grand,0.0605276980888116
mazda3 s grand touring,0.14265417095329408
mazda3 s sport,0.0629682007353832
mazda3 s sport 4d hatchback automatic,0.0670330114348054
mazda3 s touring,0.11182101633736037
mazda3 sdn auto i sport,0.0524667663339932
mazda3 sedan automatic i,0.1262374237342922
mazda3 select,0.1817447169582609
mazda3 select sedan 4d,0.1978564790496585
mazda3 sport,0.13950058588225783
mazda3 sport gs,0.0504262798496909
mazda3 sport hatchback 4d,0.17563335892359283
mazda3 sport sedan,0.163767559632039
mazda3 touring,0.131237625762657
mazda3 touring 2.5,0.17710265612201043
mazda3 touring hatchback,0.17105098828602808
mazda3 touring sedan 4d,0.17599773151007542
mazda3i,0.0756293183562972
mazda3i touring,0.1514404622408986
mazda5,0.061893409834740766
mazda5 grand touring,0.08628883995312935
mazda5 grand touringmini,0.0418905814376338
mazda5 mini-van,0.0393652268778536
mazda5 sport,0.057238308985854296
mazda5 touring,0.07319992726978866
mazda6,0.11814178799592347
mazda6 4dr sdn auto i sport,0.1009333710452947
mazda6 4dr sdn auto i touring,0.0676390965291526
mazda6 6 i sport,0.0706291163279324
mazda6 grand touring,0.20598205988120724
mazda6 grand touring sedan,0.2382621520061416
mazda6 i,0.0403652672835266
mazda6 i grand touring,0.12417673441351158
mazda6 i sport,0.06202348502037374
mazda6 i sport sedan 4d,0.157122510000404
mazda6 i sport value,0.0292638086387328
mazda6 i sports sedan,0.0221423087801527
mazda6 i touring,0.08646409955957814
mazda6 i touring sedan 4d,0.17866378439532907
mazda6 isport ve,0.0453755707301305
mazda6 isports sedan,0.0352236453998141
mazda6 itouring,0.1090397591821891
mazda6 s,0.02822841326922295
mazda6 s 4dr sedan,0.0453755707301305
mazda6 s grand sport,0.0398702977898096
mazda6 s sport,0.052446563497514975
mazda6 s sportsports,0.0545173542365348
mazda6 signature sedan 4d,0.26827779477381475
mazda6 sport sedan 4d,0.1084841811790375
mazda6 sport sedan 4d v6,0.0504262798496909
mazda6 sport wagon,0.0428754697159481
mazda6 touring,0.1336720675582851
mazda6 touring 4dr sedan,0.1412986383288213
mazda6 touring sedan 4d,0.2031092165340013
mazda6i,0.0423956523495898
mazda6i touring,0.0656289142995676
mazdaspeed 3,0.06815426885934783
mazdaspeed3,0.08935714574326231
mazdaspeed3 sport,0.0403248616105701
mazdaspeed3 sport 4dr wag,0.0705887106549759
mazdaspeed3 touring,0.15314086764448395
mazdaspeed6,0.031789163198513
mclass,0.1816740070305871
md-x awd,0.0201220251323285
mdx,0.1364780459351984
mdx 3.5l,0.2220796799870701
mdx 3.5l technology pkg,0.363418723988848
mdx 3.5l w/advance,0.2423532263929855
mdx 3.7l,0.0852054628469837
mdx 3.7l advance package,0.09188654087033815
mdx 4wd 4dr,0.11084286233787219
mdx 4x4,0.0636086306517435
mdx 9-spd at w/tech package,0.3232049779789082
mdx advance and,0.3594791708755909
mdx advance pkg sport,0.3923138818791168
mdx awd,0.10166740743733751
mdx awd camera,0.0857812436866136
mdx awd tech pkg,0.11360391665656523
mdx awd tech pkg nav 1owner,0.1110347892844155
mdx basesuv,0.3433270031112368
mdx sh awd,0.14477352620307885
mdx sh awd 4dr suv,0.1110347892844155
mdx sh awd avance,0.0807810416582488
mdx sh awd gas suv auto,0.4747262515657198
mdx sh awd tech,0.131237625762657
mdx sh awd w/techsuv w/,0.1210654975958624
mdx sh w/tech 4dr suv w/,0.11536577235443853
mdx sh-awd,0.13347431287045006
mdx sh-awd 4dr suv,0.057547779708271
mdx sh-awd sport utility,0.31916493317041017
mdx sh-awd technology,0.1312477271808962
mdx sh-awd w/advance,0.2293350236373186
mdx sh-awd w/advance and,0.3962483332659905
mdx sh-awd w/advance pkg,0.3889753121338236
mdx sh-awd w/power tailgate w/sport,0.0958826619257343
mdx sh-awd w/sport w/res,0.0534567053214271
mdx sh-awd w/tech,0.13419119261735646
mdx sh-awd w/tech pckg nav,0.1110347892844155
mdx sh-awd w/tech w/res,0.131234258623244
mdx sh-awd w/technology,0.4016867184368901
mdx sh/awd,0.08077094024000965
mdx sport,0.086151629022048
mdx sport hybrid sh-awd,0.361085037364887
mdx sport pkg,0.0938623782779102
mdx sport utility 4d,0.25102735164757867
mdx sport/entertainment p,0.0908723584791304
mdx tech package,0.12949765647096848
mdx tech package awd,0.0605276980888116
mdx tech pkg,0.0545173542365348
mdx tech pkg gray,0.0898723180734575
mdx tech premium awd,0.1210857004323407
mdx technology,0.1236464099559578
mdx technology awd,0.1666329952725362
mdx technology entertain,0.1211564103600145
mdx technology package,0.06057315447088765
mdx technology package 3,0.104388056083074
mdx technology pkg sport,0.38442732475918684
mdx touring,0.04192896682694246
mdx touring awd,0.0191623903996121
mdx touring sport 4wd,0.0545173542365348
mdx touring w/navi,0.0605681037617681
mdx touring w/navi w/res,0.06006555820437187
mdx w/tech,0.1846741282476059
mdx w/technology pkg,0.352882944765445
medium duty c4500,0.3636106509353913
medium duty magnavan,0.242393632065942
mega cab,0.4898884803426401
megacab,0.2826881894217948
mercedes-amg,0.43570792217276083
mercedes-amg c-class,0.4120570528102145
mercedes-amg cla,0.42022236588683715
mercedes-amg e-class,0.8989858176087924
mercedes-amg gle,0.5311460395706225
metris,0.2608189447862995
metris passenger,0.3055929610209581
metris passenger van,0.1676532385146874
"metris passenger van rwd 126""",0.241393591660269
metro lsi,0.0252131399248454
miata,0.08576220193269153
miata (mx-5),0.0787607580104246
miata club,0.1464402602125338
miata club rwd gas manual,0.2221907955877005
miata convertible,0.0702533435694371
miata grand touring,0.1593296698856519
miata mx-5,0.08878548029624839
miata mx-5 club,0.1605822457473029
miata mx-5 club sport,0.1605822457473029
miata mx-5 convertible,0.0484565032930623
miata mx-5 grand touring,0.1206816437027758
miata mx-5 sto,0.0555274960604468
miata mx5,0.08132192668941624
miata mx5 rf club,0.2676572790819831
miata sold!!!,0.1110852963756111
miata sport,0.0524970705887106
miata touring,0.1004788072245343
mighty max,0.0252232413430845
milan,0.03822874412726963
milan 4dr sdn premier fwd,0.0757202311204493
milan awd premier,0.0554769889692512
milan hybrid,0.0611287324740393
milan i-4,0.0403652672835266
milan premier,0.04036099360657923
milan premier awd,0.041638045981655755
milan premiere,0.0782556870984686
milan v6,0.0302739504626449
milan v6 premier,0.04155218392662325
milan v6 premier awd,0.0625984888278314
millenia,0.025120206877045505
mini-cab,0.1565416784516546
mini-cab truck,0.1565416784516546
minicab,0.0633285458732951
minivan,0.0706291163279324
minivan lx mpv,0.0252232413430845
mirada,0.0181522485757
mirage,0.06673173418402309
mirage de,0.034185724675744426
"mirage de - 3 months / 3,000 miles limited warranty",0.0684270071518041
mirage es,0.08264222796880677
mirage es cvt,0.0992161299446442
mirage es hatchback,0.14225827306153782
mirage g4,0.09649364467740963
mirage g4 es,0.10647958131216355
mirage g4 es cvt,0.09397096852398074
mirage g4 es sedan,0.0958826619257343
mirage g4 es sedan 4d,0.1621129991266158
mirage g4 le,0.1716837043920966
mirage g4 le sedan 4d,0.16014451762360768
mirage g4 rf sedan 4d,0.1412885369105822
mirage g4 se,0.13227470470187347
mirage g4 sedan,0.0807305345670532
mirage h.b,0.0201220251323285
mirage hatchback,0.0605276980888116
mirage le,0.1691583498323164
mirage le cvt,0.12517677481918457
mirage le hatchback,0.14130537260764742
mirage only 56k,0.0696694815952159
mirage se,0.0686593397713039
mirai,0.11609054911309545
mj,0.1413895510929734
mk viii,0.0191623903996121
mk4 ute,0.070679623419128
mkc,0.19125399172986032
mkc 4dr,0.2119984645844276
mkc premiere,0.2624853529435532
mkc premiere sport,0.2379086023677724
mkc reserve,0.21359561104601302
mkc reserve fwd,0.3332659905450725
mkc reserve sport,0.2903566089250359
mkc select,0.26328336498444377
mkc select sport utility,0.25179805244656345
mkc select suv,0.1716736029738575
mkc suv awd,0.1767445149298961
mks,0.09313992484544828
mks awd,0.09054176660948648
mks awd luxury,0.0656289142995676
mks base 4dr sedan,0.0494666451169744
mks ecoboost,0.1034334720594771
mks ecoboost awd luxury,0.0656289142995676
mks ecoboost elite,0.2321810982261909
mks ecoboost sedan 4d,0.1678047597882742
mks fwd,0.10224453513273261
mks luxury awd,0.0656289142995676
mks sdn awd,0.0554264818780556
mks sedan 4d,0.17823086647079528
mkt,0.10547453394102098
mkt 4dr wagon 3.5l w/e,0.1191563295486686
mkt 4dr wgn 3.7l awd w/livery pkg,0.1104994141177421
mkt awd,0.0848216089538971
mkt ecoboost,0.12095034142793641
mkt ecoboost sport,0.19852990693226658
mkt elite,0.2927694048244373
mkt gtdi reserve sport,0.3291749161582286
mkt gtdi sport utility,0.2423027193017899
mkt livery,0.1302779910299406
mkt reserve sport,0.3130126469756353
mkt sport utility 4d,0.2079578972887793
mkt town car awd,0.0605276980888116
mkt w/ecoboost,0.1311871186714614
mkx,0.14592415384709048
mkx 2wd,0.1201765727908198
mkx all-wheel-drive,0.08103357711422679
mkx awd,0.10508816207026231
mkx awd 4dr,0.09565538001535409
mkx base,0.1225874446105566
mkx base awd wagon,0.1269849286839872
mkx base awd! awd,0.14362398480746694
mkx base awdsuv,0.1110347892844155
mkx black label,0.3899248454483009
mkx black label sport,0.3029112287365146
mkx limited awd,0.008379126429350599
mkx premiere,0.15651642490605674
mkx premium awd,0.1109842821932199
mkx reserve,0.26668676589885526
mkx reserve sport,0.28070243686327034
mkx reserve suv,0.2107963958139722
mkx select,0.2861352983958948
mkx select sport utility,0.28496437566501
mkx sh awd,0.1615418804800193
mkx sport utility 4d,0.17159279162794452
mkx ultimate 4wd,0.0806901288940967
mkx(awd)limited,0.1110852963756111
mkz,0.11440302427416028
mkz 4dr sdn awd,0.10354627122981395
mkz 4dr sdn fwd,0.09587761121661474
mkz all-wheel-drive,0.070174552507172
mkz awd,0.101351094399536
mkz awd loaded! leathe,0.090831952806174
mkz base,0.1726029334518566
mkz base automatic,0.1312780314356135
mkz black label,0.2379288052042506
mkz fwd gas sedan auto,0.1413794496747343
mkz hybrid,0.15746658955917409
mkz hybrid reserve i,0.2776122267566366
mkz hybrid reserve ii,0.3029112287365146
mkz hybrid reserve sedan,0.3291749161582286
mkz hybrid sedan,0.0221928158713483
mkz hybrid sedan 4d,0.151389955149703
mkz hybrid select,0.18171104556413048
mkz hybrid select sedan,0.1857549799991918
mkz premiere hybrid,0.24010675881502455
mkz premiere sedan 4d,0.22403598798604651
mkz reserve,0.2485526110723088
mkz reserve awd,0.1767445149298961
mkz reserve hybrid sedan,0.2525434674476572
mkz reserve i sedan 4d,0.29662590183217274
mkz reserve ii sedan 4d,0.33018505798214065
mkz reserve sedan 4d,0.24654309487030002
mkz reverve,0.2222008970059396
mkz sdn,0.0403450644470483
mkz sdn awd,0.0503757727584952
mkz sedan,0.1615418804800193
mkz sedan 4d,0.22559339138443946
mkz select,0.1969170471534203
mkz select awd,0.272586771182674
mkz select sedan 4d,0.23474108621993378
mkz standard,0.2826881894217948
"mkz, 4d sedan",0.0893672471615014
mkz/zephyr,0.1311820679623419
mkz/zephyr premiere,0.1968968443169421
ml,0.14681906339650083
ml 320,0.0353246595822053
ml 320 cdi suv,0.110075154551699
ml 350,0.14858451581147442
ml 350 4matic,0.1050244454321386
ml 350 bluetec,0.111075194957372
ml 350 diesel,0.1868459331690169
ml 350 low miles,0.2575558608428623
ml 350 sport,0.0151218231039637
ml 3500,0.1413895510929734
ml 63 amg v8 awd,0.1261869166430966
ml-350,0.0453755707301305
ml-350 4matic,0.0605276980888116
ml-class,0.18156582409976807
ml250,0.1767445149298961
ml320,0.03875638685125932
ml320 cdi,0.08650181152100417
ml320 cdi 4matic,0.0908521556426522
ml350,0.10401791125759766
ml350 3.5l,0.08552870823063556
ml350 4matic,0.1220260506393279
ml350 4matic awd s,0.201492989615742
ml350 4wd,0.0706291163279324
ml350 awd,0.1615418804800193
ml350 ml 350,0.1514404622408986
"ml350, awd, loaded, luxurious,",0.1513596508949856
ml500,0.07408885207483128
ml500 4matic,0.0429007232615459
ml55 amg,0.0383550850539415
ml550,0.10770973911403824
ml63 amg,0.241393591660269
model 3,0.39995228146933237
model 3 awd dual moter,0.4171582690209705
model 3 blacked out standard range plus,0.423219119964443
model 3 long range,0.3227100084851913
model 3 long range sedan,0.4274953870190041
model 3 mid range,0.37865166269344214
model 3 mid range sedan 4d,0.38498525192937083
model 3 performance,0.5009663690115426
model 3 standard range,0.3741280639438141
model 60s,0.3434179158753889
model s,0.43987789581309394
model s 100d,0.5605984080164855
model s 100d awd,0.6363085377186958
model s 70,0.3832932643743181
model s 75d,0.5402440502646572
model s 85d,0.353468827023314
model s 90d,0.5706998262556063
model s p85,0.3630914380379005
model s p85d,0.45326578851670773
model s p85d 4dr liftbac,0.5100004040567296
model s p85d awd 100% elec,0.4136227726372782
model s p90d,0.695957412420704
model s performance,0.42625560628712267
model s performance sedan,0.3029112287365146
model s rwd,0.3736009535738818
model s sdn,0.313063154066831
model s sdn awd 85d,0.3938744999797972
model s sedan 4d,0.3027474219542585
model s signature,0.3234347451588552
model sp90d,0.5242333023556508
model x,0.6506461914660226
model x 100d,0.7979817366358237
model x 100d awd 518+hp,0.686765121823104
model x 75d,0.5655986100448503
model x 75d sport utility,0.6277728393066387
model x 90d sport utility,0.6646160787641252
model x p100d,0.7585862055032527
model y,0.6039941007717484
modle s 75d,0.4949290880439613
mondial,0.3434179158753889
mondial cabriolet,0.424229261788355
montana,0.019936526361028314
montana extended,0.0181522485757
montana sv6,0.028684306223962237
montana v6,0.0605276980888116
montana van,0.016087518687623682
montana. 3.5l v6.,0.0302234433714493
montana/ sv6,0.03869179899524557
montanna,0.0009798375691947
monte,0.1666430966907753
monte carlo,0.07297544267522847
monte carlo ls,0.054637729470550955
monte carlo ls 2d,0.0282536668148208
monte carlo ls 2dr,0.0297688795506889
monte carlo lt,0.02319033092246145
monte carlo ltz,0.0352741524910097
monte carlo ss,0.07542440387201786
monte carlo ss #3,0.2255646692795668
monte carlo ss 2dr,0.0292638086387328
monte carlo ss coupe,0.0302234433714493
monte carlo z34,0.0585579215321831
montego,0.021991509036440114
montego premier,0.02250932697617407
montego premium,0.0201220251323285
monterey,0.027229750329673508
monterey luxury,0.0262333831669966
monteri,0.0302739504626449
montero,0.027815938691125523
montero limited,0.04514828881975027
montero ls,0.0403753687017657
montero sport,0.020557508496415047
montero sport ls,0.0201523293870459
montero sport xls 4x4,0.01734211483292252
morano,0.005020404864843
motorhome,0.2120489716756232
motorhome chassis,0.5706998262556063
mountaineer,0.0407623148657418
mountaineer awd,0.01512182310396375
mountaineer convenience,0.0287082306355812
mountaineer luxury,0.0302739504626449
mountaineer luxury 4dr,0.0504262798496909
mountaineer premier,0.05149366304362464
mountaineer premier awd,0.0752252616267324
mountaineer premium,0.0221928158713483
mountainner premier,0.0322942341104691
moutaineer awd,0.0403248616105701
mpv,0.019807327102571312
mpv es,0.02036193381550765
mpv lx,0.036927111839229455
mpv minivan,0.0393652268778536
mpv van,0.023960564063194398
mr 2,0.0848216089538971
mr2,0.0924459837639465
mr2 spyder,0.09207846781688146
mr2 spyder convertible,0.05648208008404375
mr2 turbo,0.23230231524506034
mrx,0.1413895510929734
murano,0.1090679753902346
murano 2017.5 awd platinum,0.2574346438239929
murano 2017.5 awd s,0.2584750899026223
murano 2wd 4dr sl,0.0691644106832599
murano awd,0.09730948725201012
murano awd platinum,0.2722837286355004
murano awd sv,0.2321810982261909
murano crosscabriolet,0.07674047436260047
murano crosscabriolet awd,0.1009838781364903
murano fwd 4dr sv,0.1458543779546648
murano hybrid,0.1464402602125338
murano le,0.06667946179643616
murano le awd,0.07483383166996642
murano le awd 3.5 v6,0.1211362075235363
murano le v6 awd,0.0706291163279324
murano platinum,0.19406928899484147
murano platinum awd,0.13830717547029311
murano platinum awd gas,0.1716432987191401
murano platinum edition,0.1413794496747343
murano platinum sport,0.31301264697563536
murano platnium,0.2624853529435532
murano s,0.08340103055732179
murano s 3.5l awd,0.0499717160289304
murano s 4wd,0.0535072124126227
murano s awd,0.07378386694722704
murano s awd cvt,0.0785587296456422
murano s aws,0.0403248616105701
murano s sport utility 4d,0.23603983999353506
murano se,0.0191623903996121
murano se awd,0.0302739504626449
murano sl,0.07806393431430872
murano sl awd,0.06701598867443948
murano sl awd cvt,0.0595175562648996
murano sl awdsuv,0.111075194957372
murano sl sport utility,0.20722554446644303
murano sl v6,0.131237625762657
murano sv,0.10993854489551283
murano sv (2017.5) sport,0.2281607337670208
murano sv awd,0.08581491508074396
murano sv awd! awd,0.08684974926035167
murano sv sport utility,0.22765566285506478
"murano sv, awd",0.0373449432300295
murano xl,0.0403753687017657
murano-awd,0.0352236453998141
murano.awd,0.0331831589155117
murrano,0.1413895510929734
mustan v6 coupe,0.156491171360459
mustang,0.16894879700187546
mustang 2dr conv gt,0.2119984645844276
mustang 2dr conv gt deluxe,0.1333084165016768
mustang 2dr cpe deluxe,0.09334215523859546
mustang 2dr cpe v6,0.1403794092690613
mustang 2dr fastback ecoboost,0.1918461351973817
mustang 2dr fastback gt,0.2524546446321063
mustang 5.0,0.11445075221894485
mustang 5.0 gt,0.3534284213503575
mustang asc mclaren,0.1514909693320942
mustang base,0.0270718008808436
mustang boss,0.3686209543819952
mustang boss 302,0.2817992646167522
mustang boss 302 coupe,0.312982342720918
mustang boss 302 coupe 2d,0.3493777526364701
mustang bullit,0.1767445149298961
mustang bullit rwd gas,0.4848276698048406
mustang bullitt,0.26746871927485283
mustang bullitt coupe 2d,0.490797607984161
mustang cobra,0.11010672148369625
mustang cobra convertible,0.13908918266670092
mustang cobra svt,0.12989918784597354
mustang conv.,0.070679623419128
mustang convertable,0.1403289021778657
mustang convertible,0.08677274768250698
mustang convertible gt,0.06994366294742063
mustang convertible lx,0.0378500141419855
mustang convertible power top automatic local clean carfax,0.0804375934381187
mustang convertible premium,0.041865327892035994
mustang convertible v6 premium automatic leather seats 68k,0.1514404622408986
mustang coupe,0.0933461958058911
mustang cs 6,0.2424037334841811
mustang deluxe,0.06127419289668266
mustang deluxe convertible,0.0696694815952159
mustang deluxe coupe,0.0503757727584952
mustang deluxe coupe 2d,0.0948725201018223
mustang ecoboost,0.2708935373487476
mustang ecoboost automatic,0.23473675704068847
mustang ecoboost coupe 2d,0.2424032942920838
mustang ecoboost fastback,0.005020404864843
mustang ecoboost manual,0.292830013333872
mustang ecoboost premium,0.2463245802673658
mustang ecoboost premium automatic,0.2424037334841811
mustang ecoboost premium convertible gps leather only 30k,0.2322518081538647
mustang ecoboost rwd gas,0.242393632065942
mustang fastback,0.1514404622408986
mustang fastback gt premium,0.2726473796921088
mustang fox body,0.5656491171360459
mustang foxbody,0.0918926017212816
mustang foxbody convertible,0.2424037334841811
mustang g. t. conv.,0.1004788072245343
mustang gt,0.13762908169449845
mustang gt 2dr convertible,0.111075194957372
mustang gt 2dr fastback,0.26760677199078753
mustang gt 350,0.318164370277587
mustang gt 35th anniversary,0.0504767869408865
mustang gt 5.0,0.1403760421296483
mustang gt 5.0 premium,0.0605782051800072
mustang gt 5.0l v8,0.0151218231039637
mustang gt bullitt,0.1413895510929734
mustang gt car,0.2817992646167522
mustang gt conv,0.1918461351973817
mustang gt conv.,0.1908865004646652
mustang gt convertible,0.1233050597226927
mustang gt convertible 2d,0.1110852963756111
mustang gt convertible |,0.1514808679138551
mustang gt convetrible,0.1613903592064325
mustang gt coupe,0.2234837771223079
mustang gt coupe 2d,0.3627769868301274
mustang gt delux,0.0555274960604468
mustang gt deluxe,0.11986920106440083
mustang gt deluxe 2dr,0.1110347892844155
mustang gt deluxe coupe,0.0605782051800072
mustang gt premium,0.2777434304049015
mustang gt premium 2008,0.0656289142995676
mustang gt premium 2dr,0.161557032607378
mustang gt premium 2dr conv,0.3231645723059517
mustang gt premium coupe,0.156410360014546
mustang gt premium coupe 2d,0.38064504411859834
mustang gt premium pp1,0.4444017940118792
mustang gt roush stage 2,0.3939149056527536
mustang gt rwd gas coupe,0.4343205786092367
mustang gt shelby edition,0.3080629520384662
mustang gt turbo,0.1009737767182512
mustang gt v8 5.0 coupe,0.1812901531375005
mustang gt v8 coupe,0.1210857004323407
mustang gt/cs premium,0.1908865004646652
mustang gt350,0.5959432704351691
mustang gt350r,0.7828296092771425
mustang gt500,0.3939149056527536
mustang hpp ecoboost,0.4090771344296739
mustang lx,0.0824646113647689
mustang lx 5.0,0.17437068164370276
mustang lx 5.0 convertible,0.09205674976766735
mustang mach 1,0.19790606783010511
mustang mach1,0.1565416784516546
mustang premium,0.11483751409606996
mustang premium convertible,0.1110852963756111
mustang premium coupe,0.0858115479413309
mustang premium ecoboost,0.2120489716756232
mustang premium rwd gas,0.24239363206594197
mustang premium v6,0.0807305345670532
mustang rousch,0.4090771344296739
mustang roush,0.4595842256252777
mustang roush rs3,0.4646349347448382
mustang rwd gas coupe auto,0.1413794496747343
mustang saleen,0.214624833326599
mustang saleen convertible,0.2418986625722251
mustang shelby,0.462944630759492
mustang shelby cobra gt500,0.3888742979514323
mustang shelby gt-500,0.2878601155602246
mustang shelby gt350,0.6131201709608919
mustang shelby gt350r,0.7979716352175846
mustang shelby gt500,0.5241605721443291
mustang shelby gt500 coupe,0.5150410117580508
mustang sn95 4th gen.,0.0247181704311285
mustang svo,0.0979534526647541
mustang svt,0.2320497797890823
mustang svt cobra,0.1383815458422069
mustang svt cobra svt 2dr,0.2625156571982706
mustang v6,0.10957829104206225
mustang v6 2dr convertible,0.1590670330114348
mustang v6 2dr fastback,0.1362883348822174
mustang v6 convertible,0.04037031799264615
mustang v6 convertible 2d,0.23985408741863545
mustang v6 coupe 2d,0.16190300618206788
mustang v6 deluxe,0.06052433094939857
mustang v6 manual,0.1413794496747343
mustang v6 premium,0.10021563869672562
mustang v6 premium 2dr,0.1494201785930744
mustang v6 premium 2dr fas,0.1199745444260374
mustang v6 premium 6 speed manual 51k gps leather loaded,0.1817447169582609
mustang v6 premium coupe 2d,0.1816942098670653
"mustang, conv.",0.1060345872560507
mustanggt,0.1262374237342922
mvp,0.022697886783304297
mvp lx,0.0403753687017657
mx-5,0.10644672512020684
mx-5 miata,0.16529654156300683
mx-5 miata club,0.28284990311738867
mx-5 miata convertible,0.1302779910299406
mx-5 miata grand touring,0.25731346811971745
mx-5 miata grand touring 1-owner 52k miles peanut butter interior 6 speed manual,0.1615418804800193
mx-5 miata m-edition,0.0706291163279324
mx-5 miata rf,0.27160491332983144
mx-5 miata rf grand,0.30606196323446955
mx-5 miata roadster,0.1009838781364903
mx-5 miata sport,0.23177255197740868
mx-5 miata touring,0.17886581276011151
mx5,0.136338841973413
mx5 miata,0.1060345872560507
mx6,0.0019899793931067
mystique,0.0075407087155036
nautilus,0.3956212035503118
nautilus black label,0.4948886823710048
nautilus reserve,0.4048837831831589
nautilus reserve sport,0.37874401851734263
nautilus select sport,0.3397354897718548
nautilus sport utility,0.3231140652147561
nautilus standard,0.368439128853691
navigator,0.18531770721819305
navigator 4wd,0.0484228318989319
navigator 4wd 4dr,0.0908723584791304
navigator 4wd luxury,0.09792819911915629
navigator 4x4,0.03471296258883632
navigator 4x4 luxury,0.0393652268778536
navigator base 4x2,0.0141116812800517
navigator bl,0.712109580185058
navigator black label,0.8282354842619905
navigator l,0.37156467601384563
navigator l 4wd 4dr,0.1413794496747343
navigator l reserve,0.48203967837084327
navigator l select,0.3029617358277102
navigator l select sport,0.3976913930144363
navigator l sport,0.3231140652147561
navigator limited,0.1191664309669077
navigator limited navigation,0.1160854984039759
navigator luxury,0.06089808342424607
navigator premiere sport,0.5251424299971716
navigator reserve,0.5224756555820438
navigator reserve 4x4,0.7706944388325455
navigator reserve sport,0.3799345428098104
navigator select sport,0.3732363404774411
navigator sport utility,0.2229458766010748
navigator suv,0.279778980968928
navigator ultimate,0.0689792180155427
navigator ultimate 4x4 v8 gps leather moon 3 row dvd loaded,0.1211362075235363
nc700x,0.0332033617519899
neon,0.019029268137817933
neon se,0.005862189718103033
neon srt-4,0.09761673872345004
neon srt4,0.1262374237342922
neon sxt,0.014107019087018223
neon sxt 2003,0.0100610125661642
new beetle,0.04220176123838894
new beetle cabrio,0.0605782051800072
new beetle convertable,0.0605276980888116
new beetle convertib,0.090831952806174
new beetle convertible,0.04188553072851423
new beetle convertible 2.5,0.060558002343529
new beetle coupe,0.04345832154834535
new beetle gls,0.02142258273061535
new beetle gls turbo,0.0393652268778536
new beetle s,0.0504262798496909
new beetle s pzev,0.0706291163279324
new beetle tdi,0.056503966490228506
new beetle turbo s,0.0504262798496909
new compass,0.2220998828235484
new gti,0.0453957735666087
new passat,0.0322942341104691
new sierra,0.0731797244333104
new sierra 1500,0.0434032688189421
new sierra 1500 crew cab,0.0999737363125782
new sierra crew cab 1500,0.0999737363125782
new sierra sle,0.0504767869408865
new spectra,0.0251727342518889
new tahoe 4x4,0.0403248616105701
new yorker,0.02470604872924152
new yorker - 5th ave,0.0196674613115681
new yorker fifth ave,0.058052850620227
newport coachworks,0.0359206432583134
nexo,0.28275889934946863
niro,0.22140823277470503
niro ev,0.48238817730009287
niro ev ex wagon 4d,0.287557073013051
niro ex 4d sport utility automatic,0.2028667824962624
niro ex wagon 4d,0.2076692853390901
niro fe,0.1514606650773768
niro fe wagon 4d,0.1877550608105377
niro fwd hybrid-electric suv,0.2323023152450604
niro lx,0.15622853448624183
niro lx fwd hybrid-electric,0.1615822861529758
niro lx wagon 4d,0.18322385320041787
niro plug-in hybrid,0.338556608347812
niro plug-in hybrid lx wagon,0.21603903188007592
niro s touring wagon 4d,0.19696755424461593
niro touring wagon 4d,0.2423027193017899
nitro,0.06385260010505471
nitro 4wd,0.0605276980888116
nitro 4wd 4dr sxt *ltd avail*,0.0807305345670532
nitro 4x4,0.06147723140328896
nitro detonator,0.1085599418158309
nitro heat,0.08430138591458237
nitro heat 4x4,0.07770212937896476
nitro heat 4x4 suv,0.1060345872560507
nitro r/t,0.08427486969170467
nitro rt,0.0555274960604468
nitro rt 4.0l sport 4x4,0.0807305345670532
nitro se,0.05319154309265019
nitro slt,0.049883911393467296
nitro slt 4x4,0.031536627742535
nitro suv,0.04912993117567036
nitro sxt,0.0394618216897652
nitro sxt 2wd--we finance!!,0.0454260778213261
nitro sxt 4x4,0.05347354101849233
nitro sxt 4x4 suv 3.7l automatic newer tires,0.065578407208372
nitro sxt sxt 4dr suv,0.0706695220008889
northstar sls,0.005020404864843
note,0.0605276980888116
npr,0.0797708998343367
nsx,0.7068669441189543
nsx 5-spd open top,0.6464099559578165
nsx-t,0.8227302113216696
nv,0.18711787398108584
nv 1500,0.1397531213382359
nv 1500 cargo van,0.2090336983312457
nv 200,0.11234797365550117
nv 200 cargo van,0.1716837043920966
nv 200 s,0.0898723180734575
nv 200 sv,0.1008323568629035
nv 2500,0.1552891025900036
nv 2500 cargo van,0.1613600549517152
nv 2500 high roof,0.1918865408703381
nv 3500,0.3232150793971473
nv 3500 high roof van,0.1514808679138551
nv 3500 sl v8,0.279778980968928
nv cargo,0.17637820560533013
nv cargo 1500 s,0.2524546446321063
nv cargo van,0.1090650127277869
nv passenger,0.2100791951189947
"nv passenger 3500 hd sv,",0.2019475534365024
nv s 1500 van,0.1514808679138551
nv1500,0.12421714008646807
nv1500 cargo van,0.2068242936863891
nv200,0.14695837470338113
nv200 cargo van,0.14849211079235522
nv200 compact cargo,0.1553754238004106
nv200 i4 s,0.0550224251484908
nv200 s,0.151320507899309
nv200 sv,0.1467742804423074
nv200 sv cargo van,0.16918191980820774
nv2500,0.14340983474079758
nv2500 hd,0.22116550163642973
nv2500 hd cargo,0.2457095909599041
nv2500 highroof,0.12287028432125202
nv2500 sl hd,0.3636106509353913
nv2500hd,0.1514404622408986
nv3500,0.23482766980484057
nv3500 hd cargo,0.1307830619418966
nv3500hd passenger van,0.1816942098670653
nvp,0.2827588993494687
nx,0.2779212975695336
nx 2000 t top,0.0302739504626449
nx 200t,0.2584682025720047
nx 200t awd,0.2615964281385106
nx 200t f sport,0.24124207038668222
nx 200t f sport suv 4d,0.22984430347354098
nx 200t sport utility 4d,0.2452663998885256
nx 300,0.2911977719720629
nx 300 f sport,0.3706715422845367
nx 300 f sport suv 4d,0.34477599543864845
"nx 300 just gorgeous,1 own",0.2585154955755788
nx 300 luxury sport,0.3736211564103599
nx 300 sport utility 4d,0.3148418227108275
nx 300h,0.3038564328717466
nx 300h *awd *nx300* *hybrid* *suv clean carfax,0.3219928077902137
nx 300h sport utility 4d,0.2909242124260913
nx nx 300h automatic,0.37360095357388173
nx turbo,0.3165430926502081
nx200t,0.2196755424461594
nx300,0.2462725766697644
nx300 awd,0.2815972362519697
nx300h,0.35857004323407
od,0.0019899793931067
oddesey ex l,0.0322942341104691
oddessy,0.0393652268778536
oddessy exl,0.0625984888278314
oddysey,0.10414417898558669
oddysey ex,0.045072528182956866
oddysey exl,0.0221928158713483
oddyssey,0.0454260778213261
odessey,0.0383550850539415
odessey ex-l,0.09984746858458922
odessy,0.0423906016404703
odyeesy,0.0454260778213261
odysee ex-l,0.0535072124126227
odyseey vtec,0.0252232413430845
odysey lx,0.0494666451169744
odyssee,0.0100711139844034
odyssey,0.09156068753731746
odyssey 2003,0.0161319649278758
odyssey 2012,0.0858317507778092
odyssey 5dr ex,0.02774354519374515
odyssey 5dr ex-l,0.07842663417636138
odyssey 5dr ex-l at 90 day,0.0595680633560952
odyssey 5dr touring elite,0.1777041496626126
odyssey ek,0.01916239039961205
odyssey elite,0.28230433552870815
odyssey elite auto,0.3626106105297184
odyssey elite minivan 4d,0.3635197381712392
odyssey elitemini van,0.464544021980686
odyssey ex,0.06792748646964974
odyssey ex 48k miles new tires leather dual power doors,0.1514404622408986
odyssey ex 5-speed automatic,0.110075154551699
odyssey ex at,0.0554264818780556
odyssey ex automatic,0.1897753444583619
odyssey ex l,0.05686761754683687
odyssey ex l w/dvdmini,0.1666329952725362
odyssey ex l w/navi,0.1918461351973817
odyssey ex lmini van,0.09840296577639496
odyssey ex lmini van w/,0.0297688795506889
odyssey ex minivan 4d,0.16151662693442154
odyssey ex w/ dvd,0.0221928158713483
odyssey ex w/ leather,0.0231524506040648
odyssey ex w/navi 4dr min,0.0302638490444058
"odyssey ex | 8 passenger,",0.0979029455735585
odyssey ex+l,0.0201523293870459
odyssey ex-l,0.09681345710937811
odyssey ex-l *only 25k miles* leather navi cam power doors,0.2928603175885894
odyssey ex-l 5-speed automatic,0.0479514323811063
odyssey ex-l auto,0.3121035193341145
odyssey ex-l dvd,0.0605276980888116
odyssey ex-l minivan,0.1716432987191401
odyssey ex-l minivan 4d,0.2866895394466324
odyssey ex-l nav,0.3222049375732352
odyssey ex-l navi,0.0888621762495454
odyssey ex-l touring,0.0196674613115681
odyssey ex-l v6,0.0837609600387894
odyssey ex-l w/ dvd,0.09079062882246845
odyssey ex-l w/ res,0.1271970584670087
odyssey ex-l w/dvd,0.06648031955115065
odyssey ex-l w/dvd w/navi,0.05604014303608221
odyssey ex-l w/navi w/dvd,0.2514950098993899
odyssey ex-l w/navigation,0.3897834255929532
odyssey ex-l w/navigation/,0.0252232413430845
odyssey ex-l wheelchair h,0.423219119964443
odyssey ex-l wheelchair van vmi northstar - power infloor ramp side loading conversion,0.3938744999797972
odyssey exl,0.19685186895478216
odyssey exmini van,0.0706695220008889
odyssey limited,0.0060305466887551
odyssey lx,0.07887283565088725
odyssey minivan,0.02976887955068886
odyssey se,0.14742009778172852
odyssey touring,0.09930082645141836
odyssey touring blue,0.110075154551699
odyssey touring edition,0.0393551254596145
odyssey touring elite,0.21187009239430543
odyssey touring nav/dvd 1owner,0.131237625762657
odyssey touring w/dvd w/n,0.0806901288940967
odyssey touringmini van,0.1210654975958624
odyssey van,0.0151117216857246
odyssey van ex,0.0100711139844034
odyssey xlt,0.0858317507778092
"odyssey,ford winstar",0.0030001212170188
odyssey-ex,0.1206816437027758
odysseyexl,0.0504767869408865
oilot,0.0282536668148208
one owner town car execu,0.0504262798496909
one ton,0.0080508303365792
optiam fe,0.0100711139844034
optima,0.11437479035868053
optima (2006.5),0.0504262798496909
optima 4dr sdn ex,0.0847711018627015
optima 4dr sdn lx,0.0789021778657723
optima 4dr sdn sx w/limited,0.1412885369105822
optima ex,0.10198728568157632
optima ex 4dr sedan,0.08444280576993003
optima ex premium,0.1211362075235363
optima ex sedan,0.1374836693738467
optima ex sedan 4d,0.15266105027812563
optima ex sedan automatic,0.1109842821932199
optima ex w/ leather,0.1312780314356135
optima ex-gdi,0.0151218231039637
optima exsedan,0.06509858984201375
optima fe,0.1312881328538526
optima gdi,0.0764828881975029
optima hybrid,0.12081656978925552
optima hybrid ex 4d sedan automatic,0.135247888803588
optima hybrid ex sedan 4d,0.20459075787573908
optima hybrid sedan 4d,0.15860525389193206
optima k5,0.0757303325386884
optima lx,0.09793146103546267
optima lx 4d sedan automatic,0.15878924400985894
optima lx 4dr sedan,0.12745969534122584
optima lx auto,0.1358135682249787
optima lx automatic,0.17489090468301743
optima lx fwd gas sedan auto,0.1312780314356135
"optima lx model, only 45k",0.1403794092690613
optima lx sedan,0.0706695220008889
optima lx sedan 4d,0.16323969577636388
optima lxs,0.0696694815952159
optima lxsedan,0.1716129944644228
optima plug-in hybrid,0.25241928966826943
optima plug-in hybrid ex,0.1801492870775527
optima s,0.21634207442724956
optima s sedan 4d,0.1846328042639004
optima se,0.2018970463453068
optima sx,0.07160954809820001
optima sx sedan 4d,0.15664269263404573
optima sx turbo,0.1195051255784547
optima sx turbo w/navigation,0.1408844801810174
optima sx w/limited pkg,0.1060345872560507
optima sxl,0.10766091559254914
optima sxl turbo,0.12825482126261953
optima turbo lx,0.0766899672714049
"optima, ex",0.111075194957372
optimia premium,0.0605276980888116
optimia sx premium,0.0605276980888116
optioma,0.1211867146147319
other,0.14133904400177782
outback,0.11806592123887631
outback ** 5 speed manual** super clean!!,0.0403248616105701
outback 2.5,0.052833784530014666
outback 2.5 limitd awd,0.1373489837973251
outback 2.5 limited,0.1257323528223362
outback 2.5 limited awd,0.08042749201987953
outback 2.5 premium awd,0.0797708998343367
outback 2.5 wagon,0.0706695220008889
outback 2.5 xt,0.0201725322235241
outback 2.5 xt limited,0.1098731261869166
outback 2.5i,0.11796824735731354
outback 2.5i 4dr wagon,0.09983231645723055
outback 2.5i awd,0.0799981817447169
outback 2.5i awd 4dr wago,0.07313931876035396
outback 2.5i awd legacy,0.0605276980888116
outback 2.5i awd wagon,0.09034910501434396
outback 2.5i awdwagon,0.0292638086387328
outback 2.5i limited,0.13102207453152223
outback 2.5i limited 4d,0.1008929653723382
outback 2.5i limited awd,0.12988587234011287
outback 2.5i limited l.l.bean edition,0.0489615742050183
outback 2.5i limited wagon,0.0681542688593478
outback 2.5i limited wagon 4d,0.08746481339313371
outback 2.5i premium,0.13465831355410468
outback 2.5i premium 4d,0.1816942098670653
outback 2.5i premium awd,0.13290435977211199
outback 2.5i premium wag,0.1008626611176209
outback 2.5i premium wagon 4d,0.1211362075235363
outback 2.5i se,0.0504262798496909
outback 2.5i touring,0.20546916037011592
outback 2.5i wagon,0.06257323528223357
outback 2.5i wagon 4d,0.20812457068972479
outback 2.5xt,0.0784072083720554
outback 2.5xt limited,0.08078104165824876
outback 2.5xt limited 4,0.1210958018505798
outback 25xt,0.0151218231039637
outback 3.0 r h6 ll bean,0.070174552507172
outback 3.6r,0.2209550554231147
outback 3.6r li,0.1666430966907753
outback 3.6r limited,0.18951389598629056
outback 3.6r limited awd,0.09871105903268815
outback 3.6r limited local trade*low miles* new brakes & rotors*new power steering pump*new air & cabin filters*all 4 new tires*0-accidents*non smoker,0.1312578285991353
outback 3.6r ltd h6,0.0893672471615014
outback 3.6r ltd h6 awd,0.0893672471615014
outback 3.6r ltd.,0.1262374237342922
outback 3.6r premium,0.1004788072245343
outback 3.6r touring,0.3113795843603108
outback 4dr wgn 2.5i,0.1262273223160531
outback 4dr wgn h4 man 2.,0.0858317507778092
outback awd,0.08420991196052813
outback awd 2.5i limited,0.1918057295244252
outback awd 2.5i premium,0.10583592603068133
outback awd 3.6r limited,0.2145339205624469
outback awd 3.6r touring,0.2069578568831064
outback awd limited,0.1716432987191401
outback awd limited 4dr c,0.2322114024809083
outback awd limited wagon,0.0757202311204493
outback awd touring 4dr c,0.267566366317831
outback awd wagon only 72k low miles premium wheels,0.090831952806174
outback awd20,0.0403248616105701
outback base awdwagon,0.0403248616105701
outback forester awd,0.0151218231039637
outback gt,0.0181522485757
outback h6 3.0 only 114k,0.0150309103398117
outback h6 r wagon,0.0247181704311285
outback h6r wagon,0.0282536668148208
outback impreza sport,0.0181522485757
outback l.l. bean editio,0.0301527334437755
outback l.l. bean edition,0.02923855509313505
outback lagacy wagon awd,0.0403248616105701
outback legacy,0.0075457594246232
outback legacy limited,0.02029879995151315
outback limited,0.13724300451105365
outback limited 2.5i,0.0908824598973696
outback limited 3.6r awd,0.1211362075235363
outback limited automatic,0.2575558608428623
outback limited awd,0.2047903811409407
outback limited edition,0.0726999070669522
outback limited h6,0.1413390440017778
outback limited wagon,0.0322942341104691
outback limited wagon 4d,0.16810780233544786
outback limited xt,0.383823588831872
outback limited xt awd,0.3705604266839064
outback limited xt wagon,0.3534183199321184
outback ll bean,0.0541998810918767
outback ll bean awd,0.070174552507172
outback ll bean edition,0.03237841259579507
outback ll bean h6 wgn,0.0393652268778536
outback onyx edition xt,0.3939149056527536
outback premium,0.16252104462133146
outback premium 2.5i,0.0858317507778092
outback premium automatic,0.2524546446321063
outback premium awd,0.10400167683542767
outback premium awd gas,0.0431734615540021
outback r limited,0.1009333710452947
outback rltd,0.0908622570608913
outback sedan,0.05955122765902996
outback sport,0.055830538607620495
outback touring,0.1706836639864236
outback touring awd,0.17093619944240165
outback wagon,0.05281358169353638
outback wagon 1 owner new head gaskets &timing belt,0.0535072124126227
outback wagon 4d,0.21656683098306997
outback wagon awd,0.0939128853691058
outback wagon h4,0.1408844801810174
outback wagon limited 1 owner nice!!,0.0434057941735019
outback wagon limited good head gaskets and timing belt,0.0282536668148208
outback wagon premium,0.0756798254474928
outback wagon.,0.0352741524910097
outback wgn h4 auto 2.,0.090831952806174
outback xt,0.0611842902743545
outback xt limited,0.034496343286597383
outback xt limited awd,0.0656289142995676
outbback awd,0.0494666451169744
outlander,0.09946261289795827
outlander +,0.1262374237342922
outlander - phev,0.2211907551820275
outlander 4wd 4dr se,0.090831952806174
outlander 4x4,0.0706291163279324
outlander awd,0.0302234433714493
outlander awd ls,0.024836020310584867
outlander awd sel,0.2170996807951836
outlander es,0.13577549364853897
outlander es awd,0.1402581922501919
outlander es sport,0.18531579788347735
outlander gt,0.0856802295042224
outlander gt awd,0.1277526364701604
outlander gt awd v6,0.1716837043920966
outlander gt sport,0.23362896817379825
outlander le fwd,0.2181098226190957
outlander le sport,0.21199846458442761
outlander limited fwd,0.2120893773485797
outlander ls,0.022108637386022298
outlander phev,0.22971029132490198
outlander phev gt,0.23605820620851523
outlander phev sel,0.24126472015056005
outlander se,0.08852377873853486
outlander se 4x4 gas,0.1918865408703381
outlander se awd,0.1201765727908198
outlander se fwd,0.17414845044244204
outlander se sport,0.18531388473608354
outlander sel,0.1714160168087599
outlander sel 4wd,0.21709968079518357
outlander sel 4x4 gas,0.2185536115937344
outlander sel awd,0.1908865004646652
outlander sel fwd,0.1716432987191401
outlander sel sport,0.19934510910595002
outlander sport,0.1363959369460689
outlander sport 2.0,0.2136534136059369
outlander sport 2.0 le 4wd cvt,0.1514808679138551
outlander sport 2.4,0.265636995434159
outlander sport 2.4 se 4wd cvt,0.1716432987191401
outlander sport 2wd 4dr cvt 2.4 es,0.1069942219887672
outlander sport es,0.17938767928413973
outlander sport es 2.0 cvt,0.1675272112966565
outlander sport es i4 awd,0.1413390440017778
outlander sport fwd,0.1413794496747343
outlander sport gt,0.16687879644968817
outlander sport le,0.18435779436064398
outlander sport se,0.12472418200686103
outlander sport sel,0.1860233891124028
outlander sport sp,0.20644268455291118
outlander suv,0.0504262798496909
outlander xls,0.041351839131547365
outlander xls 4dr su,0.0635581235605479
outlook,0.04058848398900567
outlook xe,0.0428249626247525
outlook xe 4dr suv,0.0806901288940967
outlook xe awd,0.0453755707301305
outlook xr,0.041072366560265014
outlook xr awd,0.0706291163279324
outlook xr awdsuv,0.0499717160289304
p,0.0353246595822053
p.t. cruiser,0.0150713160127681
p/t cruiser,0.0166370358398319
p100d,0.8106085094347247
p30,0.13948795910945894
p30 grumman olson,0.0605782051800072
p30 step van,0.08961978261747948
p3500,0.1918966422885773
p3500 step van v-8 gas multiple uses,0.090831952806174
p60,0.292405753767829
paceman,0.1243003282366726
paceman cooper s all4,0.14817265344054298
pacific,0.1918865408703381
pacific touring awd,0.0504262798496909
pacifica,0.17892786432929467
"pacifica $293.25 month, $1500 down, only 57k miles $293.25 month, $150 down, only 57k miles",0.1807850822255444
pacifica 4.0l awd,0.005020404864843
pacifica awd,0.02431411370156368
pacifica hybrid,0.3344276536425714
pacifica hybrid limited,0.3130126469756353
pacifica hybrid tourin,0.3534991312780314
pacifica l,0.1605822457473029
pacifica limited,0.2040640201536469
pacifica limited 35th,0.3493777526364701
pacifica limited awd,0.0302739504626449
pacifica lx,0.18310840842054218
pacifica lx minivan 4d,0.2423027193017899
pacifica lx wheelchair van fr conversions - manual fold out ramp rear loading conversion,0.3332659905450725
pacifica touring,0.147244719967194
pacifica touring fwd,0.2852968806820477
pacifica touring l,0.45132595544985943
pacifica touring l fwd,0.2929007232615459
pacifica touring l plus,0.40973204304551025
pacifica touring l wheelchair van vmi northstar - power infloor ramp side loading conversion,0.444381591175401
pacifica touring l.,0.1514707664956159
pacifica touring plus,0.24606676027314228
pacifica touring plus 4,0.2019475534365024
pacifica touring-l,0.20034510117947824
pacifica touring-l plus,0.3029112287365146
pajero,0.10500279953591196
palisade,0.4410548574353172
palisade limited,0.4927976887955068
palisade limited sport,0.4503919350276779
palisade se sport,0.347357468988646
palisade sel awd,0.3929148652470807
palisade sel sport,0.3907017363419642
panamera,0.4031834025379516
panamera 4,0.42590104650692956
panamera 4 sedan 4d,0.3130126469756353
panamera 4s,0.5141066305709322
panamera 4s sedan 4d,0.3291749161582286
panamera base 4dr sedan,0.3029213301547537
panamera gts,0.4721857448785809
panamera gts sedan 4d,0.4645339205624469
panamera hb,0.3161440866297628
panamera hb4 edition,0.4696856438643985
panamera rwd,0.757525556588145
panamera s,0.29549678774899996
panamera s hybrid 416+hp,0.4342296658450846
panamera sedan 4d,0.36351973817123917
panamera turbo,0.6837996340400478
panamera turbo awd execu,0.3636207523536304
panamera turbo s,0.4343205786092367
pao,0.1004788072245343
parisienne,0.04791355206270955
park ave,0.02151938798874023
park ave ultra,0.0280011313588427
park ave.,0.0090609721604913
park avenue,0.02543339476166797
park avenue 4dr sdn,0.0191623903996121
park avenue ultra,0.020509246164828167
partiot freedom edition,0.0454260778213261
paseo,0.006785627702129326
passat,0.08813769884902779
passat 1.8 l,0.0191623903996121
passat 1.8 tsi se,0.1161360054951715
passat 1.8t,0.06447735262030788
passat 1.8t r-line,0.0100711139844034
passat 1.8t s,0.1273261321445086
passat 1.8t s pzev,0.0807709402400097
passat 1.8t s sedan,0.1614913733888237
passat 1.8t se,0.1329073901975837
passat 1.8t se 4dr s,0.1514000565679421
passat 1.8t se sedan,0.15125526957318136
passat 1.8t sport,0.151389955149703
passat 1.8t wolfsburg,0.08666583931241086
passat 1.8t wolfsburg edition pzev,0.071184694331084
passat 2.0 turbo,0.0085559012485352
passat 2.0 wagon,0.0555173946422077
passat 2.0l tdi se,0.0747201907147763
passat 2.0t,0.04247478012579629
passat 2.0t r-line,0.1816942098670653
passat 2.0t s,0.1009737767182512
passat 2.0t se auto,0.2120489716756232
passat 2.0t se sedan,0.1954994814605303
passat 2.0t wagon,0.0181522485757
passat 2.0t wolfsbur,0.1562386359044809
passat 2.0t wolfsburg,0.19718305116705045
passat 2.5 s,0.0656036607539698
passat 2.5 se,0.0651137419693725
passat 2.5 se automatic,0.0756293183562972
passat 2.5l s pzev,0.0757202311204493
passat 2.5l s sedan,0.0499717160289304
passat 3.6,0.0045153339528869
passat 3.6l,0.045415976403087
passat 4dr sdn 1.8t,0.1412885369105822
passat 4dr sdn 1.8t auto r-line pzev,0.0983777122307972
passat 4dr sdn 1.8t auto s pzev,0.096357428582973
passat 4dr sdn 2.5l auto se w/sunroof pzev,0.0908824598973696
passat 4motion,0.005020404864843
passat 5-cyl 2.5l,0.057547779708271
passat b5,0.0080508303365792
passat cc,0.07269702094745527
passat cc sport,0.0524970705887106
passat gl wagon,0.0156268940159198
passat gls,0.02959917572427164
passat gls 1.,0.0292638086387328
passat gls 1.8t,0.02396056406319445
passat gls 4motion,0.0302638490444058
passat gls v6,0.0201220251323285
passat glx,0.0100711139844034
passat glx 4motion,0.027395046264495463
passat komfort,0.03596609964038945
passat komfort wagon,0.047926178835508454
passat lt,0.0605276980888116
passat lux,0.0494666451169744
passat r line,0.1302779910299406
passat r-line,0.1605317386561073
passat r-line sedan,0.24917168370439208
passat s,0.06842333390880802
passat s pzevsedan,0.0666390561234797
passat s sedan 4d,0.1978564790496585
passat se,0.08516384500383849
passat se sedan,0.0681542688593478
passat se tdi,0.1211362075235363
passat se tdi diesel,0.1009333710452947
passat sedan,0.04205653330870508
passat sel,0.09077134429673922
passat sel tdi,0.10936805527496053
passat sportline,0.1187522728191038
passat tdi,0.0677023987501178
passat tdi gls,0.0393652268778536
passat tdi se,0.10414273592583821
passat tdi se sedan,0.14401591983514483
passat tdi sel,0.10801552853810144
passat tdi sel premiu,0.1248989858176087
passat tdi sel premium,0.1210654975958624
passat trim: se pzev,0.0706291163279324
passat tsi,0.1009333710452947
passat tsi wolfsburg,0.0802759707462927
passat turbo,0.035021617035031684
passat v6,0.0908723584791304
passat vr6 4motion,0.0393652268778536
passat wagon,0.04213582142488356
passat wagon tdi,0.0201725322235241
passat wolfsburg,0.10048133257909408
passport,0.2442159279162794
passport elite,0.3888742979514323
passport elite awd,0.3938744999797972
passport elite awd gas suv,0.424219160370116
passport elite sport,0.3978645601842498
passport ex-l sport,0.31076788736694183
passport sport awd,0.2423532263929855
passport sport suv 4d,0.2825189906662895
passport touring sport,0.3695805891147117
passsat,0.0080508303365792
pathfider sv,0.0807709402400097
pathfinder,0.132398210712068
pathfinder 2wdplatinum,0.1110347892844155
pathfinder 4wd 4dr sv,0.1035092326962705
pathfinder 4wd sv,0.0757202311204493
pathfinder 4x4,0.12331234162419256
pathfinder 4x4 sl,0.333225584872116
pathfinder 4x4 sv,0.2639197543335084
pathfinder 4x4 very clean,0.0216877449593923
pathfinder armada,0.03968594690694567
pathfinder fwd sv,0.2424037334841811
pathfinder hybrid,0.1460058992282516
pathfinder le,0.05117106518678295
pathfinder le 3.5l automatic heated leather moon 3 row 43k,0.1211362075235363
pathfinder le 4wd,0.056938808494426875
pathfinder le 4x4,0.0403753687017657
pathfinder platinum,0.1467180492141096
pathfinder platinum 4wd,0.1009737767182512
pathfinder platinum 4x4,0.1273940361226716
pathfinder platinum platinum,0.1590367287567174
pathfinder platinum sport,0.2696977655662855
pathfinder s,0.12969603710138677
pathfinder s 4wd,0.09087909275795651
pathfinder s 4wd 3rd row,0.090831952806174
pathfinder s 4x4,0.2322518081538647
pathfinder s 4x4 gas suv,0.2625964685441836
pathfinder s sport,0.2086313251713873
pathfinder se,0.04387911777099215
pathfinder se 4x4,0.05071922097862536
pathfinder silver,0.1060345872560507
pathfinder sl,0.1490151443069058
pathfinder sl 4dr suv,0.1716028930461836
pathfinder sl 4wd,0.1663013320403518
pathfinder sl 4wd / 3rd seat / blind spot / leather / 360 cameras / 39k miles / factory warranty,0.2524041375409107
pathfinder sl awd,0.14133904400177782
pathfinder sl sport,0.2114933936724716
pathfinder sv,0.13255798745722844
pathfinder sv 4dr suv,0.0958119519980605
pathfinder sv 4wd,0.137455609878738
pathfinder sv 4x4,0.16160147884763015
pathfinder sv 4x4 gas suv,0.22219079558770044
pathfinder sv awd,0.13108610448907018
pathfinder sv sport,0.18005171926138425
pathfinder sv*,0.2559093296698856
pathfinder xe,0.0403652672835266
pathfinder xe 4dr xe,0.0403753687017657
patriot,0.08433337373900625
patriot 4 door,0.057042708796315
patriot 4 wheel drive,0.0454260778213261
patriot 4x4,0.053518479379120174
patriot 75th anniversary,0.136338841973413
patriot altitude edition,0.13015172330195154
patriot awd,0.0454260778213261
patriot fwd 4dr high altitude edition,0.1186613600549517
patriot high alt,0.1914218756313386
patriot high altitude,0.13352475520896462
patriot high altitude 4x4,0.1311871186714614
patriot latitude,0.07569771337562456
patriot latitude 4wd,0.0907814457149783
patriot latitude 4x4,0.09057644634483147
patriot latitude 4x4 gas,0.0550224251484908
patriot latitude sport,0.1350004040567295
patriot latitude x 4x4,0.0555274960604468
patriot liberty,0.0858317507778092
patriot limited,0.04680780753046294
patriot limited 4x4,0.04713658464315049
patriot limited automatic,0.1608044769485635
patriot sport,0.07326265990922692
patriot sport **only 22k miles*automatic air conditioning,0.1514404622408986
patriot sport 4d,0.0302638490444058
patriot sport 4dr suv,0.0605276980888116
patriot sport 4wd,0.06999272697886781
patriot sport 4x4,0.06560871146308937
patriot sport 4x4 4dr suv,0.131237625762657
patriot sport 4x4 suv,0.08327609196331165
patriot sport fwd gas suv,0.1413794496747343
patriot sport manual,0.1594508869045214
patriot sport se,0.11300312278129557
patriot sport se 4x4,0.1413390440017778
patriot sport suv 4d,0.15199604024405025
patriot sport suv 4x4,0.05047678694088645
patriot sport-4x4,0.0402743545193745
patroit,0.06727881261195737
phaeton,0.025038048675367335
phaeton premiere edit,0.1262374237342922
pick up,0.061487332821528115
pick up 1500,0.136338841973413
pick up truck,0.0656289142995676
pick-up,0.0302739504626449
pickup,0.0683396079244308
pickup 1500,0.24824922219079557
pickup 1500 4x4,0.2878601155602246
pickup 1500 big horn,0.2601014182391207
pickup 1500 big horn 4x2,0.2423532263929855
pickup 1500 big horn 4x4,0.2423532263929855
pickup 1500 classic,0.31514419699152624
"pickup 1500 classic $346 month, $1500 down, only 20k miles, $346 month, $1500 down, only 20k miles",0.2191704715342033
pickup 1500 classic 4x4 5.7 v8 lifted on 37s,0.4241787546971595
pickup 1500 classic lone,0.2524546446321063
pickup 1500 classic slt 4wd,0.333306396218029
pickup 1500 express,0.1605337589397551
pickup 1500 express 4x4,0.3029617358277102
pickup 1500 express quad cab,0.1614913733888237
pickup 1500 laramie,0.2928603175885894
pickup 1500 laramie 4x4,0.29959459641466996
pickup 1500 laramie longhorn,0.19437148975716184
pickup 1500 lone star 4x2,0.0242130995191724
pickup 1500 quad cab,0.24992929007232614
pickup 1500 slt,0.2638010626691987
pickup 1500 slt 4x2 4dr,0.1817447169582609
pickup 1500 slt 4x4 4dr,0.21204897167562323
pickup 1500 slt1,0.2302315245060406
pickup 1500 sltquad,0.0907612428785001
pickup 1500 sport,0.1766940078387005
pickup 1500 st,0.03276900076770775
pickup 1500 tradesman,0.20096973615095556
pickup 1500 tradesman 4x,0.21541611108866346
pickup 1500 tradesman automatic,0.1918865408703381
pickup 1500 trx 4dr cr,0.9989999595943272
pickup 1500 trx4,0.1716837043920966
pickup 2500,0.34400200232557093
pickup 2500 4x4,0.2625560628712271
pickup 2500 laramie,0.40894581599256535
pickup 2500 laramie limi,0.7979817366358237
pickup 2500 slt,0.25751882230931883
pickup 2500 sltquad,0.0504666855226473
pickup 2500 tradesman,0.37362115641036
pickup 3500,0.4166624914137945
pickup 3500 laramie,0.3413471251363691
pickup 3500 laramie 4d,0.4443411855024445
pickup 3500 laramie 4x,0.242393632065942
pickup 3500 laramie lon,0.7161602488989455
pickup 3500 slt,0.2756879065820841
pickup 3500 slt 4x4 4dr,0.4645844276536425
pickup 3500 st,0.2777081902299083
pickup 4 x 4 crew cab,0.0454260778213261
pickup 4x4,0.08043422629870563
pickup d21,0.0201725322235241
pickup laramie,0.1636126712190391
pickup sr5,0.0454260778213261
"pickup st*v8,5.7l!sho",0.1548951472786779
pickup truck,0.032967661993077095
pickup xe,0.0252232413430845
pilot,0.11964081151621783
pilot 2005,0.0151218231039637
pilot 2wd 4dr lx,0.0696694815952159
pilot 4d sport utility,0.0393652268778536
pilot 4wd,0.03855711341872394
pilot 4wd 4dr ex-l,0.0878520344256333
pilot 4wd 4dr vp,0.0746696836235807
pilot 4wd ex-l at,0.1009333710452947
pilot 4wd se,0.046426118226999
pilot 4wd v6 touring,0.1918461351973817
pilot 4wdex,0.1514808679138551
pilot 4x4,0.0524970705887106
pilot awd,0.08699341387530805
pilot awd 3rd row seats,0.0524970705887106
pilot elite,0.24701070173109446
pilot elite sport utility,0.3493777526364701
pilot ex,0.0800789930906299
pilot ex 4wd,0.04681502282920519
pilot ex 4wd w/ leather,0.0555274960604468
pilot ex 4wd w/leather and navigatio,0.050426279849690905
pilot ex 4x4,0.1191664309669077
pilot ex awd,0.06209341791587534
pilot ex l,0.08403874904036525
pilot ex l 4dr suv,0.1494201785930744
pilot ex l 4dr suv w/lea,0.0655380015354155
pilot ex l 4x4suv,0.070174552507172
pilot ex l w/dvd 4dr suv,0.1514404622408986
pilot ex sport utility,0.0605276980888116
pilot ex sport utility 4d,0.26991326248872
pilot ex with leather and,0.0605681037617681
pilot ex-1,0.1059840801648551
pilot ex-l,0.10855151281783006
pilot ex-l 4dr ex-l,0.0504262798496909
pilot ex-l 4wd,0.10606835485416434
pilot ex-l 4wd 5-spd at with navigat,0.1372984767061295
pilot ex-l 4wd 5-speed automatic,0.1201765727908198
pilot ex-l 4x4,0.10493353266798654
pilot ex-l awd,0.151642490605681
pilot ex-l awd camera,0.0756798254474928
"pilot ex-l awd, 3rd row seating",0.1615822861529758
pilot ex-l fwd,0.1514808679138551
pilot ex-l navi,0.0600731342680512
pilot ex-l sport utility,0.28398382922435994
pilot ex-l w/dvd,0.1463897531213382
pilot ex-l w/dvd w/navi,0.2110893369429067
pilot ex-l w/honda sensing,0.3291749161582286
pilot ex-l w/honda sensing awd,0.2827993050224251
pilot ex-l w/navi,0.0959230675986908
pilot ex-l w/navi ex-l 4dr suv,0.0807305345670532
pilot ex-l w/res sport,0.2988706614408662
"pilot ex-l | 4wd, 3rd row",0.1888157097256454
"pilot ex-l. 3rd row, fully serviced,",0.0806497232211402
pilot exl,0.09624893186855282
pilot exl 4wd,0.09474344642432236
pilot exl awd,0.09712513636914619
pilot exl dvd,0.1676027314234918
pilot exl dvd 4wd,0.1210351933411451
pilot exl ex-l,0.2120994787668188
pilot ll,0.0201725322235241
pilot lx,0.0568670995253887
pilot lx 4x4,0.1252272819103802
pilot lx 4x4suv,0.0806598246393793
pilot lx awd,0.22825838080999902
pilot lx sport utility 4d,0.25240413754091073
pilot se,0.07867792638086386
pilot se 4x4,0.12113620752353627
pilot suv,0.0605276980888116
pilot suv touring 4wd,0.1201765727908198
pilot tauring,0.1161360054951715
pilot touring,0.16620621035193336
pilot touring 4wd,0.16113024768677517
pilot touring 4wd 5-spd at with dvd,0.0777506161865125
pilot touring 4x4,0.1007818497717079
pilot touring 7-passenger,0.3626106105297184
pilot touring 8-passenger awd,0.3383672067558285
pilot touring awd,0.15408126158055446
pilot touring sport,0.29870230447021423
pilot touring w/nav,0.0504262798496909
pilot touring w/navi,0.1211362075235363
pilot touringawd,0.1171461473190836
pilot vp,0.0605276980888116
pilot vp 4x4,0.07542728999151475
piloto,0.0383550850539415
pininfarina spider,0.1767445149298961
plymouth prowler,0.3231645723059517
police impala,0.0353246595822053
police interceptor,0.12999082213999985
police interceptor sedan,0.0625984888278314
police interceptor utility,0.1555537597478686
pop convertible,0.0605276980888116
power wagon,0.27775869732110386
power wagon 2500 slt,0.3929148652470807
powered,0.4444320982665966
powerstroke diesel 4x4,0.0585579215321831
pre runner,0.0737100488908642
prelude,0.033222247012176104
prelude 2dr coupe 2.3l si 5-spd,0.0403248616105701
prelude si,0.053333243542948945
prelude vtec,0.0252232413430845
premium luxury xts,0.1588144975554567
previa,0.030546688755101158
previa sc,0.0070406885126671
prius,0.0761081650394965
prius (plug in),0.1009333710452947
prius 2,0.10012525758616507
prius 2 hybrid,0.1514404622408986
prius 3,0.14136934825649516
prius 4dr,0.0272435249909087
prius 4dr hatchback,0.0655076972806982
prius 5,0.090831952806174
prius 5dr hb (natl),0.06688485730063165
prius 5dr hb two (natl),0.1060143844195725
prius bad credit,0.22217059275122217
prius base,0.07212917693644186
prius base 4dr hatchback,0.0604872924158551
prius base 4dr sedan,0.0201220251323285
prius basehatchback,0.0398702977898096
prius c,0.09009335547074442
prius c 4,0.0757303325386884
prius c four,0.1817447169582609
prius c four hatchback 4d,0.1502355073509463
prius c fourhatchback,0.0706291163279324
prius c hatchback,0.1918865408703381
prius c hybrid,0.09638899551497024
prius c le hatchback 4d,0.2281607337670208
prius c one,0.07737686371166509
prius c one hatchback 4d,0.19179562810618606
prius c three,0.06055295163440945
prius c three hatchback,0.15023550735094632
prius c two,0.07977089983433669
prius c two cvt,0.044415935997414
prius c4,0.0959331690169299
prius five,0.07549014326055818
prius five five panel,0.0706493191644106
prius four,0.1117999717160289
prius four hatchback 4d,0.19411521303516932
prius four hybrid,0.1186563093458321
prius four panel solar,0.06559861004485025
prius four touring,0.22242664174397908
prius hatchback,0.10494507714597412
prius hb (natl,0.0504262798496909
prius hb 1,0.0608610448907026
prius hybrid,0.06253266668317646
prius hybrid 2011,0.083811467129985
prius hybrid 5,0.0454260778213261
prius hybrid cab,0.0302739504626449
prius hybrid electric,0.13362829474591562
prius hybrid five,0.12368681562891425
prius hybrid fwd auto,0.0391631985130712
prius hybrid fwd auto 2,0.0706291163279324
prius hybrid hatchback,0.045762791762630116
prius hybrid iv,0.0605276980888116
prius hybrid three,0.090831952806174
prius hybrid touring,0.05197516397968937
prius hybrid v,0.111075194957372
"prius hybrid,honda,mazda",0.136338841973413
"prius hybrid131,184",0.0605782051800072
prius ii,0.06535049395935184
prius ii hatchback 4d,0.12108570043234071
"prius ii,",0.080629520384662
prius iii,0.07823237613330139
prius iii 4dr hatchback,0.045415976403087
prius is,0.0348195886702493
prius iv,0.08992876717538197
prius iv 4,0.0706695220008889
prius iv 4dr hatchback,0.0907915471332175
prius limited (natl),0.2602832437674249
prius one,0.10345872560507495
prius one automatic,0.2321810982261909
prius one hatchback 4d,0.1692838960304312
prius persona series,0.08732170996807948
prius plug in,0.06485615580427485
prius plug in hybrid,0.1211362075235363
prius plug-in,0.12908313755822742
prius plug-in advanced,0.1206816437027758
prius plug-in hybrid,0.11631214897571615
prius plus hybrid,0.2474544426037415
prius premium,0.1393591660269101
prius prime,0.20336709979963533
prius prime advanced,0.21808456907349788
prius prime advantage,0.2878601155602246
prius prime le (natl),0.2927896076609156
prius prime limited,0.2887692432017455
prius prime plus,0.23440524686029549
prius prime premium,0.18419936159036723
prius prime primum,0.1412885369105822
prius prius ii,0.0751191967352216
prius prius ii cvt,0.0873469635136773
prius prius v,0.090831952806174
prius six,0.0787607580104246
prius standard,0.06898090158524922
prius standard package,0.0908723584791304
prius three,0.09334234230189618
prius three 4dr hatchbac,0.0590629924441391
prius three 4dr hatchback,0.0706291163279324
prius three hatchback 4d,0.15820841246110948
prius three only 58k mil,0.0999737363125782
prius three touring,0.1424771371233854
prius touring,0.05218775819573341
prius touring cvt,0.044415935997414
prius touring hybrid,0.0706291163279324
prius two,0.09092357032043573
prius two (natl),0.1615822861529758
prius two 2015,0.1201765727908198
prius two 4dr hatchback,0.1514000565679421
prius two automatic,0.2049072689805648
prius two fwd hatchback,0.1666026910178188
prius two hatchback 4d,0.15922146815566746
prius v,0.0972212956063372
prius v 4d hatchback,0.0908521556426522
prius v 5,0.11027718291648145
prius v five,0.12117998033590577
prius v five hybrid,0.090831952806174
prius v five wagon 4d,0.16189543011838858
prius v four wagon 4d,0.14947068568427
prius v fwd hatchback,0.1817851226312174
prius v hatchback,0.070174552507172
prius v hybrid,0.06904094890478177
prius v three,0.1008929653723382
prius v three hybrid i4 fwd,0.0857812436866136
prius v three wagon 4d,0.1590396148762143
prius v two,0.10761377564076657
prius v two automatic,0.2019475534365024
prius v two cvt,0.0777506161865125
prius v two hatchback,0.1302779910299406
prius v two wagon 4d,0.18301178615912453
prius v wagon,0.12386359044809887
prius v wgn three (natl,0.0706291163279324
prius v wgn two,0.090831952806174
prius xle awd hatchback,0.1706836639864236
prius xle hatchback 4d,0.24836357024526243
priusc,0.0797708998343367
privea,0.0181522485757
prizm,0.015773701294328327
prizm base,0.0100711139844034
prizm lsi,0.0189048042345145
pro 4x,0.2322922138268212
pro master,0.287809608469029
pro master 2500,0.2045234150874782
probe gt,0.0211826740474362
probe se 2dr hatchback,0.0120913976322275
professional,0.0605479009252899
promaster,0.34166245319221195
promaster 136,0.3434179158753889
promaster 1500,0.32311089048330954
promaster 1500 136 high roof,0.5909026627338478
promaster 1500 136 wb,0.1918865408703381
promaster 1500 cargo van,0.23332950321225096
promaster 1500 high roof 136,0.2221705927512222
promaster 1500 low roof,0.3938913356768623
promaster 2500,0.323908036688351
promaster 2500 cargo,0.170633156895228
promaster 2500 cargo 159 wb,0.2524041375409107
promaster 2500 cargo van,0.3118565957771582
promaster 2500 handicap,0.241393591660269
promaster 2500 high roof,0.3162754050668714
promaster 2500 high roof 159 wb cargo van,0.31306315406683094
promaster 2500 high top,0.3332154834538769
promaster 2500 highroof,0.1767445149298961
promaster 2500 plumber body,0.313063154066831
promaster 3500,0.24750728079145384
"promaster 3500 159""",0.3131035597397875
promaster 3500 cab,0.3736716635015556
promaster cargo,0.28996767546163477
promaster cargo 1500 136 wb,0.2898298921168531
promaster cargo 1500 cargo 136 wb,0.3130126469756353
promaster cargo 3500 159 wb,0.2625055557800315
promaster cargo van,0.243152518895343
promaster cargo van 1500,0.24157794254313297
"promaster cargo van 1500 low roof 118"" wb",0.1913107600307083
promaster cargo van 2500 -,0.3736716635015556
promaster city,0.1706334414422207
promaster city cargo,0.2047203927431411
promaster city cargo slt,0.1502787991433997
promaster city cargo tradesm,0.180663865206675
promaster city cargo tradesman,0.1514404622408986
promaster city cargo van,0.15067256019668235
promaster city tradesman,0.13777324336336821
promaster city tradesman slt,0.1715927916279445
promaster city wagon,0.18244395957636894
promaster city wagon slt,0.1622932705905755
promaster city wagon van 4d,0.20189704634530684
promaster cutaway chassis,0.2312921734211483
promaster window,0.2623742373429229
protage,0.005020404864843
protege,0.019416422361995863
protege 5,0.0353246595822053
protege es,0.0095660430724473
protege es 81k miles,0.0135965089498565
protege lx,0.0061189340983473246
protege sdn lx auto,0.0251222271606933
protege.lx,0.0120913976322275
protege5,0.027938502565760172
protege5 base,0.0645177582932643
protege5 hatchback 4d,0.0060305466887551
protoge,0.0201725322235241
protégé 5,0.0292638086387328
prowler,0.31429552709200365
pruis,0.0388601559658976
pruis hybrid,0.0285903807561248
pruis two,0.1110852963756111
pt cruiser,0.02569919829482908
pt cruiser 90k miles purple new tires auto,0.0504262798496909
pt cruiser base,0.0332740716796638
pt cruiser basewagon,0.03330437593438113
pt cruiser classic,0.0325215160208493
pt cruiser convertible,0.032555034363188184
pt cruiser gt,0.020749756122902484
pt cruiser gt 2dr,0.044415935997414
pt cruiser gt turbo,0.0353246595822053
pt cruiser limited,0.0324697462523738
pt cruiser limited edit,0.03832983150834375
pt cruiser limited edition,0.0353145581639662
pt cruiser ltd.,0.0171421067517879
pt cruiser touring,0.028949035412313775
pt cruiser turbo,0.0302486969170471
pt crusier,0.019288658127601076
ptcruiser series 3,0.0393652268778536
pulsar,0.0353246595822053
pulsar nx,0.0075457594246232
putback,0.0282536668148208
q3,0.22432735534329887
q3 2.0t premium,0.2625560628712271
q3 2.0t premium plus,0.20265801985265394
q3 2.0t prestige quattro,0.1565113741969372
q3 2.0t quattro premium,0.2474039355125459
q3 premium,0.25081148059854264
q3 premium plus,0.22099714466577772
q3 premium plus automatic,0.2739706654814335
q3 premium plus awd gas suv,0.3232049779789082
q3 premium plus sport,0.24149460584266028
q3 premium plus**navi*moon,0.1851994019960402
q3 premium sport utility 4d,0.256949775748515
q3 prestige,0.2025031314396541
q3 prestige automatic,0.2927896076609156
q3 prestige awd,0.1817447169582609
q3 quattro premium awd,0.241393591660269
q3 quattro premium plus,0.2196755424461594
q3 quattro2.0t prestige,0.1716432987191401
q3 s line,0.2928098104973938
q3 s line premium plus,0.3534183199321184
q3 s line prestige sport,0.3695805891147117
q3 sport premium plus,0.27395382978436833
q3 sport premium utility 4d,0.2645258394278556
q40,0.11883055881045694
q40 sedan 4d,0.1792249742975024
q45,0.03947886783304369
q45t,0.0206776031354802
q45t 1998,0.0191623903996121
q5,0.1794816185659803
q5 2.0 tfsi premium plus,0.3373065578407208
q5 2.0t,0.18078508222554446
q5 2.0t premium,0.16157106235493235
q5 2.0t premium hybrid,0.1464402602125338
q5 2.0t premium plus,0.1723074669683623
q5 2.0t premium plus sport,0.21300860640833968
q5 2.0t premium quattro,0.2311709564022788
q5 2.0t premium sport,0.25038385389308654
q5 2.0t premuim plus,0.0807305345670532
q5 2.0t quattro premi,0.1916946139237949
q5 2.0t quattro premium,0.17275707361165354
q5 2.0t quattro premium pl,0.1562436866136005
q5 2.0t quattro premium plu,0.2322518081538647
q5 2.0t quattro premium plus,0.15975280707189063
q5 2.0t quattro premium plus *nav *moon roof *clean *carfax local *s*u*v,0.11096407935674162
q5 2.0t quattro premium plus awd,0.1918461351973817
q5 2.0t quattro progressiv,0.1716837043920966
q5 3.0 quattro premium 6-speed automatic,0.1362883348822174
q5 3.0 quattro prestige,0.3131136611580266
q5 3.0t premium plus,0.13580851751585915
q5 3.0t premium plus sport,0.3225007648216666
q5 3.0t prestige sport,0.2483635702452624
q5 3.0t quattro technik,0.1716837043920966
q5 3.2 premium plus,0.0908824598973696
q5 3.2 quattro premium,0.09369469473514078
q5 3.2 quattro premium plus,0.1258333670047274
q5 3.2 quattro prestige,0.08429128449634325
q5 3.2l premium plus,0.1614913733888237
q5 45 premium plus,0.3830861853004161
q5 45 tfsi premium plus,0.38565867981197893
q5 45 tfsi prestige sport,0.4402905167885571
q5 45 tfsi titanium premium,0.35846902905167877
q5 awd,0.1408844801810174
q5 bad credit,0.2625762657077053
q5 hybrid 2.0t quattro pre,0.1711887348983797
q5 murano,0.0686593397713039
q5 preminum,0.1595721039233908
q5 premium,0.22644012552695728
q5 premium 2.0t quattro tip,0.2221099842417875
q5 premium awd,0.2423027193017899
q5 premium awd gas suv auto,0.32488854768542835
q5 premium plus,0.16648344500738632
q5 premium plus automatic,0.3833690250111115
q5 premium plus awd,0.2665966301668754
q5 premium plus awd gas suv,0.333306396218029
q5 premium plus sport,0.30183795304860794
q5 premium quattro,0.3231645723059517
q5 premium quattro.,0.1615418804800193
q5 premium sport utility 4d,0.299650227413668
q5 prestige,0.30435573154470885
q5 prestige sport utility,0.3594791708755909
q5 q7,0.0757303325386884
q5 quattro,0.09087909275795653
q5 quattro 4dr 2.0t premium plus,0.1104994141177421
q5 quattro awd gas suv auto,0.3434078144571498
q5 quattro premium,0.11308032647783745
q5 quattro premium plus,0.16350732785740257
q5 quattro premium plus awd,0.131237625762657
q5 quattro prestige tdi,0.1716432987191401
q5 quattro s awd gas suv,0.3535092326962705
q5 quattro2.0t premium,0.1514404622408986
q5 tdi premium plus sport,0.26811745480176524
q5 tdi s-line,0.131237625762657
q50,0.20302846193762902
q50 2.0t awd,0.20458739073632604
q50 2.0t luxe sedan 4d,0.2423027193017899
q50 2.0t pure sedan 4d,0.23169623015071308
q50 3.0t,0.28974403006182065
q50 3.0t luxe,0.279802214230878
q50 3.0t luxe sedan 4d,0.28455358465661906
q50 3.0t premium,0.2019475534365024
q50 3.0t premium awd,0.21208432663946014
q50 3.0t premium sedan,0.21536560399746785
q50 3.0t pure sedan 4d,0.3029112287365146
q50 3.0t signature,0.23516179363890377
q50 3.0t signature edition,0.2120489716756232
q50 3.0t sport,0.24742413834902416
q50 3.0t sport sedan 4d,0.3148645736528075
q50 3.7 premium sedan,0.20882106347731216
q50 3.7 sedan 4d,0.1909706789499912
q50 awd,0.1403794092690613
q50 base,0.15631944725039387
q50 hybrid,0.1938886419653319
q50 hybrid luxe sedan,0.3029112287365146
q50 premium,0.15195496114321114
q50 premium 4dr sedan,0.1610873166592589
q50 premium awd,0.2292638086387328
q50 premiun,0.1110650935391329
q50 red sport,0.1161360054951715
q50 red sport 400,0.2625560628712271
q50 red sport 400 sedan,0.3197469258017158
q50 s,0.17288128364333458
q50 s 3.7 sedan 4d,0.2220998828235484
q50 sedan rwd,0.1545213948038304
q50 sport,0.19969157002976548
q50s,0.2131035597397874
q50s awd,0.1706836639864236
q50s hybrid,0.1918966422885773
q50s sport awd,0.0777506161865125
q60,0.29427158347225496
q60 2.0t coupe 2d,0.2777495142136137
q60 2.0t luxe coupe 2d,0.2726069740191523
q60 2.0t premium coupe,0.282708392258273
q60 2.0t pure coupe 2d,0.2726069740191523
q60 3.0t luxe,0.3406804315325871
q60 3.0t luxe coupe 2d,0.3526775492612496
q60 3.0t premium coupe,0.2935275428459629
q60 3.0t pure coupe 2d,0.3534183199321185
q60 3.0t sport coupe 2d,0.34256864849009977
q60 awd cpe,0.2191704715342033
q60 coupe,0.22396864519778575
q60 g37,0.1595721039233908
q60 journey coupe 2d,0.1694411895430118
q60 premium,0.3434078144571498
q60 red sport 400 coupe,0.3887473826966331
q60s,0.1646228130429512
q60s awd coupe,0.1383591256212372
q60s limited,0.2191704715342033
q7,0.24053428915765762
q7 2.0t premium plus sport,0.37412622732231604
q7 2.0t premium sport,0.34331690169299767
"q7 3,0t",0.1716938058103357
q7 3.0 premium plus,0.3550345468503777
q7 3.0 premium quattro,0.1817447169582609
q7 3.0 quattro tdi,0.1514808679138551
q7 3.0 quattro tdi prestige,0.1413794496747343
q7 3.0 turbo v6 quattro premium plus awd,0.131237625762657
q7 3.0l tdi prestige,0.1917754252697078
q7 3.0t premium plus,0.21671986746939265
q7 3.0t premium plus sport,0.3847121013341293
q7 3.0t premium sport,0.374631298234272
q7 3.0t premuim plus,0.2216958260939835
q7 3.0t prestige sport,0.4301890985494363
q7 3.0t quattro,0.1867449189866257
q7 3.0t quattro premium,0.2039274314113701
q7 3.0t quattro premium plu,0.1716432987191401
q7 3.0t quattro premium plus,0.2322518081538647
q7 3.0t quattro prestige,0.1918461351973817
q7 3.0t s line prestige,0.2499276608113198
q7 3.6,0.0646187724756555
q7 3.6 premium,0.090831952806174
q7 3.6 premium quattro,0.08583175077780913
q7 3.6 premium s line,0.0858317507778092
q7 3.6 quattro,0.1261869166430966
q7 4.2l v8,0.0696694815952159
q7 55 tfsi premium plus,0.5453452664754131
q7 diesel tdi s-line,0.2464341993615903
q7 premium,0.2522526162673239
q7 premium awd gas suv auto,0.3939149056527536
q7 premium plus,0.31677598645961
q7 premium plus 55 tfsi quattro,0.47969614933936716
q7 premium plus quattro,0.2019980605276981
q7 premium plus quattro awd,0.2605761848963595
q7 prestige,0.2873095882661925
q7 prestige quattro s line,0.2090690532950826
q7 prestige tdi,0.1817447169582609
q7 quattro,0.1908865004646652
q7 quattro awd gas suv auto,0.1817851226312174
q7 quattro diesel,0.2222008970059396
q7 quattro premium plus,0.20233477446900205
q7 quattro prestige s line,0.1807850822255444
q7 quattro prestige sline,0.0908824598973696
q7 quattro tdi premium plus,0.2110893369429067
q7 s line,0.2575558608428623
q7 s-line prestige,0.1565416784516546
q7 se premium plus,0.48117095640227886
q7 tdi,0.1985804140234622
q7 tdi premium plus,0.17168875510121615
q7 tdi prestige,0.12117829676619928
q7 tdi prestige sport,0.3029112287365146
q7 v8 prestige,0.1504808275081821
q70,0.23286161482335274
q70 3.7,0.1463897531213382
q70 3.7 luxe sedan 4d,0.33410440825891946
q70 3.7 sedan 4d,0.24666019383631263
q70 hybrid,0.2654147642328983
q70 l 3.7 luxe sedan 4d,0.3190734979191078
q70 l 3.7 sedan 4d,0.26950920575915516
q70 sport,0.161592387571215
q70l,0.2727022159625497
q70l 3.7,0.2506969978584993
q70l 3.7x,0.3408420542244131
q70l navi,0.2827184936765122
q70s,0.4090771344296739
q8,0.6736049941411775
q8 3.0t quattro premium,0.5605984080164855
q8 3.0t quattro prestige,0.7257565962261102
q8 premium sport utility 4d,0.6191582441965702
quad cab,0.1302779910299406
quad cab 1500 big horn,0.1715927916279445
quad cab big horn 4wd,0.1009333710452947
quad cab laramie,0.20190967311810573
quad cab pu,0.1807850822255444
quad cab slt 4wd,0.0706291163279324
quad cab slt 4x4,0.0403248616105701
quad cab sport 4wd,0.0807305345670532
quattro tt,0.0454260778213261
quest,0.06390644080961337
quest 3.5 le,0.1009838781364903
quest 3.5 s,0.06684360984282187
"quest 3.5 s - 3 months / 3,000 miles limited warranty",0.1290355165865287
quest 3.5 se,0.030877510202432373
quest 3.5 sl,0.02168269425027265
quest 3.5 sv,0.05596943310840835
quest 3.5 svmini van,0.0858317507778092
quest 3.5le,0.1009838781364903
quest 4dr le,0.1918259323609034
quest gxe,0.0060305466887551
quest le,0.0918673481756838
quest q35,0.0348195886702493
quest s,0.04913054338283635
quest se,0.021721079639581357
quest sl,0.05918484080164851
quest sl with leather,0.0605782051800072
quest sv,0.11878341885867438
quest van,0.02921330154753725
quest xe,0.0060305466887551
qx,0.20952361711584305
qx 50 luxe,0.3686714614731908
qx 56,0.1834720594771506
qx 60,0.1846207350369134
qx 80,0.2978605196169542
qx qx56 sport utility,0.2281607337670208
qx30,0.20232360168822242
qx30 essential sport,0.2524041375409107
qx30 luxury sport,0.21132503670181957
qx30 premium sport,0.23751783697799586
qx30 sport suv 4d,0.23220130106266915
qx30 sport utility 4d,0.2119984645844276
qx4,0.021046304901208082
qx4 4x4,0.0252131399248454
qx4 base 4dr suv,0.0402844559376136
qx4 luxury 4wd,0.0342640106670976
qx50,0.24507904185609725
qx50 autograph sport,0.4140268293668431
qx50 automatic,0.1665420825083841
qx50 awd,0.14538971271566523
qx50 base,0.2607378075881853
qx50 essential sport,0.33005879025415163
qx50 journey,0.1726029334518566
qx50 journey sport,0.1877550608105377
qx50 luxe sport utility,0.33647462028197056
qx50 pure sport utility,0.34043078219610606
qx50 sensory sport,0.3837225746494808
qx50 sport utility 4d,0.217826185428013
qx50 v6 awd,0.156491171360459
qx56,0.12894936088561712
qx56 2wd,0.0807810416582488
qx56 4dr suv,0.0989635944886662
qx56 4wd,0.0888495494767465
qx56 4wdinfiniti qx 56,0.0494666451169744
qx56 4x4,0.15187560025735303
qx56 4x4 *84k miles* 3rd row leather navigation dvd's fully loaded heated and cooled seats moon roof,0.2423532263929855
qx56 4x4 5.6l v8 400hp 3row seats clean car fax local s dvd local suv,0.1906541678451654
qx56 7-passenger,0.1610873166592589
qx56 8-passenger,0.2402622328174875
qx56 awd,0.0903773889854135
qx56 base 4x2suv w/,0.1918865408703381
qx56 limited awd,0.0908723584791304
qx56 luxury car,0.1716432987191401
qx56 sport utility,0.06701785930744675
qx56 theater pkg7-,0.1918461351973817
qx60,0.21970486914427298
qx60 3.5 hybrid,0.2070487696472584
qx60 3.5 sport,0.1615822861529758
qx60 3.5 sport utility,0.2694452965670064
qx60 awd,0.17814760192330997
qx60 awd nav 1 owner,0.1615418804800193
qx60 base,0.3095458402359691
qx60 base awdsuv,0.1908865004646652
qx60 luxe,0.3044749282799305
qx60 luxe sport utility,0.38569358308638235
qx60 premium,0.175734373105984
qx60 premium awd,0.1817851226312174
qx60 pure,0.2348781768960361
qx60 pure sport utility,0.2803353606719399
qx60 v6 awd,0.1615418804800193
qx70,0.2350110493974892
qx70 3.7,0.2418986625722251
qx70 3.7 sport utility,0.26605367893652265
qx70 awd,0.19589276334397346
qx70 rwd 4dr,0.1918865408703381
qx70 sport,0.2517475453553679
qx80,0.321532233208187
qx80 awd,0.36525086872196855
qx80 base,0.2312921734211483
qx80 base 4dr suv,0.3222049375732352
qx80 limited,0.3949183131978396
qx80 limited awd,0.4131177017253222
qx80 limited sport,0.36255351555706244
"qx80 limited, awd",0.2474039355125459
qx80 luxe,0.6008828639540992
qx80 luxe sport utility,0.4708833834556086
qx80 rwd,0.2454341589559174
qx80 signature sport,0.4189653005059688
qx80 sport utility 4d,0.38408173618687164
r 320 r320 bluetec,0.070174552507172
r-3500 drw flatbed,0.1413390440017778
r-class,0.09020644190752071
r-class r 350,0.0959331690169299
r/v 3500 series r3500 3+3 crew cab long bed lowered premium wheels,0.1817447169582609
r10,0.2676572790819831
r1000s,0.0757303325386884
r1200rt,0.090831952806174
r32,0.12617569284505317
r32 all wheel drive,0.1817447169582609
r320 cdi,0.04453967837084325
r33 skyline gtr,0.4746858458927633
r350,0.05167380500222226
r350 4matic,0.0406279041577437
r350 awd,0.0302739504626449
r3500,0.0393652268778536
r8,0.8014818780556792
"r8 4.2**v8,4.2l*navi*cam*w",0.8922986787344944
r8 v10,0.8272758495292739
r8 v10 spyder,0.9495030102226352
rabbit,0.03472786314830782
rabbit 2dr hb man s,0.0402743545193745
rabbit convertible,0.0019899793931067
rabbit gti,0.070679623419128
rabbit hatchback,0.040880439613721745
rabbit pickup,0.0903773889854135
rabbit s,0.04419707193556636
rabbit s pzev,0.0474362600509111
raider,0.05632550810133739
raider duro cross,0.065578407208372
raider ls,0.06921203165495861
raiders,0.0802759707462927
rainer cxl,0.0403753687017657
rainier,0.028923727558015755
rainier awd,0.038610987649332566
rainier cxl,0.033287540237315935
rainier cxl awd,0.03912077255646688
rainier cxl plus,0.0161319649278758
rainier cxl sport,0.0383550850539415
rally,0.0252232413430845
ram1500,0.1057073013051032
ram1500 hemi,0.1161360054951715
ram1500 slt 4+4,0.0706291163279324
ram1500 slt quad cab 4wd,0.0605276980888116
ram2500,0.14894036122671617
ram350,0.0120913976322275
ram3500,0.2674350478807224
ram5500,0.449482807386157
ramcharger,0.06385695718345517
rampage,0.3812982342720918
range,0.654309265020809
range diesel,0.4847872641318841
range evoque coupe,0.24230271930178993
range evoque hse,0.39261990383449835
range evoque p250,0.5251424299971716
range evoque p250 s,0.4342296658450846
range evoque p250 se,0.4577415876085554
range evoque p300,0.5150410117580508
range evoque pure,0.23927464299708606
range evoque se,0.31021990193305493
range evoque se sport,0.2994318513430396
range hse,0.24490383449836353
range sport hse,0.3099350815521165
range sport hse lux,0.2220998828235484
range supercharged,0.3525916872062171
range velar p250 s,0.4473312053012243
range velar p250 se,0.4943735100408097
range velar p380 hse,0.6150955594165421
range velar p380 s,0.467382520505879
ranger,0.09581289673501811
"ranger 2wd reg cab 112"" xl",0.1211362075235363
ranger 2wd supercab,0.0302234433714493
ranger 3.0 4x4,0.0656289142995676
ranger 4dr supercab 4.0l xlt 4wd,0.120944280576993
ranger 4x4,0.06776109058019433
ranger 4x4 ext cab,0.0403753687017657
ranger 4x4 sport,0.136338841973413
ranger 4x4 v6,0.0302739504626449
ranger 6 cylinder,0.0191623903996121
ranger bad credit,0.1261162067154228
ranger colorado s10,0.0383550850539415
ranger edge,0.05941610289041099
ranger edge 4x4,0.038308618530041576
ranger edge plus 4.0,0.0251727342518889
ranger ext cab,0.0807709402400097
ranger extended cab 4x4,0.1040143036082266
ranger fx4,0.11562251673468284
ranger fx4 4/4quad cab,0.0176471776637439
ranger fx4 off-road 4wd!,0.0678057699300981
ranger fx4 offroad,0.090831952806174
ranger lariat,0.3554217678828773
ranger lariat 4x4 4dr super,0.3635702452624348
ranger lariat crew cab,0.3958947836276213
ranger lariat fx4 4x4 gas,0.3939149056527536
ranger pickup,0.2777586973211038
ranger pickup truck,0.0595680633560952
"ranger reg cab 107.9"" wb xl 4wd",0.0100206068932078
ranger regular cab,0.0954286297585654
ranger rmt,0.5454462806578044
ranger shortbed,0.0504767869408865
ranger slash 34.0 4 x4,0.1817851226312174
ranger splash,0.045415976403087
ranger sport,0.08274530835038327
ranger sport extended cab,0.14638975312133815
ranger step side,0.0085559012485352
ranger super cab,0.06007818497717077
ranger super cab 4*4,0.0555274960604468
ranger super cab 4-doors v6,0.2220998828235484
ranger super cab 4d xlt,0.1514404622408986
ranger super cab edge pickup 4d 6 ft,0.090831952806174
ranger super cab xlt pickup,0.18882462274173875
ranger supercab,0.08463877328376901
ranger supercab 4wd,0.0524970705887106
ranger supercab edge,0.07139934946866534
ranger supercab edge 4x4,0.0302234433714493
ranger supercab lariat,0.3332154834538769
ranger supercab xl pickup,0.2811931795224049
ranger supercab xlt,0.058557921532183074
ranger supercab xlt pickup,0.33849577026069
ranger supercrew,0.35857004323407
ranger supercrew lariat,0.37339026685060867
ranger supercrew lariat 4x4,0.4333205382035637
ranger supercrew xl pickup,0.3086490876234384
ranger supercrew xlt pickup,0.32133760890373836
ranger sxt,0.0706291163279324
ranger unlimited rubicon,0.5252333427613237
ranger xl,0.05668269425027269
ranger xl 2dr regular cab,0.0267384540789526
ranger xl 2dr standard cab,0.0907915471332175
ranger xl 4x2,0.0625984888278314
ranger xl 4x4,0.0454260778213261
ranger xl 5sp manual,0.111075194957372
ranger xl extended cab,0.2905167885571134
ranger xlt,0.100732221064707
ranger xlt 2dr extended c,0.0604872924158551
ranger xlt 2dr supercab,0.0605276980888116
ranger xlt 2dr xlt,0.0595680633560952
ranger xlt 4 x 4,0.0383550850539415
ranger xlt 4dr supercab xlt,0.090831952806174
ranger xlt 4wd,0.192876479857772
ranger xlt 4x2,0.0878520344256333
ranger xlt 4x4,0.04325533620709817
ranger xlt 4x4 4dr,0.1009333710452947
ranger xlt 4x4 quarter ton,0.3939149056527536
ranger xlt 4x4 supercab only 42k v6 4.0l 5 speed 2 owners,0.2524546446321063
ranger xlt 97k miles 4x4 4.0l v6 5 speed manual,0.1615418804800193
ranger xlt automatic,0.34840801648551456
ranger xlt ext cab,0.0322942341104691
ranger xlt fx4 4x4 1/4 ton,0.33652201435748247
ranger xlt fx4 level 2,0.0807810416582488
ranger xlt pickup truck,0.3238817730009293
ranger xlt sport,0.353468827023314
ranger xlt super cab 4x4,0.0656289142995676
ranger xlt supercab,0.1191159238757121
ranger xlt supercab 2wd -,0.0201220251323285
ranger xlt supercab 4wd,0.0524970705887106
ranger xlt truck,0.32550136705860166
ranger xlt xcab 4x4,0.050274758576104
ranger xlt xlt 2dr supercab,0.1110650935391329
ranger xltcrew cab,0.352549597963554
ranger2002,0.0161319649278758
rangerover sport,0.4746858458927633
ranier,0.056285102428380904
raptor,0.6766855899901679
raptor 4x4 supercrew,0.5353448624186836
raptor svt,0.3888742979514323
rav,0.055022425148490796
rav 4,0.07359676870061123
rav 4 128k,0.0560325669724029
rav 4 4wd 5 speed,0.0499717160289304
rav 4 awd,0.05854108583511789
rav 4 hybrid limited,0.1918966422885773
rav 4 le,0.23077844415070156
rav 4 limited,0.1287425754575942
rav 4 limited 4x4,0.09610152598758193
rav 4 limited awd,0.1615418804800193
rav 4 prime,0.6565618812881329
rav 4 xle,0.16005192128974904
rav 4 xle 4x4,0.1514404622408986
rav 4 xle awd,0.222150389914744
rav 4 xle awd hybrid,0.318164370277587
rav adventure,0.2625560628712271
rav limited,0.1711786334801406
rav platinum,0.313063154066831
rav- 4,0.0302234433714493
rav-4,0.08435982983439443
rav-4 4wd,0.039314719786658
rav-4 rav4,0.0807507374035314
rav-4 sport,0.0706291163279324
rav-4 xle,0.20467830350047808
rav4,0.13109605358983076
"rav4 ""sport""",0.1080548709038749
rav4 2wd,0.023202957695260353
rav4 2wd 4dr 4-cyl sport (natl),0.0807305345670532
rav4 4 x 4,0.0797708998343367
rav4 4dr auto 4wd,0.0605276980888116
rav4 4wd,0.0756079931400146
rav4 4wd 4dr 4-cyl 4-spd at ltd (natl),0.1161158026586932
rav4 4wd 4dr i4 limited (natl),0.136338841973413
rav4 4wd 4dr. suv cars,0.0524970705887106
rav4 4wd 5 speed,0.0499717160289304
rav4 4wd limited,0.0605276980888116
rav4 4x4,0.06459351893005774
rav4 4x4 3rd row seating,0.1008828639540991
rav4 adventure,0.3340000269371153
rav4 adventure awd,0.2903955715382439
rav4 adventure awd (natl),0.300688916723908
rav4 adventure awd gas,0.3178747962880655
rav4 adventure sport,0.2764791843441486
rav4 all wheel drive,0.1004788072245343
rav4 automatic,0.1302779910299406
rav4 awd,0.11131083666215699
rav4 awd 4dr le (natl),0.1458543779546648
rav4 awd 4dr suv,0.0695482645763465
rav4 awd 5 speed,0.04997171602893039
rav4 awd limited,0.15348599943432056
rav4 awd suv 2.5l auto power group 2 owners new tires,0.0807305345670532
rav4 awd v6,0.1059840801648551
rav4 awd xle,0.2272516061255
rav4 awd*limited 4dr suv 1-*owner clean carfax local *suv*loaded*,0.239716756232575
rav4 base,0.08427036012999077
rav4 base automatic,0.1161360054951715
rav4 base i4 2wd 4-speed automatic,0.0656289142995676
rav4 ev sport utility 4d,0.156552902249698
rav4 fwd,0.15127451036982734
rav4 fwd4-cyl 4-speed,0.0858317507778092
rav4 hv,0.1715927916279445
rav4 hybrid,0.26363970122094793
rav4 hybrid awd 4dr xle (natl),0.2312921734211483
rav4 hybrid le sport,0.2785901217454007
rav4 hybrid limited,0.2725791951189947
rav4 hybrid limited awd,0.1812901531375005
rav4 hybrid limited sport,0.28325441486579306
rav4 hybrid se,0.2517172411006505
rav4 hybrid se sport,0.2584649884843832
rav4 hybrid xle,0.18883843791668348
rav4 hybrid xle awd,0.2019980605276981
rav4 hybrid xle sport,0.3190734979191078
rav4 hybrid xse,0.39166887726689004
rav4 hybrid xse sport,0.33679985766775844
"rav4 hybrid, 2016 xle",0.1464402602125338
rav4 l,0.0504767869408865
rav4 le,0.1577388260183524
rav4 le automatic,0.15250111115600623
rav4 le awd,0.16699103443012284
rav4 le awd (natl),0.1761586326720271
rav4 le awd 10k miles camera lane departure crash avoid 34 mpg,0.313063154066831
rav4 le awd gas suv auto,0.20436476340101675
rav4 le awd suv auto,0.2929007232615459
rav4 le fwd (natl),0.22529445634167033
rav4 le i4 awd,0.156491171360459
rav4 le sport utility 4d,0.21159440785486275
rav4 le**back up cam!!,0.1548951472786779
rav4 limited,0.11374094459093938
rav4 limited 4dr suv,0.1210958018505798
rav4 limited 4wd,0.16286516626934416
rav4 limited 4wd 4x4,0.0755788112651016
rav4 limited 4x4,0.16910380217382517
rav4 limited 4x4 v6,0.1211766131964928
rav4 limited 4x4suv,0.111075194957372
rav4 limited automatic,0.1918865408703381
rav4 limited awd,0.13490133245476893
rav4 limited awd (natl),0.2525051517233019
rav4 limited awd gas suv,0.2929007232615459
rav4 limited fwd,0.0802759707462927
rav4 limited heated leat,0.1110347892844155
rav4 limited i4 2wd 4-speed automatic,0.0757303325386884
rav4 limited i4 awd,0.1766940078387005
rav4 limited sport,0.22939310679219357
rav4 limited v6,0.12321342643779908
rav4 ltd,0.1795426077821326
rav4 new gen awd,0.0565376378843589
rav4 newgener,0.0393652268778536
rav4 prime xse,0.4848276698048406
rav4 rav limited awd,0.0939128853691058
rav4 s,0.0353246595822053
rav4 se,0.21307931633601349
rav4 se awd gas suv auto,0.242393632065942
rav4 se awd w/ leather,0.2322922138268212
rav4 sport,0.08041651221744574
rav4 sport 4dr suv w/v6,0.110994383611459
rav4 sport 4wd,0.0669555672283055
rav4 sport 4x4,0.1009333710452947
rav4 sport awd,0.08027597074629275
rav4 sport sportsuv,0.090831952806174
rav4 sport suv 4d,0.151389955149703
rav4 sport utility,0.047446361469150246
rav4 sport utility 4d,0.12036849973736312
rav4 sport v6,0.0706291163279324
rav4 suv,0.1918865408703381
rav4 xle,0.1726677379350214
rav4 xle 4dr suv,0.151389955149703
rav4 xle 4wd,0.18110496046978328
rav4 xle awd,0.18394834134712507
rav4 xle awd (natl),0.2615964281385106
rav4 xle fwd (natl),0.1816639056123479
rav4 xle fwd gas suv auto,0.3030021415006667
rav4 xle premium,0.2860216574407046
rav4 xle premium automatic,0.3635702452624348
rav4 xle premium sport,0.3117270119270199
rav4 xle sport utility 4d,0.21093515740136226
rav4 xlesuv,0.1312780314356135
rav4 xlr,0.2424037334841811
rav4h,0.2575558608428623
rava 4wd xle,0.1716432987191401
rave 4,0.1201765727908198
raverse ltz,0.090831952806174
rc,0.3162068217535636
rc 200t,0.26749313103559735
rc 200t coupe 2d,0.31705321427128363
rc 300,0.3376954624429269
rc 300 base,0.2827993050224251
rc 300 coupe 2d,0.37463129823427205
rc 350,0.3311422740654196
rc 350 coupe 2d,0.3357867535511076
rc 350 f sport,0.2179094778240198
rc 500,0.8181744716958261
rc f,0.46459856963917734
rc-f,0.3837175239403612
rc200t,0.1186563093458321
rc350,0.3130227483938745
rc350 awd gas coupe auto,0.47186755020404864
rc350 fsport,0.292910824679785
rcf,0.39642510808517506
rdx,0.15981770467557768
rdx 6-spd at awd,0.242393632065942
rdx a+spec,0.4121075599014101
rdx a-spec awd gas suv,0.464624833326599
rdx acurawatch plus pkg,0.2584649884843832
rdx advance pkg sport,0.35621750811886277
rdx awd,0.15824809660419176
rdx awd 4dr,0.0967917895672552
rdx awd advance,0.1918865408703381
rdx awd low miles,0.1716432987191401
rdx awd v6,0.292405753767829
rdx base,0.1090650127277869
rdx base 4dr suv,0.1716432987191401
rdx base awdsuv,0.1211766131964928
rdx base sh-awd awd,0.131237625762657
rdx base w/technology pack,0.0989130873974706
rdx fwd,0.3281142672431209
rdx fwd w/a-spec pkg sport,0.37160087276253584
rdx fwd w/advance pkg,0.3190734979191078
rdx fwd w/technology pkg,0.3433169016929976
rdx sh-awd,0.07197731894891372
rdx sh-awd a-spec pkg,0.37622227160693356
rdx sh-awd advance pkg,0.34988282354842615
rdx sh-awd sport utility,0.30471505342207184
rdx sh-awd technology pkg,0.3668350754394635
rdx sh-awd w/tech,0.08896751961118192
rdx shawd,0.1160854984039759
rdx sport utility 4d,0.22748134634562864
rdx tech,0.19354654060096702
rdx tech pkg,0.16172976685926702
rdx technology,0.16246363489433913
rdx technology and,0.26590813876584063
rdx technology awd,0.17921936239848069
rdx technology package,0.1259848882783142
rdx technology pkg sport,0.26793193747873273
rdx turbo,0.0746949371691785
rdx w/a-spec pkg,0.418289627863752
rdx w/advance 4dr suv,0.3029617358277102
rdx w/advance pkg,0.3837478281950786
rdx w/tech,0.18073457513434882
rdx w/tech awdsuv w/,0.1363287405551739
rdx w/techsuv w/,0.17841798321817715
rdx- awd,0.0908824598973696
rdxnsh/awd,0.0908723584791304
reaper,0.3888742979514323
reatta,0.061996732912729495
reatta convertible,0.0656289142995676
reatta coupe,0.0802759707462927
rebel,0.4569326033375085
refrigerator e350,0.0858317507778092
regal,0.08352712295274338
regal 2.5 i4 turbo,0.1261869166430966
regal 4dr sdn cxl rl1 (russelsheim) *ltd avail*,0.0257283122550406
regal cxl,0.07147931902972508
regal cxl eco,0.0807709402400097
regal cxl rl6,0.1201765727908198
regal grand nat,0.3916723908036688
regal grand sport,0.0030001212170188
regal gs,0.041631311702829694
regal gs sedan 4d,0.20908027709312604
regal limited,0.12926784920602846
regal ls,0.011401134052554267
regal ls 4dr sedan,0.0190411733807426
regal lse,0.0252232413430845
regal preferred,0.2006747747383732
regal preferred ii,0.21159609142456928
regal premium,0.10389477015906363
regal premium 1,0.0706291163279324
regal premium i,0.1060093337104529
regal premium ii,0.143359327649602
regal premium ii sedan 4d,0.205438484739728
regal premium iii,0.1152773849448462
regal sedan 4d,0.1751282880116368
regal sport touring,0.16942098670653355
regal sport touring sedan,0.1869080957427961
regal sportback,0.1997295706031412
regal sportback essence,0.23422158471049329
regal sportback gs,0.312982342720918
regal sportback preferred,0.20749874191427378
regal t,0.1210857004323407
regal tourx,0.2666067315851145
regal tourx essence wagon,0.2761813220114565
regal tourx preferred,0.2524041375409107
regal turbo,0.09326891995636186
regal turbo 2,0.0959331690169299
regal turbo premium 1,0.13522768596710974
regency,0.11866136005495165
relay,0.02900369711907545
relay 2,0.0479514323811063
relay 3,0.0252232413430845
relay 3mini van,0.0519919996767546
remeo,0.0100711139844034
rendevous,0.03176390965291525
rendezvous,0.025409691617088538
rendezvous cx,0.02824132063697292
rendezvous cxl,0.039212358748501576
rendezvous cxl awd,0.0393652268778536
rendezvous cxl awdsuv,0.0363348014061174
rendezvous cxl suv,0.0454260778213261
rendezvous suv,0.0166370358398319
renegade,0.17136106207819038
renegade ** backup camera,0.1565416784516546
renegade 4wd 4dr trailhawk,0.17295395773566602
renegade 4x4,0.1615620833164976
renegade 4x4 trailhawk,0.1262374237342922
renegade altitude,0.1599155521435209
renegade altitude 4x4 gas,0.23229221382682122
renegade altitude sport,0.19909109683443998
renegade bad credit,0.1615620833164976
renegade cj-5,0.1792698694896763
renegade deserthawk sport,0.2726574811103479
renegade latitude,0.1638603188919982
renegade latitude 4x4,0.15372590811749962
renegade latitude 4x4 gas,0.18524213876551338
renegade latitude automatic,0.1918966422885773
renegade latitude awd,0.1110347892844155
renegade latitude fwd,0.222150389914744
renegade latitude fwd gas,0.1716837043920966
renegade latitude fwd w/ bluetooth automatic,0.1868459331690169
renegade latitude sport,0.17895239634501822
renegade limited,0.17190151622287766
renegade limited 4x4,0.1615620833164976
renegade limited 4x4 gas,0.21576262034462357
renegade limited bad credit,0.1615620833164976
renegade limited heated le,0.1211362075235363
renegade limited sport,0.2161147925168693
renegade limitedsuv,0.1514808679138551
renegade sport,0.17062431815426882
renegade sport 4x4,0.1665799628267808
renegade sport 4x4 gas suv,0.22219079558770047
renegade sport suv 4d,0.18717316084255145
renegade suv,0.131237625762657
renegade trailhawk,0.17283358250164985
renegade trailhawk 4wd,0.151389955149703
renegade trailhawk 4x4,0.1836513596508949
renegade trailhawk 4x4 4dr,0.1817851226312174
renegade trailhawk 4x4 gas,0.2524950503050628
renegade trailhawk sport,0.193841165299608
renegade upland,0.1999373712069174
renegade upland edition,0.19059355933573074
renzendeous,0.0141116812800517
ridgeline,0.19859688143965407
ridgeline 4wd,0.1302779910299406
ridgeline 4x4,0.10603256697240289
ridgeline 4x4 rtl! local a,0.1408844801810174
ridgeline awd,0.3837225746494808
ridgeline awd rtl-e,0.2725766697644349
ridgeline black edition,0.3629995151319245
ridgeline rt,0.09502115525591218
ridgeline rtl,0.1401441056441971
ridgeline rtl 4wd,0.15993007293223963
ridgeline rtl 4x4,0.12925774778778937
ridgeline rtl 4x4crew,0.1605822457473029
ridgeline rtl awd,0.2726574811103479
ridgeline rtl pickup 4d 5,0.34715026040938196
ridgeline rtl with navi,0.1161057012404541
ridgeline rtl-e,0.332306355812356
ridgeline rtl-e awd,0.3787728797123116
ridgeline rtl-e crew cab,0.3838033859953937
ridgeline rtl-e pickup 4d,0.3700856600266677
ridgeline rtl-t awd,0.2676572790819831
ridgeline rtl-t crew cab,0.2853347610004444
ridgeline rtl-t pickup 4d,0.32303325386884313
ridgeline rts,0.1472753107869678
ridgeline rts 4wd,0.1403794092690613
ridgeline rts 4x4,0.0565275364661198
ridgeline rtx,0.1110347892844155
ridgeline rtx crew cab,0.0903521354398157
ridgeline sport,0.25650531334599375
ridgeline sport awd,0.3433674087841933
ridgeline sport pickup 4d,0.3029748597175484
rio,0.06716512317701129
rio - lx sedan 4 dr.,0.0504262798496909
rio 4dr sdn auto sx w/navigation,0.0705887106549759
rio 5,0.039314719786658
rio 5-door,0.14699078750656586
rio 5-door lx,0.0605276980888116
rio ex,0.05122990378960313
rio ex 1.6l,0.058547820113944
rio gdi,0.04896157420501834
rio grade,0.0757303325386884
rio lx,0.052632092879173524
rio lx 4d,0.0292638086387328
rio lx automatic,0.1201765727908198
rio lx hatchback,0.0378500141419855
rio lx sedan,0.0474463614691502
rio lx sedan 4d,0.08973763249693585
rio lxsedan,0.0393652268778536
rio lxsedan 4a,0.0373449432300295
rio s,0.16031960887308577
rio s hatchback 5d,0.1816942098670653
rio s sedan 4d,0.16185869768842812
rio sedan 4d,0.0302638490444058
rio sx,0.0802759707462927
rio sx 4 door,0.0191623903996121
rio5,0.059931714412703486
rio5 lx,0.0428754697159481
rio5 sx,0.0029496141258232
rio5 sx 5 speed,0.0027475857610408
rivera,0.04372567241774077
rivera sport,0.0302739504626449
riveria,0.0555274960604468
riviera,0.06261039407075608
riviera convertible,0.1201765727908198
riviera supercharged,0.0151016202674855
rl,0.05032169131930734
rl 3.5,0.03598125176774817
rl 3.5 5l awd rlx,0.0603761768152248
rl awd,0.081260859024607
rl sedan 4d,0.1614913733888237
rl sh-awd,0.06055126806470292
rl sh-awd w/navi,0.0706291163279324
rl sh-awd w/tech,0.1210857004323407
rlx,0.16560562161751033
rlx 4dr sdn,0.1463897531213382
rlx adance,0.1514909693320942
rlx base,0.1560467089579376
rlx sedan 4d,0.21991685410409395
rlx sport hybrid sh-awd,0.37362115641036
rlx tech pkg,0.2111398440341023
rlx technology,0.3433977130389106
rlx technology pkg sedan,0.2786678249626247
rlx w/technology pkg,0.3331952806173986
rma 1500 big horn,0.1469453311244898
rn5 pick up,0.005020404864843
rnger,0.0605782051800072
roadmaster,0.037046390202073204
roadmaster base,0.0504262798496909
roadmaster estate wagon,0.08191745121014986
roadmaster limited,0.02446563497515045
roadmaster sedan,0.0030001212170188
roadmaster wagon,0.04744636146915026
roadster,0.08562770212937895
roadster cooper s,0.1413390440017778
roadster cooper s 2d,0.16937047961533797
rogue,0.12447248718143986
rogue *star wars edition,0.2054022384742817
rogue 2017.5 awd s,0.1206008323568629
rogue 2017.5 awd sv,0.2221099842417875
rogue 360,0.0631035597397874
rogue awd,0.07803238127824633
rogue awd 4dr s,0.10303278246932533
rogue awd 4dr sl,0.1014434926663703
rogue awd 4dr sv,0.11261229409942485
rogue awd sv,0.19261539704789932
rogue economy suv,0.0625984888278314
rogue fwd 4dr s,0.0502242514849084
rogue fwd sl,0.2322922138268212
rogue s,0.12653347946718382
rogue s (2017.5) sport,0.18775506081053778
rogue s automatic,0.0100711139844034
rogue s awd,0.09513443544616516
rogue s awd 4dr,0.2322518081538647
rogue s awd gas suv auto,0.1918865408703381
rogue s awd--we finance!!,0.0555274960604468
rogue s crossover 4dr,0.0503858741767344
rogue s fwd,0.1261869166430966
rogue s fwd gas suv auto,0.1716837043920966
rogue s special edition,0.0706695220008889
rogue s sport,0.1767445149298961
rogue s sport utility,0.1413794496747343
rogue s sport utility 4d,0.19576137008154457
rogue s suv,0.11214215725887909
rogue s!,0.0524970705887106
rogue s**back up cam*fue,0.1851994019960402
rogue scrossover,0.1008929653723382
rogue select,0.09293080304030238
rogue select awd,0.0661339852115237
rogue select awd 4dr s,0.096357428582973
rogue select s,0.09335730736595417
rogue select s sport,0.14869624361927078
rogue sl,0.10762159221440401
rogue sl automatic,0.3331952806173986
rogue sl awd,0.07500419597373006
rogue sl awd hybrid,0.1706836639864236
rogue sl awd premium,0.1706836639864236
rogue sl awd! awd,0.18578023354478965
rogue sl sport utility 4d,0.2187327434105081
rogue special edition,0.0656289142995676
rogue sport,0.18854120769349664
rogue sport 2018.5 awd sl,0.225160612550002
rogue sport awd,0.0216877449593923
rogue sport s,0.1908696647676
rogue sport s utility 4d,0.20930475305399537
rogue sport sl,0.19689179360782244
rogue sport sl utility 4d,0.2483635702452624
rogue sport sv,0.13316447129176934
rogue sport sv utility 4d,0.18194674532304334
rogue sv,0.15284079019022626
rogue sv (2017.5) sport,0.1978564790496585
rogue sv (2017.5) sport utility 4d automatic,0.2288678330437593
rogue sv 2.5l awd,0.19391692593640142
rogue sv awd,0.13919972742551426
rogue sv awd cvt,0.2069982625560628
rogue sv awd gas suv auto,0.2460668750619859
rogue sv awd sl package,0.1008626611176209
rogue sv fwd cvt,0.0777506161865125
rogue sv low miles nice,0.15399359570083634
rogue sv premium,0.1413693482564952
rogue sv sport,0.13532870014950094
rogue sv sport utility 4,0.1917754252697078
rogue sv sport utility 4d,0.19145891416488203
rogue sv suv,0.1009333710452947
rogue sv w/sl awd,0.0625883874095923
rogue sv*,0.2155036567134025
rogue sv**2.5l*back up c,0.2155036567134025
rogue+sport,0.1463897531213382
romeo,0.0252232413430845
romeo 164,0.0484565032930623
romeo giulia,0.27546598148440643
romeo giulia (952),0.26375668858193396
romeo giulia q4 awd gas,0.2827993050224251
romeo giulia quadrifoglio,0.48429734534728675
romeo giulia sedan 4d,0.2942019387253062
romeo giulia sport,0.279273910056972
romeo giulia sport sedan 4d,0.2911935835791345
romeo giulia ti,0.2589639985453957
romeo giulia ti awd,0.2271505919431088
romeo giulia ti q4 awd gas,0.2929007232615459
romeo giulia ti sedan 4d,0.27919257396205954
romeo giulia ti sport,0.3635197381712392
romeo giulia ti sport sedan,0.3254037200156235
romeo spider,0.12270192735059997
romeo spider graduate,0.08330639621802897
romeo spider veloce,0.09643823992888596
romeo spider veloce 2.0,0.0494666451169744
romeo spider veloce 2000,0.0403753687017657
romeo stelvio,0.2852222276569033
romeo stelvio awd,0.2371139574662949
romeo stelvio base,0.2522728191038021
romeo stelvio sport,0.2726574811103479
romeo stelvio sport awd 4dr,0.2676572790819831
romeo stelvio sport suv 4d,0.294118184669318
romeo stelvio sport utility,0.294108564270995
romeo stelvio ti,0.29417350195967507
romeo stelvio ti lusso,0.3938239928886015
romeo stelvio ti sport,0.2940851625606258
romeo stelvio ti sport suv,0.3252185273479063
romero spider,0.1908865004646652
rondo,0.0290018451923983
rondo ex,0.0340619823023152
rondo lx,0.03706982813328164
roque,0.0903773889854135
rouge,0.0815184451897046
rouge awd,0.09331690169299767
rouge s,0.10146369550284855
rouge select,0.1009838781364903
rouge sl,0.041865327892035994
rouge sl awd,0.15044042183522563
rouge sv,0.16459250878823378
rouge sv awd,0.0413855105256778
routan,0.05417602026673378
routan s,0.0353246595822053
routan se,0.059311487332821475
routan se minivan,0.0403753687017657
routan se van,0.05552749606044685
routan sel,0.06280051719261379
routan sel premium,0.0457796274596953
routan semini van,0.0605276980888116
routan smini van,0.0555274960604468
routen,0.0726999070669522
rs 3,0.5403854701200049
rs 330,0.0807810416582488
rs 4,0.31881759532371673
rs 5,0.504683690923539
rs 5 coupe 2d,0.3695805891147117
rs 5 hatchback sedan 4d,0.6968665400622248
rs 7,0.5083707085808181
rs3,0.7979716352175846
rs5,0.359395473410181
rs5 coupe,0.828195078589034
rs6,0.21702392015839014
rs6 quattro awd twin turbo,0.1908865004646652
rs7,0.6225504060770133
rs7 4.0t quattro prestige,0.7474746454402199
rsx,0.03434457563695597
rsx base,0.0504262798496909
rsx coupe 2.0l automatic leather moon sport wheels,0.0706291163279324
rsx integra civic ek si,0.0252232413430845
rsx leather,0.020162430805285
rsx type s,0.0959331690169299
rsx type-s,0.07065436987353024
rubicom,0.1898763586407531
rubicon,0.18712652812010358
rubicon 4wd 6 spd.,0.2100791951189947
rubicon 4wd 6spd,0.2100791951189947
rubicon 4wd manual,0.2100791951189947
rubicon recon edition,0.4747363529839589
rumblebee,0.2312921734211483
rv-v,0.0706291163279324
rv4,0.057850822255444634
rvr outlander sport a,0.0706291163279324
rwd pick up truck,0.0201725322235241
rx,0.1677798329054553
rx 300,0.03365846672015603
rx 300 4wd 4-speed automatic,0.0499717160289304
rx 300 awd,0.045183643783587156
rx 300 base 4dr suv,0.05543658329629475
rx 300 luxury suv,0.06324260279084355
"rx 300 | low miles, 27",0.0777001090953169
rx 330,0.07523566014550791
rx 330 4wd,0.0706695220008889
rx 330 4wd 5-speed automatic,0.0757303325386884
rx 330 4x4 with premium,0.0857105337589397
rx 330 awd,0.06529430482039672
rx 330 awd 5-speed automatic,0.070174552507172
rx 330 base,0.0806598246393793
rx 330 base 4dr suv,0.0604872924158551
rx 330 base awdsuv,0.0898723180734575
rx 350,0.16915188575603582
"rx 350 ** awd,",0.1343185583255889
rx 350 4d sport utility automatic,0.1198836316618853
rx 350 4dr,0.1715927916279445
rx 350 4wd,0.1483696310962059
rx 350 4x2 with navigation,0.1544001777849609
rx 350 4x4 with navigation,0.15421651563515879
rx 350 awd,0.13636626010863348
rx 350 awd 4dr,0.0807305345670532
rx 350 awd 5-speed automatic,0.0782556870984686
rx 350 awd 6-speed automatic,0.2522021091761283
rx 350 awd with navigation,0.1917754252697078
rx 350 base,0.3433371045294759
rx 350 base 4dr suv,0.1867954260778213
rx 350 base awdsuv,0.0999737363125782
rx 350 f sport,0.2745893773485797
rx 350 f sport suv 4d,0.3898676040782792
rx 350 f spport,0.1800274758576104
rx 350 fwd,0.1514909693320942
rx 350 fwd 4dr,0.2019475534365024
rx 350 l,0.37826780880035554
rx 350 low miles,0.1605822457473029
rx 350 low miles nice,0.46966544102792024
rx 350 premium,0.0948725201018223
rx 350 rx350,0.0807507374035314
rx 350 sport,0.0651238433876116
rx 350 sport utility,0.3919047234231686
rx 350 sport utility 4d,0.31560876026221135
rx 350 suv,0.1555315366277425
rx 350l,0.44345731140652145
rx 350l sport utility 4d,0.3987654974866579
rx 400h,0.08521484273534859
rx 400h awd,0.0832811426724312
rx 400h awd 4dr hybrid,0.0509313507616469
rx 400h base awd,0.0696694815952159
rx 400h base awdsuv,0.0635581235605479
rx 400h basesuv,0.10093337104529469
rx 400h fwd cvt,0.0600731342680512
rx 400h hybrid,0.0555274960604468
rx 400h hybrid 2wd,0.0645884682209382
rx 450 hybrid,0.111075194957372
rx 450h,0.22637261714167614
rx 450h awd,0.3110933775102024
rx 450h awd 4dr,0.15772017724621865
rx 450h f sport,0.464624833326599
rx 450h f sport suv 4d,0.5352438482362925
rx 450h sport utility,0.239878378924401
rx 450h sport utility 4d,0.3698499602677549
rx 450hl,0.4039052082912441
rx 8,0.0623459533718534
rx base,0.0987312618691664
rx rx 350 automatic,0.4190219806860883
rx rx 350 awd,0.2504343609842822
rx& gls sport,0.0605782051800072
rx-300,0.045415976403087
rx-330,0.0656036607539698
rx-330 awd,0.0590629924441391
rx-350,0.0959331690169299
rx-7,0.07950573760555978
rx-8,0.05680700903740213
rx-8 gt,0.110075154551699
rx-8 sport,0.0898723180734575
rx30,0.058052850620227
rx300,0.03605522021743463
rx300 awd,0.024718170431128474
rx300 suv,0.046426118226999
rx330,0.06533892968328847
rx330 awd,0.07231184424959926
rx330 rx 330,0.0807507374035314
rx350,0.15072698312106175
rx350 awd,0.14696514544488196
rx350 awd gas suv auto,0.2979514323811063
rx350 awd rx 350,0.0651238433876116
rx350 awd suv,0.0959331690169299
rx350 f sport,0.2322518081538647
rx350 f sport awd,0.2120994787668188
rx350 l awd gas suv auto,0.532410400420219
rx350 navigation,0.0807305345670532
rx350 sport,0.1333084165016768
rx350 suv,0.070174552507172
rx350 suv awd,0.110075154551699
rx400h,0.07172963926240504
rx400h awd hybrid,0.07375334068331763
rx400h hybrid,0.04641096609964035
rx450h,0.18998073996255738
rx7,0.0994055315366277
rx8,0.047598918785633354
rx8 grand touring,0.1413794496747343
rxs,0.1474504020364459
s,0.33973202059791413
s 10,0.0405647702937492
s 10 4 x 4,0.0196674613115681
s 2000,0.1464402602125338
s 350,0.0196674613115681
s 40,0.0403248616105701
s 430 4matic,0.0706695220008889
s 450,0.6252474847468585
s 500,0.0530021415006666
s 550,0.3281054285021617
s 550 4matic,0.1413390440017778
s 550 sedan,0.4205775990949129
s 560,0.9363711665117784
s 60,0.045011919673522124
s 60 2.5t,0.0353246595822053
s 63 amg,0.760943203092381
s 80,0.046712325077107465
s 80 t6,0.0423956523495898
s 85,0.29593788301210816
s 90d,0.44265677401107106
s class,0.0999737363125782
s model 90d,0.4444320982665966
s p100d,0.7272718089619783
s p85,0.3939250070709927
s p85+,0.28786011556022456
s p85d,0.39392500707099276
s p90d,0.17320901854620385
s sport cayenne,0.0903773889854135
s truck,0.0366681482080084
s type,0.04113297506969974
s type r,0.1110852963756111
s-10,0.05151457475155824
s-10 base 2dr standar,0.0604872924158551
s-10 blazer,0.02194028041537025
"s-10 ext cab 123"" wb ls",0.0494060366075397
s-10 extreme,0.0504767869408865
s-10 ls,0.043540479750023564
s-10 pickup,0.03207044884486393
s-10 sport 283 high performance,0.1918461351973817
s-550 amg,0.1009333710452947
s-60 t5,0.09037738898541352
s-clas,0.4848276698048406
s-class,0.3619104160198775
s-class amg s 65,0.9999191886540872
s-class s,0.16494942556601608
s-class s 430,0.0292638086387328
s-class s 450,0.6120146268536104
s-class s 550,0.3586308201004754
s-class s 550 4dr,0.4429168855307285
s-class s550,0.1413895510929734
s-class s550 sedan,0.1597404608940428
s-class s600,0.2727079882015434
s-series sc2 3dr coupe,0.0171421067517879
s-series sl1,0.0100509111479251
s-type,0.04753993250125997
s-type 3.0,0.0252232413430845
s-type 4.0,0.111075194957372
s-type r,0.09037738898541352
s10,0.03655983855688891
s10 1999,0.005020404864843
s10 4x4,0.01512182310396375
s10 blazer,0.03458052177192339
s10 blazer 4x4,0.0225126941155871
s10 blazer ls,0.0403248616105701
s10 blazer xtreme,0.0757303325386884
s10 ext. cab,0.0398702977898096
s10 extcab,0.1110852963756111
s10 extended cab,0.0503757727584952
s10 extreme,0.0499717160289304
s10 ls,0.031429721066170986
s10 ls zr2,0.0706291163279324
s10 pickup,0.03483383001399622
s10 truck,0.03118105782051796
s10 xtra cab 4x4,0.0251727342518889
s10 xtreme,0.10754979999191878
s10 zr2,0.031789163198513
s10 zr5,0.022697886783304297
s15 jimmy,0.005020404864843
s15 p/u,0.0353246595822053
s1700,0.0807305345670532
s2000,0.23137096448341343
s2000 convertible 6 speed,0.22755176255317672
s2000 rwd gas convertible,0.4949391894622004
s3,0.27959715544062386
s3 2.0t quattro,0.1201765727908198
s3 2.0t quattro prestige,0.292405753767829
s3 premium plus sedan 4d,0.33831011178317255
s3 prestige sedan 4d,0.29584023596913
s3 tfsi premium plus sedan,0.4301890985494363
s320,0.09424398741138809
s350,0.0908824598973696
s4,0.20525906770643929
s4 3.0t premium plus,0.16358489231888154
s4 3.0t quattro premium pl,0.1817043112853044
s4 3.0t quattro premium plus,0.31306315406683094
s4 4dr sdn quattro awd man,0.1302779910299406
s4 avant,0.05552749606044685
s4 cabriolet,0.07064931916441064
s4 convertible,0.1413895510929734
s4 premium plus sedan 4d,0.3815930864801526
s4 prestige,0.26998733955580695
s4 prestige quattro,0.1863408622570608
s4 prestige sedan 4d,0.38768831662483927
s4 quattro,0.13344822013010624
s4 quattro cab.,0.0752252616267323
s4 quattro cabriolet,0.1565214756151763
s4 quattro premium plus,0.4545234150874783
s4 quattro prestige awd,0.1807850822255444
s40,0.04385541952312323
s40 1.9t,0.0302638490444058
s40 2.4i,0.0330169446699407
s40 2.4i 4dr sedan,0.04514828881975025
s40 2.4i sedan,0.0353145581639662
s40 2.4isedan,0.0343145177582932
s40 2004.5 2.4i,0.0484565032930623
s40 328i tsx c250 jetta,0.0403652672835266
s40 4d sedan,0.0600731342680512
s40 awd,0.0504666855226473
s40 t5,0.03762904561800472
s40 t5 awd,0.0501989979393106
s40 t5turbo sedan,0.0398702977898096
s400,0.136338841973413
s400 hybrid,0.0656289142995676
s420,0.045415976403087
s430,0.0407974636781861
s430 4.3l,0.0302739504626449
s430 4matic,0.0277485959028647
s430 matic,0.0595680633560952
s430 sedan,0.0585579215321831
s450,0.5656491171360459
s5,0.2067301158173516
s5 2dr cpe auto,0.1514404622408986
s5 2dr cpe man prestige,0.1716837043920966
s5 3.0t premium plus,0.4589983433674088
s5 3.0t quattro,0.4393308820558406
s5 3.0t quattro premium,0.2622328174875752
s5 coupe,0.4083498323164572
s5 coupe premium plus,0.32798799951513186
s5 premium plus convertible,0.3594791708755909
s5 premium plus coupe 2d,0.3613721925613474
s5 premium plus quattro,0.22513030829528463
s5 premium plus sedan 4d,0.3943357980793836
s5 prestige,0.11017818901773806
s5 prestige convertible 2d,0.2985356310692688
s5 prestige coupe 2d,0.3968203686359363
s5 prestige sedan 4d,0.4054406238635904
s5 quattro,0.1060244858378116
s5 quattro 2dr coupe 6a,0.1716028930461836
s5 quattro cabriolet,0.1868257303325387
s5 quattro coupe 2d,0.21678334690822165
s5 quattro coupe v8 4.2l 6 speed manual leather moon,0.131237625762657
s5 quattro premium plus,0.2312921734211483
s5 quattro prestige,0.1807850822255444
s5 sport coupe,0.1302779910299406
s5 sportback,0.46684714533920557
s500,0.042165564489698756
s500 4matic,0.0706695220008889
s500 5.0l,0.0705786092367368
s500 amg,0.0686593397713039
s500 class w140,0.1009333710452947
s550,0.2090602987326087
s550 4 matic,0.1504808275081821
s550 4matic,0.11714614731908357
s550 convertible,0.8585902460705483
s550 edition 1,0.4948886823710048
s550 rwd gas sedan,0.2827993050224251
s6,0.27025996174000755
s6 4.0 prestige quattro s t,0.2621014990504667
s6 4.0t quattro,0.2827993050224251
s6 avant,0.05535913908979484
s6 prestige quattro awd,0.2621014990504667
s6 quattro,0.242393632065942
s60,0.08908482659679108
s60 2.4t,0.0322639298557517
s60 2.5 t,0.0363348014061174
s60 2.5t,0.03160733767020885
s60 2.5t awd,0.037089882419491675
s60 2.5t nice!,0.0242130995191724
s60 4dr,0.1413895510929734
s60 4dr sdn t5 drive-e pr,0.1917956281061861
s60 all wheel drive,0.0585074144409875
s60 awd,0.0221928158713483
s60 cross country,0.2817790617802739
s60 cross country t5 awd,0.1817447169582609
s60 dynamic,0.1461372176653602
s60 fwd 4dr sdn t5,0.0907915471332175
s60 inscription,0.18134931858718675
s60 inscription platinum,0.1795426077821326
s60 inscription t5 drive-e,0.1711887348983797
s60 l,0.1714412703543577
"s60 platinum 53,000 miles",0.15933977130389096
s60 r,0.0504498498255821
s60 r base,0.1918865408703381
s60 t5,0.08517076667129278
s60 t5 4dr sedan,0.0600731342680512
s60 t5 awd,0.12618691664309664
s60 t5 cross country,0.2180593155279001
s60 t5 drive e,0.1211766131964928
s60 t5 drive-e,0.090831952806174
s60 t5 drive-e premier,0.0787607580104246
s60 t5 dynamic,0.1272475655582043
s60 t5 dynamic sedan 4d,0.21149339367247158
s60 t5 inscription,0.22548268335013763
s60 t5 inscription premier,0.1917956281061861
s60 t5 inscription sedan,0.2469044764996116
s60 t5 momentum sedan 4d,0.2908997241394509
s60 t5 premier,0.11105162498148069
s60 t5 premier plus sedan,0.1473493878540547
s60 t5 premier sedan,0.0867105741646127
s60 t5 premier sedan 4d,0.16965225601885026
s60 t5 sedan 4d,0.14766020072295066
s60 t6,0.09221247996552047
s60 t6 awd 6-speed automatic,0.0898723180734575
s60 t6 inscription sedan,0.35510188963863865
s60 t6 momentum sedan 4d,0.2898916230060922
s60 t6 premier plus,0.222150389914744
s60 t6 premier plus sedan,0.1372479696149339
s60 t6 r design,0.0807810416582488
s60 t6 r-design sedan 4d,0.3544664370125686
s60 t8 r-design sedan 4d,0.39180370924077734
s600,0.08583175077780915
s60r,0.030779021374600948
s60r awd,0.0201725322235241
s63,0.5603509232696271
s63 amg,0.3075578811265101
s65 amg,0.38098509030667904
s7,0.43362021361132436
s7 4.0t,0.4443108812477271
s7 4.0t quattro 2-owner,0.3131035597397875
s7 4.0t quattro premium plus,0.4432502323326195
s7 premium plus,0.5756293183562973
s7 prestige sedan 4d,0.3905739713681887
s7 sedan 4d,0.4301890985494363
s70,0.013256250651275605
s70 glt,0.006535617600711051
s70 se,0.0151218231039637
s70 t5,0.005020404864843
s8,0.1944459877166754
s8 4.0t quattro,0.605802254636551
s8 plus,0.7474241383490242
s8 plus awd,0.7474241383490242
s8 quattro,0.1918461351973817
s8 v10 quattro,0.0797708998343367
s80,0.04742127443044647
s80 2.5t,0.02724352499090864
s80 2.9,0.0267384540789526
s80 2.9l twin turbo,0.054675609788947636
s80 3.2,0.04968348889517418
s80 awd,0.0333043759343811
s80 t6,0.05697312124844546
s80 t6 awd,0.052480234891645404
s80 v8,0.05838956456153107
s80-6 cyl. 3.2,0.0403248616105701
s90,0.32375920912629463
s90 t5 momentum sedan 4d,0.2943105926357774
s90 t6 all wheel drive certified,0.3209624631298234
s90 t6 inscription,0.272505959836761
s90 t6 inscription sedan,0.3248235359936842
s90 t6 momentum sedan 4d,0.28573881773000925
s90 t8 inscription,0.3636207523536304
sable,0.021642625291257503
sable base,0.03362004525435367
sable gs,0.0318447209988282
sable ls,0.018612199819521297
sable ls 2000,0.005020404864843
sable ls 4dr sedan,0.0302739504626449
sable ls premium,0.016958444601985718
sable premier,0.04042587579296129
sable sdn ls premium,0.0201321265505677
sable wagon,0.0118388621762495
sable wagon ls,0.0297688795506889
sable wagon ls premium,0.0302234433714493
sable wagon premium,0.0302234433714493
sabre 1300,0.0322942341104691
safari,0.04177694048244369
safari awd,0.0494666451169744
safari awd van,0.0403248616105701
safari cargo,0.075654571901895
safari cargo van,0.0120913976322275
safari passenger,0.03490444058345788
safari slt,0.0136066103680956
safari van,0.02267263323770655
sahara,0.2676572790819831
salara sle,0.0191118833084165
sanata fe,0.0363348014061174
sand rail,0.0019394723019111
sandrail,0.2676572790819831
sanoma,0.0383550850539415
santa fe,0.10419586901417263
santa fe 2.0t limited,0.3545406997364652
santa fe 2.0t sel sport,0.29021230295019135
santa fe 2.0t sport,0.116014788476302
santa fe 2.0t ultimate,0.3180633560951957
santa fe 2.4 limited,0.3130126469756353
santa fe 2.4 se sport,0.22728234957231475
santa fe 2.4 sel plus,0.2524041375409107
santa fe 2.4 sel sport,0.25085007319643055
santa fe 2.4 ultimate,0.3006664691278211
santa fe 4wd,0.0504161784314517
santa fe 4x4 gls,0.0807305345670532
santa fe awd,0.05713235888318716
santa fe awd 4dr i4 auto gls,0.1008525596993818
santa fe awd 4dr limited,0.1615418804800193
santa fe awdlimited,0.1817447169582609
santa fe awdsport,0.1211362075235363
santa fe fwd,0.0350721241262273
santa fe gls,0.06140733610611829
santa fe gls 2.7l,0.0231524506040648
santa fe gls 4d sport utility automatic,0.1232777081902299
santa fe gls 4dr suv,0.0705887106549759
santa fe gls awd,0.07308982181098223
santa fe gls sport util,0.1210654975958624
santa fe limited,0.14317162493250413
santa fe limited awd,0.08574420515307013
santa fe limited edition,0.0605276980888116
santa fe limited sport,0.031284092286557
santa fe lx,0.0252232413430845
santa fe se,0.1439748828235484
santa fe se 2.4l auto fwd,0.2266455210311527
santa fe se automatic,0.0747201907147763
santa fe se awd,0.08334102965199165
"santa fe se awd, w/ lane keeping assist",0.2221907955877005
santa fe se sport,0.24558568022950417
santa fe se sport utility 4d automatic,0.1918057295244252
santa fe sel,0.29784789284415525
santa fe sel awd gas suv,0.2929007232615459
santa fe sesuv,0.0908723584791304
santa fe sesuv 6a,0.0858317507778092
santa fe sport,0.14640594438980759
santa fe sport 2.0l,0.2513333872075639
santa fe sport 2.0t,0.17581855159131005
santa fe sport 2.0t auto awd,0.21907955877005125
santa fe sport 2.4,0.16659258959957973
santa fe sport 2.4 base,0.148965614772314
santa fe sport 2.4l,0.18038809648874699
santa fe sport 2.4l auto,0.2089478362762131
santa fe sport 2.4l auto awd,0.2019879591094589
santa fe sport 2.4l awd,0.1615418804800193
santa fe sport 2.4lsuv,0.1268435088286395
santa fe sport awd,0.10539651433727958
santa fe sport awd gas,0.2484544830094145
santa fe sport sport,0.1312053012242918
santa fe sport utility,0.17762803334207836
santa fe suv,0.06149137338882375
santa fe ultimate 2.0,0.2827993050224251
santa fe xl,0.3532667986585316
santa fe xl limited,0.3493777526364701
santa fe xl se sport,0.282708392258273
santafe,0.0646187724756555
sante fe,0.08644216505140175
sante fe - se,0.0221928158713483
sante fe limited,0.0706291163279324
sante fe limited awd,0.0595680633560952
sante fe se,0.126136409551901
sante fe se awd,0.1211766131964928
sante fe sel,0.3128813285385268
sante fe sport,0.1706836639864236
sante fe sport 2.0t,0.1310558002343529
sante fe sport popular,0.0898723180734575
savana,0.2059584165616852
savana - collins body,0.0605276980888116
savana 12 passenger,0.367095640227888
savana 1500,0.0292638086387328
savana 1500 awd,0.292910824679785
savana 1500 high top,0.1110852963756111
savana 1500 passenger,0.0805285062022708
savana 16 box truck,0.1110549921208937
savana 2500,0.17695569770495775
savana 2500 cargo,0.20576083882177054
savana 2500 cargo van,0.25903066790577395
savana 2500 cargo van 3d,0.3695805891147117
savana 2500 extended reefer cargo van,0.090831952806174
savana 2500 extrnded,0.0797708998343367
savana 2500 work van cargo,0.3042345145258394
savana 3500,0.07250409495954767
savana 3500 12 pass,0.3771970584670087
savana 3500 16' box truck,0.1615418804800193
savana 3500 box 16',0.2524546446321063
savana 3500 box truck,0.12657413767559625
savana 3500 box van,0.1403794092690613
savana 3500 cargo,0.171461473190836
savana 3500 cargo van,0.1310861044890702
savana 3500 dual wheels,0.0908824598973696
savana arboc shuttle bus,0.2171501878863792
savana box truck,0.4381389147036243
savana cargo,0.25388336397430195
savana cargo 2500,0.19641197624146425
savana cargo 2500 3dr,0.1009333710452947
savana cargo 3500,0.0706695220008889
savana cargo van,0.23077830449975817
savana cargo van hd 2500,0.3020021010949937
savana commercial cutaway,0.30039072285748913
savana conversion van,0.0605276980888116
savana cutaway,0.20678028458353445
savana g 3500,0.0732049779789082
savana g2500,0.15645581639662204
savana g2500 4.8l,0.1807850822255444
savana g2500 6.0l,0.22927188977332413
savana g2500 6.5l turbocharged diesel,0.0706291163279324
savana g2500 cargo,0.110075154551699
savana g2500 extended cargo,0.1201765727908198
savana g3500,0.13655209413623892
savana g3500 16' box truck,0.1060345872560507
savana g3500 cargo ext,0.1767445149298961
savana lt 3500,0.2070487696472584
savana passenger,0.2133331986477568
savana passenger 2500,0.0504666855226473
savana van,0.2777586973211038
savana2500 cargo van,0.0696694815952159
savanah 2500,0.090831952806174
savanna,0.11133783183158913
savanna 2500,0.1262374237342922
savanna 2500 van,0.2878601155602246
savanna 3500,0.10670801513865874
savanna dumptruck,0.1514909693320942
savanna explorer,0.4898884803426401
savanna extended cargo van,0.0898723180734575
savanna g3500,0.1160854984039759
savanna van,0.4898884803426401
savannah,0.0403753687017657
savannah 3500,0.0954280981049739
savannah van,0.0398702977898096
savavna,0.3129116327932442
saville,0.0454260778213261
sayon,0.0034041779465837
sc,0.20130533634614606
sc 3dr,0.0090609721604913
sc 400,0.07550204048648425
sc 400 coupe v8 automatic heated leather super clean,0.1211362075235363
sc 430,0.17769251772645844
sc 430 convertible,0.1333423939993902
sc1,0.02213220736191355
sc2,0.030846364162861753
sc2 coupe,0.03428926421269545
sc300,0.06392544786015225
sc400,0.07623448513989545
sc430,0.14143772708765232
sc430 conv.,0.14947068568427
sc430 convertible,0.12256555820437184
school bus,0.026906811049604632
scion,0.03794597761525715
scion fr-s,0.13751628853691053
scion ia,0.0676491979473918
scion im,0.1211362075235363
scion iq,0.06986357313138188
scion tc,0.053313075780839575
scion tc 2.4 dohc,0.0338094468463372
scion tc spec,0.0262333831669966
scion tcscion,0.0353246595822053
scion wheelchair van,0.1767445149298961
scion xa,0.014840426453016793
scion xa hatchback,0.0343145177582932
scion xb,0.0507572498472903
scion xb hatchback,0.0605276980888116
scion xb rs,0.0393652268778536
scion xd,0.048750632824142597
sclass,0.0868418926017212
scottsdale,0.08077094024000964
scrambler,0.2588707287836545
scrambler cj8,0.136338841973413
sea breeze camper tacoma,0.1918865408703381
seabring convertible,0.0100711139844034
sebring,0.03195595405781013
sebring 2005,0.0080508303365792
sebring 2d convertible,0.0302234433714493
sebring 4dr sedan lx f,0.0302638490444058
sebring conv,0.0262081296213988
sebring conv touring,0.0403652672835266
sebring conv.,0.02974362600509105
sebring convertible,0.02720352337468175
sebring convertible gtc,0.054936563093458304
sebring convertible to,0.0352741524910097
sebring coupe,0.0181522485757
sebring jx,0.03024364620792755
sebring jx 2dr,0.0262333831669966
sebring jxi,0.020162430805285
sebring jxi convertible,0.01890985494363405
sebring limited,0.05017607549022955
sebring lx,0.04371893813891466
sebring lx convertible,0.0402743545193745
sebring lxi,0.03479072747528036
sebring lxi convertible,0.01509656955836595
sebring sdn,0.0226473796921087
sebring sedan touring,0.0271930178997131
sebring tour.,0.0272435249909087
sebring touring,0.037486924275279304
sedan,0.040143036082265895
sedan deville,0.034024462748855615
sedan police interceptor,0.08376096003878941
sedona,0.08282617103043748
sedona ex,0.05756509642525236
sedona exmini van,0.0161319649278758
sedona l,0.1457836680269909
sedona lx,0.0731376351906474
sedona lx 3.3l v6,0.0605276980888116
sedona lx automatic,0.06549759586245904
sedona lx minivan 4d,0.10800234352903142
sedona lx van,0.0302739504626449
sedona lxmini van,0.0262333831669966
sedona minivan,0.044415935997414
sedona sel,0.0131015394561396
sedona sx,0.14896561477231401
sedona sx limited,0.188487413632874
sedona sx minivan 4d,0.22883416164962886
sedona sxl,0.1666430966907753
sedona van,0.0237080286072164
sedona+,0.0252232413430845
seentra,0.1513697523132247
seinna,0.0181522485757
seirra,0.08517010788314676
seirra 1500,0.0595680633560952
seirra 1500 crew slt,0.2110893369429067
seltos,0.24366136005495168
semi,0.2928603175885894
sensing sedan cvt,0.2120489716756232
senta,0.0302234433714493
sentra,0.08221772766802997
"sentra ""special edition""",0.0247181704311285
sentra 1.8,0.0221928158713483
sentra 1.8 l,0.0019899793931067
sentra 1.8 s,0.031453796112974206
sentra 1.8l,0.0100711139844034
sentra 1.8l i4 auto137k miles 32mpg,0.0403248616105701
sentra 1.8s,0.0151218231039637
sentra 2.0,0.03596609964038947
sentra 2.0 s,0.038056174905138435
sentra 2.0 sl,0.05010640160545204
sentra 2.0 sl cvt,0.0454260778213261
sentra 2.0 sr,0.06049739383409426
sentra 2.0 srsedan,0.0631035597397874
sentra 2.0 ssedan,0.0484565032930623
sentra 4dr sdn i4 auto 1.8 s,0.0429007232615459
sentra 4dr sdn i4 cvt 2.0,0.0605681037617681
sentra 4dr sdn i4 cvt fe+ s,0.1210958018505798
sentra 4dr sport /only 8k miles,0.111075194957372
sentra fe+,0.0251727342518889
sentra fe+ s,0.08987231807345748
sentra fe+s,0.0504666855226473
sentra gxe,0.023328383638396108
sentra midnight edition,0.0898723180734575
sentra nismo,0.13628833488221742
sentra s,0.097837114562177
sentra s cvt,0.13883389227847584
sentra s fwd gas sedan,0.1716837043920966
sentra s sedan,0.04896157420501835
sentra s sedan 4d,0.11036967783047819
sentra s18,0.0110812558083154
sentra se,0.029743626005091048
sentra se-r spec v,0.03835171791452854
sentra sedan,0.022331710372136188
sentra sedan 4d,0.0504262798496909
sentra ser,0.018657319487655998
sentra ser spec v,0.0272409996363489
sentra sl,0.0809062114059944
sentra sl cvt,0.1663198513071235
sentra sl navigation,0.090831952806174
sentra sl sedan 4d,0.11573396904925445
sentra special edition,0.029263808638732826
sentra spl,0.0676491979473918
sentra sr,0.10314478937156499
sentra sr 4dr,0.0594670491737039
sentra sr corolla,0.0959331690169299
sentra sr cvt,0.1308638732878096
sentra sr sedan,0.0694674532304335
sentra sr sel civic,0.0959331690169299
sentra sr turbo sedan,0.1615418804800193
sentra sr turbo sedan 4d,0.16755222433229622
sentra srsedan,0.111075194957372
sentra sv,0.09687973132604284
sentra sv 1-owner,0.0807305345670532
sentra sv 4dr sedan,0.10012525758616507
sentra sv automatic,0.1481137285008148
sentra sv cvt,0.11475463655097172
sentra sv fwd gas sedan,0.1312780314356135
sentra sv sedan,0.13276799062588385
sentra sv sedan 4d,0.11180186573194872
sentra sv special edition,0.1310861044890702
sentra svsedan,0.0807709402400097
sentra xe,0.0196674613115681
sephia,0.0095660430724473
sequia,0.021687744959392248
sequioa,0.0784173097902945
sequioa sr5,0.0858317507778092
sequoia,0.14325050170377251
sequoia 4dr sr5 4wd (natl),0.0504262798496909
sequoia 4wd,0.0403652672835266
sequoia 4wd 5.7l ffv limited (natl),0.3332659905450725
sequoia 4wd platinum,0.41362277263727815
sequoia 4x4,0.0916400662653036
sequoia limited,0.1452379618643912
sequoia limited 2wd,0.090831952806174
sequoia limited 4wd,0.08686025881670147
sequoia limited 4x4,0.1767142106751787
sequoia limited 4x4 gas,0.0716645116974423
"sequoia limited local oregon rust free* new bilstein lift*new 35"" mastercraft tires* new oem trd wheels* new tiger xl basket* chrome delete pkg* color matched door handles and grill",0.2524748474685845
sequoia limited sport,0.40123169959729005
sequoia platinum,0.2315447088771263
sequoia platinum 4wd 1 owner,0.222150389914744
sequoia platinum 4x4,0.3013707624550487
sequoia platinum sport,0.3837225746494808
sequoia sr5,0.09417162345031836
sequoia sr5 $wd,0.070679623419128
sequoia sr5 4x2,0.0857711422683744
sequoia sr5 4x2 4dr suv,0.151389955149703
sequoia sr5 4x4,0.04577962745969532
sequoia sr5 5.7l 4wd,0.1161360054951715
sequoia sr5 platinum,0.022927464470557046
sequoia sr5 sport utility,0.3261751010447927
"sequoia sr5 trd build out*1-owner*full new build*bilstein lift*35""master craft mxt tires*new 18""black rhino wheels*chrome delete pkg*custom painted 2-tone bumpers*8-pass seating*",0.4949088852074831
sequoia srs,0.0605681037617681
sequoia trd sport,0.5764212695462444
sequoia trd sport suv 4d,0.4200876803103155
sera,0.0987615661238838
serbing lx,0.0090609721604913
serbring convt,0.0403248616105701
serie 1,0.0858317507778092
series 5 535i,0.0959331690169299
series iii,0.1009838781364903
serria,0.123206998262556
serria 4x4,0.1009333710452947
sevana (custom),0.1413895510929734
sevanna van,0.1312881328538526
sevile sls,0.04492100690937
seville,0.04376531283173972
seville sedan,0.0858317507778092
seville sls,0.030873722170592706
seville sls 1997,0.005020404864843
seville slssedan,0.0242130995191724
seville sts,0.02450604064810694
seville sts v8,0.0908723584791304
shadow,0.0292638086387328
shadow spirit,0.0252232413430845
shelby,0.5454462806578044
shelby charger,0.0292638086387328
shelby gt,0.265636995434159
shelby gt350,0.5504969897773648
shelby gt500,0.39063447007959917
shelby gt500 conv,0.3939250070709927
shelby mustang gt 500,0.4161481271970584
sho,0.0302739504626449
short,0.0605276980888116
short bed,0.2171501878863792
short bed step side,0.1110852963756111
short flatbed,0.1262374237342922
shortbed,0.0605782051800072
shuttle,0.0302739504626449
shuttle bus,0.2412723746413996
si;verado,0.1211362075235363
sianna,0.0484565032930623
sieirra sle,0.1211867146147319
sienna,0.1266186841563624
sienna 2002,0.0019899793931067
sienna 5dr 7-pass van v6 le fwd (natl),0.1513596508949856
sienna 5dr 7-pass van v6 xle fwd (natl),0.1140652147561517
sienna 5dr 7-pass van xle fwd (natl),0.0807305345670532
sienna 5dr 8-pass van se fwd (natl),0.2322518081538647
sienna 5dr 8-pass van xle fwd (natl),0.0706291163279324
sienna 5dr 8-passenger van ce fwd (natl),0.0605276980888116
sienna awd,0.0916021859469069
sienna awd van,0.0454260778213261
sienna awd xle limited,0.0201725322235241
sienna base,0.0878520344256333
sienna ce,0.03301143480544664
sienna ce 7 passenger,0.05172431209341785
sienna ce 8-passenger,0.0504666855226473
sienna ce5,0.0353246595822053
sienna cecargo van (,0.0453250636389349
sienna cx,0.0252232413430845
sienna fwd limited white,0.0696694815952159
sienna l,0.12418346869233772
sienna l 7-passenger,0.1615418804800193
sienna l automatic,0.259707462927795
sienna l fwd 7-passenger (natl),0.2658659609142457
sienna l minivan 4d,0.2823134268051234
sienna l wheelchair van braunability - manual fold out ramp rear loading conversion,0.3635702452624348
sienna le,0.17493123265275673
sienna le 2011,0.0691644106832599
sienna le 7-passenger,0.0605276980888116
sienna le 7-passenger / v6 / power slider / excellent condition / new tires / clean title,0.0706291163279324
sienna le 8 pass.,0.1363287405551739
sienna le 8 passenger,0.18172855468907834
sienna le 8 passenger 4d,0.0605276980888116
sienna le 8-passenger,0.1055244656349751
sienna le 90 day warranty,0.1868459331690169
sienna le ada braun conversion deep floors wheel chair,0.1817447169582609
sienna le awd,0.09864624159898712
sienna le fwd,0.0151218231039637
sienna le fwd 8-passenger (natl),0.2974593490068863
sienna le minivan,0.047038264172289755
sienna le minivan 4d,0.2773209691974086
sienna le mobility fwd 7-passenger mobility (natl),0.2927896076609156
sienna le van,0.070174552507172
sienna le wheelchair han,0.3020021010949937
sienna limited,0.1366964953129419
sienna limited awd,0.1217759640120139
sienna limited premium,0.17966382480100201
sienna limited white,0.1262374237342922
sienna ltd,0.110075154551699
sienna minivan,0.0398702977898096
sienna se,0.19562154026425305
sienna se 8 passenger,0.131237625762657
sienna se 8-passenger,0.22721120045254345
sienna se minivan 4d,0.30233400483713624
sienna se premium,0.17522425148490842
sienna se premium minivan,0.3029112287365146
sienna se wheelchair han,0.3525091922905976
sienna xle,0.1671884551304453
sienna xle 7 passenger,0.06860883268010827
sienna xle 7 passenger au,0.1691431977049577
sienna xle 7 passenger v6 awd,0.1615418804800193
sienna xle 7-passenger,0.1917754252697078
sienna xle 7-passenger auto access seat,0.19690694573518114
sienna xle 8 passenger,0.1341237452595487
sienna xle 8-passenger,0.15751478174202319
sienna xle auto access seat fwd 7-passenger (natl),0.2525051517233019
sienna xle automatic,0.2927896076609156
sienna xle awd,0.11646619560386276
sienna xle fwd,0.0706291163279324
sienna xle limited,0.07086911209230323
sienna xle limited 7,0.07522526162673235
sienna xle limited 7 pas,0.0402844559376136
sienna xle limited awd,0.1046540600967042
sienna xle limited handic,0.1514404622408986
sienna xle ltd,0.0772455452745565
sienna xle minivan 4d,0.2902185562091012
sienna xle ny,0.6885224714961746
sienna xle premium,0.49570465248876494
sienna xle premium 7-passenger,0.1949068649238353
sienna xle wheelchair ha,0.5040304658774092
sienna xle-nav,0.4847165542042103
sierra,0.2414366997905726
sierra (c10),0.0151218231039637
"sierra *v6,4.3l*back up cam",0.3771263485393349
sierra 1500,0.2707799368389255
sierra 1500 *4x4 sle *4dr *crew cab 5.8 ft sb clean carfax *local *truck,0.3838033859953937
sierra 1500 *4x4 sle *4dr *crew cab 5.8 ft sb clean carfax *local *truck *leather,0.3838033859953937
sierra 1500 2500 diesel,0.4140773364580387
"sierra 1500 2wd crew cab 143.5"" slt",0.1968261343892682
sierra 1500 2wd reg cab 119.,0.3635702452624348
"sierra 1500 2wd reg cab 133.0""",0.2110893369429067
sierra 1500 4.8,0.1393692674451493
sierra 1500 4dr 4x4,0.1413794496747343
sierra 1500 4dr extended cab 4x4 v8 automatic 1 owner no rust,0.1009333710452947
sierra 1500 4wd,0.42904608422407126
sierra 1500 4wd crew cab,0.4141177421309951
sierra 1500 4wd crew cab 143,0.47805466887551007
"sierra 1500 4wd crew cab 143.5"" denali",0.4717059275122227
"sierra 1500 4wd crew cab 143.5"" sle",0.3767020889732918
"sierra 1500 4wd crew cab 143.5"" slt",0.3694139157137662
"sierra 1500 4wd crew cab 147""",0.4343205786092367
"sierra 1500 4wd crew cab 147"" denali",0.6262475251525315
"sierra 1500 4wd crew cab 147"" elevation",0.4848276698048406
"sierra 1500 4wd crew cab 147"" sle",0.4545234150874783
"sierra 1500 4wd crew cab 147"" slt",0.515131924522203
sierra 1500 4wd crew cab zlt,0.3731564911713604
"sierra 1500 4wd double cab 143.5""",0.3131035597397875
"sierra 1500 4wd ext cab 143.5"" sle1",0.1614913733888237
sierra 1500 4x4,0.15743228682640373
sierra 1500 4x4 1/2 ton gas,0.4189933600010775
sierra 1500 4x4 at4,0.5655986100448503
sierra 1500 4x4 half ton gas,0.44359368055274956
sierra 1500 4x4 v6,0.3029617358277102
sierra 1500 4x4 v8 5.3l automatic crew cab lifted 22s 33s,0.3231645723059517
sierra 1500 all terrain,0.3939149056527536
sierra 1500 all terrain 4x4,0.39997575659622614
sierra 1500 at4,0.500326612523065
sierra 1500 at4 4x4 1/2 ton,0.552843885948254
sierra 1500 at4 4x4 half ton,0.5569806572271319
sierra 1500 at4 automatic,0.5857307365954181
sierra 1500 base,0.31325219489387734
sierra 1500 base 4wd!,0.2190492545153339
sierra 1500 base automatic,0.2654248656511374
sierra 1500 classic,0.08098104973938339
sierra 1500 classic sl2 crew cab short bed,0.0908723584791304
sierra 1500 crew 4x4,0.2726069740191523
sierra 1500 crew cab,0.2633466230462035
sierra 1500 crew cab 4wdab,0.0605782051800072
sierra 1500 crew cab denali,0.4559645507562595
sierra 1500 crew cab sl,0.1857953856721483
sierra 1500 crew cab sle,0.3307259536913401
sierra 1500 crew cab slt,0.3456900733142409
sierra 1500 crew cab slt z71,0.3634692310800436
sierra 1500 crew denali,0.2823043355287082
sierra 1500 crew denali 4wd,0.2878601155602246
sierra 1500 crew sle,0.2211907551820275
sierra 1500 denali,0.3773821959357192
sierra 1500 denali 4x4 gas,0.5766062698059952
sierra 1500 denali automatic,0.4449169663420744
sierra 1500 denali crew,0.3433674087841933
sierra 1500 denali ultimate,0.626207119479575
sierra 1500 denali!,0.1615418804800193
sierra 1500 denalicrew cab,0.4342801729362802
sierra 1500 double cab,0.3198048285741222
sierra 1500 double cab sle,0.3418347722046376
sierra 1500 double cab slt,0.37194919752940203
sierra 1500 elevation,0.41359751909168047
sierra 1500 elevation 4x4,0.46073967246539876
sierra 1500 elevation automatic,0.491888561153986
"sierra 1500 ext cab 143.5"" wb 4wd slt",0.1200957614449068
sierra 1500 ext cab 4x4 w/t,0.0605276980888116
sierra 1500 ext cab sle,0.2514950098993899
sierra 1500 extend cab sle,0.0656289142995676
sierra 1500 extended cab,0.1443374816490902
sierra 1500 extended cab sle,0.2405459509123776
sierra 1500 extended cab slt,0.24947472625156566
sierra 1500 extracab,0.0221928158713483
sierra 1500 hd,0.0454260778213261
sierra 1500 hd crew cab,0.1615822861529758
sierra 1500 hybrid,0.2322114024809083
sierra 1500 lifted,0.3332659905450725
sierra 1500 lifted truck,0.1918461351973817
sierra 1500 limited,0.3423572669602812
sierra 1500 limited double,0.3594791708755909
sierra 1500 limited sle,0.3530142632025536
sierra 1500 long bed,0.0408299325225261
sierra 1500 ltz,0.3535193341145096
sierra 1500 regular cab,0.252559902605592
sierra 1500 regular cab work,0.1614913733888237
sierra 1500 rwd 1/2 ton gas,0.242393632065942
sierra 1500 rwd half ton gas,0.242393632065942
sierra 1500 single cab 4x4,0.1211362075235363
sierra 1500 sl,0.189866257222514
sierra 1500 sl 2dr standard cab sl,0.0504262798496909
sierra 1500 sl extended,0.2323023152450604
sierra 1500 sl1 2dr,0.0454260778213261
sierra 1500 sle,0.2213150366760931
sierra 1500 sle 4wd,0.2928603175885894
sierra 1500 sle 4x4,0.2242966754637614
sierra 1500 sle 4x4 1/2 ton,0.424219160370116
sierra 1500 sle 4x4 4dr,0.2120489716756232
sierra 1500 sle 4x4 4dr exte,0.2322518081538647
sierra 1500 sle 4x4 half ton,0.4285483396154534
sierra 1500 sle crew,0.2211907551820275
sierra 1500 sle double cab,0.17608792274435325
sierra 1500 sle elevation,0.4140773364580387
sierra 1500 sle full power,0.1817447169582609
sierra 1500 sle x31 4x4 gas,0.424219160370116
sierra 1500 sle z-71 crew,0.2373025172734251
sierra 1500 sle z71,0.16873225364477532
sierra 1500 sle z71 4x4,0.19062133823588828
sierra 1500 sle z71 4x4 gas,0.3939149056527536
sierra 1500 sle/z71 monster,0.30094145217988605
sierra 1500 sle1,0.1463897531213382
sierra 1500 sle1 automatic,0.0903571861489353
sierra 1500 sleextended,0.2626065699624227
sierra 1500 slt,0.3077020963428799
sierra 1500 slt 4 wd,0.2878601155602246
sierra 1500 slt 4dr crew c,0.2221099842417875
sierra 1500 slt 4wd,0.1514606650773768
sierra 1500 slt 4x4,0.23280637601519247
sierra 1500 slt 4x4 1/2 ton,0.3846519051274799
sierra 1500 slt 4x4 half ton,0.3705806295203846
sierra 1500 slt 4x4 heated leather gps lifted 20s new 33s,0.3332659905450725
sierra 1500 slt 4x4crew,0.2524950503050628
sierra 1500 slt crew cab 143,0.3533678128409228
sierra 1500 slt gfx,0.4323103963796517
sierra 1500 slt one owner fully loaded 4wd gasoline,0.37362115641036
sierra 1500 slt slt 4dr crew cab,0.0999636348943391
sierra 1500 slt x31 4x4 gas,0.5429108246797851
sierra 1500 slt z71,0.11074858243430707
sierra 1500 slt z71 4x4 gas,0.424219160370116
sierra 1500 sltcrew cab,0.2809083195280617
sierra 1500 sltextended,0.11066889346819843
sierra 1500 work truck,0.11358034668067396
sierra 1500 x31 4x4 1/2 ton,0.4343205786092367
sierra 1500 x31 4x4 half ton,0.4464422804961816
sierra 1500 xtd cab 4x4,0.2322518081538647
sierra 1500 z71,0.25592111465783124
sierra 1500 z71 sle,0.0454260778213261
sierra 1500hd,0.14643520950341427
sierra 1550,0.3834195321023071
sierra 2500,0.20073152094083416
sierra 2500 4wd,0.5959028647622127
sierra 2500 6.6 duramax diesel slt lifted on 37s,0.626207119479575
sierra 2500 all terrain,0.3636207523536304
sierra 2500 base,0.1615822861529758
sierra 2500 denali,0.5360330215362237
sierra 2500 denali 6.6 duramax diesel 4x4 leveled on 35s,0.5858014465230919
sierra 2500 denali crew cab diesel 4x4,0.4342296658450846
sierra 2500 diesel 6.6 liter lbz duramax allison 1000,0.3029112287365146
sierra 2500 hd,0.26566982504343606
sierra 2500 hd 4x4,0.2727079882015434
sierra 2500 hd all terrain,0.5959432704351691
sierra 2500 hd base,0.5350014141985535
sierra 2500 hd crew,0.16322545018653944
sierra 2500 hd crew cab,0.33359750072546546
sierra 2500 hd denali,0.5991908763990464
sierra 2500 hd double cab,0.3636874440375848
sierra 2500 hd duramax,0.12118671461473185
sierra 2500 hd extended cab,0.2571836388859299
sierra 2500 hd regular cab,0.1874015111721685
sierra 2500 hd sle extende,0.1649965655177986
sierra 2500 hd slt,0.33079114307648794
sierra 2500 hd slt 4x4 gas,0.2929007232615459
sierra 2500 hd x31 4x4 gas,0.5454361792395653
sierra 2500 lbz duramax,0.1009838781364903
sierra 2500 lifted denali 6.6 duramax crew cab,0.5453957735666088
sierra 2500 lifted denali diesel bds fully loaded,0.6757545759424624
sierra 2500 lifted denali diesel mlti view headsup power roof,0.867681522485757
sierra 2500 long bed,0.0403248616105701
sierra 2500 sle,0.20179603216291564
sierra 2500 sle 4x4,0.2120893773485797
sierra 2500 sle1,0.2423532263929855
sierra 2500 sle2 4x4 diesel,0.3232049779789082
sierra 2500 slt,0.42120753476010253
sierra 2500 slt 4wd,0.4695341225908117
sierra 2500 slt 4x4,0.0959331690169299
sierra 2500 slt 6.6l duramax diesel 4x4,0.3429431492181502
sierra 2500 slt slt 4dr crew,0.2287668188613681
sierra 2500 utility work truck,0.3030021415006667
sierra 2500 work truck,0.4747262515657198
sierra 2500 work truck 4dr extended cab work truck,0.0898622166552184
sierra 2500hd,0.3728905438582644
"sierra 2500hd 4wd crew cab 153.7"" denali",0.5050103034466039
"sierra 2500hd 4wd crew cab 153.7"" slt",0.444381591175401
"sierra 2500hd 4wd crew cab 159"" denali",0.8080730534567053
sierra 2500hd 4x4,0.15085457998302956
sierra 2500hd 4x4 extra cab,0.1302779910299406
sierra 2500hd 4x4 slt,0.2726574811103479
sierra 2500hd at4,0.39963230837609603
sierra 2500hd available wif,0.0002727382924562
sierra 2500hd available wifi,0.5437360187188464
sierra 2500hd base,0.131237625762657
sierra 2500hd base crew cab,0.3938744999797972
sierra 2500hd classic,0.21998291417257837
sierra 2500hd cre cab 4x4,0.5050406077013213
sierra 2500hd crew cab,0.1939169259364014
sierra 2500hd crew cab 159,0.5454361792395653
sierra 2500hd crew cab 167,0.2766273384783223
sierra 2500hd crew cab p/u,0.1151258636712594
sierra 2500hd crewcab,0.1716635015556184
sierra 2500hd denali,0.5346861521938325
sierra 2500hd denali 4wd,0.5130611337831832
sierra 2500hd denali crew,0.5747403935512546
sierra 2500hd denalicrew,0.7761525718210837
sierra 2500hd duramax,0.0403753687017657
sierra 2500hd duramax diesel,0.1969473514081376
sierra 2500hd lbz duramax,0.292910824679785
sierra 2500hd sle,0.3230426070338794
sierra 2500hd sle 4x4,0.4444219968483575
sierra 2500hd sle1,0.0656289142995676
sierra 2500hd slt,0.4073823409251103
sierra 2500hd slt 4dr exten,0.1311972200897005
sierra 2500hd slt 4wd,0.4848125176774819
sierra 2500hd slt 4wd crew,0.241393591660269
sierra 2500hd slt loaded ex,0.2625560628712271
sierra 2500hd slt z71,0.2919006828558729
sierra 2500hr,0.3332659905450725
sierra 3500,0.1936231602018964
sierra 3500 4x4,0.1908865004646652
sierra 3500 4x4 duramax,0.3636106509353913
sierra 3500 all terrain,0.4531496222069578
sierra 3500 crew cab,0.3434078144571498
sierra 3500 crew cab sle,0.1594609883227605
sierra 3500 crew-cab dually,0.1918461351973817
sierra 3500 crewcab denalli,0.5252434441795628
sierra 3500 denali,0.46822489094860226
sierra 3500 denali diesel lifted moon roof nav camera cooled,0.8272758495292739
sierra 3500 denali lifted diesel moon roof nav camera cooled,0.8171744312901531
sierra 3500 diesel truck 6.6l duramax denali 6 speed allison 1000,0.5655481029536548
sierra 3500 diesel trucks 6.6l duramax sle allison 1000,0.3837225746494808
sierra 3500 duramax,0.30979101608723003
sierra 3500 duramax diesel,0.2827993050224251
sierra 3500 hd,0.3080477999111075
sierra 3500 hd crew cab,0.42111802497070594
sierra 3500 hd denali,0.4444320982665966
sierra 3500 hd slt duramax d,0.515131924522203
sierra 3500 lifted diesel 3500hd denali on 37s loaded 7k miles,0.8777829407248777
sierra 3500 sle,0.24509744501461336
sierra 3500 sle 4x4 diesel,0.3939149056527536
sierra 3500 slt,0.4939585748608336
sierra 3500 slt 4dr crew cab,0.2625560628712271
sierra 3500hd,0.4216198730492237
"sierra 3500hd 4wd crew cab 153.7"" denali",0.593428017293628
sierra 3500hd 4x4,0.1908865004646652
sierra 3500hd 4x4 reg cab long box pickup,0.2878601155602246
sierra 3500hd 4x4 sle,0.5454462806578044
sierra 3500hd available,0.5351125297991839
sierra 3500hd available wifi,0.5757404339569276
sierra 3500hd base,0.4535233746818053
sierra 3500hd c/c dump,0.2828094064406642
sierra 3500hd cc,0.3782540341391203
"sierra 3500hd cc one owner, service work truck, 12ft flatbed!",0.3232049779789082
sierra 3500hd crew cab,0.292658289223807
sierra 3500hd denali,0.5065078387005536
sierra 3500hd denali 4dr c,0.5444361388338923
sierra 3500hd denali duramax,0.5454462806578044
sierra 3500hd diesel,0.3938239928886015
sierra 3500hd sle,0.4134392635392675
sierra 3500hd sle 4x4 4dr cr,0.494888682371005
sierra 3500hd sle 4x4 4dr do,0.5757000282839712
sierra 3500hd slt,0.40349105014344017
sierra 3500hd srw,0.4746858458927633
sierra 3500hd srw denali,0.4040163238918744
sierra 4x4,0.14762717685563043
sierra all terrain,0.1868459331690169
sierra all terrrain edition,0.2019475534365024
sierra at4,0.593408656242003
sierra c 3500 cube,0.117095640227888
sierra c/k 1500,0.1413895510929734
sierra c1500,0.05547698896925125
sierra c2500,0.1595721039233908
sierra c3,0.0757303325386884
sierra c3500,0.07067962341912801
sierra classic 1500 4x4,0.2575558608428623
sierra classic 1500 sle 4x4,0.1614711705523455
sierra classic 2500 4wd,0.0302739504626449
sierra classic 2500hd 4x4,0.1816740070305871
sierra classic sl,0.0656289142995676
sierra crew cab 1500,0.2878601155602246
sierra crew cab 4wd,0.282708392258273
sierra crew cab 4x4,0.33147298880762854
sierra deisel duramax 1500,0.7272617075437392
sierra deisel duramax 2500,0.6767546163481354
sierra deisel duramax 3500,0.7929209260980242
sierra deisel durmax 2500,0.6893813891470363
sierra deisel durmax 2500 hd,0.8131237625762657
sierra deisel durmax 3500,0.6565517798698938
sierra deisel durmax 3500 hd,0.7146349347448382
sierra denali,0.27893004094441526
sierra denali 1500,0.4883894298759547
sierra denali 1500 sun roo,0.417532021495818
sierra denali 2500hd,0.6661582286152976
sierra denali 3500 dually,0.7474746454402199
sierra denali 3500hd,0.4363509636753
sierra denali 4x4,0.313063154066831
sierra denali 4x4 crew,0.3069517960321629
sierra denali 6.2 4x4,0.2322518081538647
sierra denali awd 1500,0.2211907551820275
sierra diesel,0.0423451452583942
sierra diesel duramax 2500,0.6773169286301131
sierra diesel duramax 3500,0.7084996219183459
sierra diesel durmax 2500,0.670982377354352
sierra diesel durmax 2500 hd,0.7494848276698048
sierra diesel durmax 3500,0.7229325282984017
sierra diesel durmax 3500 hd,0.7335750939431896
sierra diesels duramax 2500,0.728704767292185
sierra diesels duramax 3500,0.7431132095652113
sierra diesels durmax 2500,0.6969574528263769
sierra diesels durmax 3500,0.7536550298328552
sierra dually turbo,0.0100711139844034
sierra duramax 2500 denali,0.6110987649332633
sierra duramax 2500 hd 4x4,0.7499898985817609
sierra duramax 2500 hd all,0.5656390157178068
sierra duramax 2500 hd at4,0.8484787264131884
sierra duramax 2500 hd sle,0.6969574528263769
sierra duramax 2500 hd slt,0.8282758899349469
sierra duramax 2500 slt,0.6363489433916523
sierra duramax 2500 slt 4x4,0.580791143076488
sierra duramax 3500 4x4,0.646450361630773
sierra duramax 3500 denali,0.6703762922600047
sierra duramax 3500 hd 4x4,0.7498413483135385
sierra duramax 3500 hd all,0.6969574528263769
sierra duramax 3500 hd at4,0.7979716352175846
sierra duramax 3500 hd slt,0.7186033490530642
sierra durmax 2500 all 4x4,0.646450361630773
sierra durmax 2500 hd 4x4,0.7339959863698198
sierra durmax 2500 hd lt,0.5959432704351691
sierra durmax 2500 hd sle,0.4848276698048406
sierra durmax 2500 hd slt,0.828275889934947
sierra durmax 3500 denali,0.659077134429674
sierra durmax 3500 hd 4x4,0.7546798427642099
sierra durmax 3500 hd all,0.696957452826377
sierra durmax 3500 hd at4,0.7979716352175846
sierra durmax 3500 hd slt,0.696957452826377
sierra elevation,0.4847165542042103
sierra ex cab 1500,0.04997171602893039
sierra ext cab 4wd,0.16815830942664345
sierra ext cab z-71 4wd,0.1009333710452947
sierra extended cab 4x4,0.1307830619418966
sierra grande,0.14037940926906134
sierra hd,0.6817144127035436
sierra hd sle crew cab,0.4545335165057174
sierra k1500,0.21506424502000077
sierra k1500 denali 4x4,0.3232049779789082
sierra k1500 slt,0.1211362075235363
sierra k2500,0.0080508303365792
sierra limited 1500 sle,0.3633581154794133
sierra lt,0.1514808679138551
sierra sl,0.0524970705887106
sierra sl long bed,0.0503757727584952
sierra sle,0.11580110462893602
sierra sle 1500,0.1146207927593034
sierra sle 2500hd,0.1917956281061861
sierra sle 3500,0.0956445570672408
sierra sle 4x4,0.1751686936845933
sierra sle 4x4 crew,0.1110347892844155
sierra sle 4x4 extended cab,0.0489615742050183
sierra sle crew cab,0.2393228009212493
sierra sle crew cab short b,0.3296230518037459
sierra sle stepside,0.1312881328538526
sierra sle v8,0.0302234433714493
sierra sle z71,0.0423956523495898
sierra sle z71 4x4,0.17969412905571938
"sierra sle*v8,5.3l*lifted*n",0.4478362762131803
sierra sle2,0.1716432987191401
sierra slt,0.3543804800193947
sierra slt 4x4,0.3181441674411087
sierra slt crew all terrain,0.3938744999797972
sierra slt crew cab,0.3029617358277102
sierra slt crew cab short b,0.2726877853650652
sierra slt z71,0.23628227403127394
sierra slt z71 1500 crew n,0.3670249303002141
sierra slt**navi*cam*lifted,0.4781405309305426
"sierra slt**v8,5.3l*leather",0.1346923108004363
sierra slt*diesel*allison 1,0.6599660592347166
sierra v8 4x4,0.1666430966907753
sierra z-71 4x4,0.0151218231039637
sierra z71,0.1572992848195886
sierra z71 4x4,0.0888621762495454
sierrra 1500,0.1716432987191401
signature town car,0.070174552507172
sil,0.136338841973413
siliverado,0.0363348014061174
silvarado,0.06613398521152365
silver ltz 4x4,0.32511414602610206
silverad 2500,0.0191623903996121
silverad lt,0.1454301183886217
silverad0 1500,0.4241686532789203
silverado,0.21545766138370703
silverado ! reg. cab,0.1211362075235363
silverado (classic) 1500 crew cab,0.0393652268778536
silverado (classic) 2500 hd crew cab,0.20237181300254556
silverado 10,0.0120913976322275
silverado 150 z71,0.4444320982665966
silverado 1500,0.23439072034688208
"silverado 1500 $378.42 month, $2,000 down, 2.9% apr, oac, $25820 $378.42month, $2,000 down, 2.9% apr, oac, $25820",0.2506868964402602
silverado 1500 - z-71,0.0853266798658531
silverado 1500 2lt crew cab long box 4wd,0.313063154066831
silverado 1500 2wd,0.26944410773050304
silverado 1500 2wd cre,0.2322518081538647
"silverado 1500 2wd crew cab 143.5"" lt w/1lt",0.2928603175885894
silverado 1500 2wd dou,0.2928603175885894
"silverado 1500 2wd double cab 143.5"" ls",0.2474039355125459
"silverado 1500 2wd double cab 143.5"" work truck",0.2726574811103479
"silverado 1500 3dr ext cab 143.5"" wb ls",0.0595175562648996
silverado 1500 4wd,0.28263887073274496
silverado 1500 4wd cre,0.4831481406656161
silverado 1500 4wd crew cab 143.5 lt w/1lt automatic,0.3030122429189058
"silverado 1500 4wd crew cab 143.5"" custom",0.3752373833286193
"silverado 1500 4wd crew cab 143.5"" high country",0.4116024889894541
"silverado 1500 4wd crew cab 143.5"" ls",0.2419592710816598
"silverado 1500 4wd crew cab 143.5"" lt",0.206927552628389
"silverado 1500 4wd crew cab 143.5"" lt w/1lt",0.3661208533678128
"silverado 1500 4wd crew cab 143.5"" ltz",0.2120489716756232
"silverado 1500 4wd crew cab 143.5"" ltz w/1lz",0.37708594286637837
"silverado 1500 4wd crew cab 147"" custom trail boss",0.457053820356378
"silverado 1500 4wd crew cab 153.0"" lt w/2lt",0.3826114186431775
"silverado 1500 4wd crew cab 157"" custom trail boss",0.464624833326599
"silverado 1500 4wd double cab 143.5"" custom",0.35146117014828876
"silverado 1500 4wd double cab 143.5"" lt w/1lt",0.3360820414741785
"silverado 1500 4wd double cab 143.5"" lt w/2lt",0.3259929694129055
"silverado 1500 4wd double cab 147"" custom trail boss",0.3999757565962261
"silverado 1500 4wd double cab 147"" lt",0.3762475251525314
"silverado 1500 4wd ext cab 143.5"" lt",0.2615964281385106
silverado 1500 4wd lt,0.3483474079760798
silverado 1500 4wd z71,0.3120530122429188
silverado 1500 4x2 re,0.2761121661481271
silverado 1500 4x4,0.1433455155062954
silverado 1500 4x4 crew,0.3616004687058063
silverado 1500 4x4 ext lt,0.1055295163440947
silverado 1500 4x4 truck,0.2929007232615459
silverado 1500 4x4 v8,0.1715725887914663
silverado 1500 4x4 z71,0.2018768435088286
"silverado 1500 8"" rea",0.535294355327488
silverado 1500 base 4,0.0806901288940967
silverado 1500 cc 4x4,0.2919006828558729
silverado 1500 classic,0.08682062645805995
silverado 1500 classic ls2,0.11006505313345989
silverado 1500 crew,0.33734922383102584
silverado 1500 crew 4x4,0.2585407491211765
silverado 1500 crew c,0.1615065255161824
silverado 1500 crew ca,0.2721685724675744
silverado 1500 crew cab,0.21827768442218695
"silverado 1500 crew cab 143.5"" wb 4wd lt3",0.1159945856398238
silverado 1500 crewcab,0.1716432987191401
silverado 1500 custom,0.39585033738736913
"silverado 1500 custom trail boss w/ 4wd, z71 off road",0.4848276698048406
silverado 1500 dbl,0.3626106105297184
silverado 1500 doub...,0.2827993050224251
silverado 1500 double,0.3239451716198373
silverado 1500 double cab,0.2655042339373019
silverado 1500 ext 4x4,0.0959331690169299
"silverado 1500 ext cab 143.5"" wb 4wd ls",0.1255909329669885
silverado 1500 extended cab,0.13540614435600087
silverado 1500 hd,0.10936805527496056
silverado 1500 hd crew,0.131237625762657
silverado 1500 high,0.46899706385443185
silverado 1500 high co,0.536041860277183
silverado 1500 hybrid,0.13524360335342595
silverado 1500 ld,0.35123594792425167
silverado 1500 ld 4wd double cab lt w/1lt,0.3029617358277102
silverado 1500 ld lt,0.3938239928886015
silverado 1500 ls,0.14642523759053713
silverado 1500 ls 4dr,0.1666430966907753
silverado 1500 ls 4dr crew cab ls,0.13530243646207923
silverado 1500 ls 4wd,0.0805285062022708
silverado 1500 ls 4x4,0.10629048985144178
silverado 1500 ls 4x4 only 76k low miles crew cab 1 owner,0.2069982625560628
silverado 1500 ls automatic,0.1918865408703381
silverado 1500 ls classic,0.151389955149703
silverado 1500 ls crew cab long box 4wd,0.3231645723059517
silverado 1500 ls ext. cab long bed 4wd 4-speed au,0.111075194957372
silverado 1500 lt,0.25331448187986655
silverado 1500 lt 2wd,0.29907493456525736
silverado 1500 lt 4d,0.2168723988848034
silverado 1500 lt 4d crew cab automatic,0.2201705119398763
silverado 1500 lt 4dr extended cab lt,0.131237625762657
silverado 1500 lt 4wd,0.343887316154188
silverado 1500 lt 4x4,0.30925970427300625
silverado 1500 lt automatic,0.3382560911551981
silverado 1500 lt crew,0.3488289089121446
silverado 1500 lt crew 1owner 5.3l 4x4 canopy**new bfg t/a ko2**,0.2409895349307042
silverado 1500 lt crew cab,0.1812901531375005
silverado 1500 lt crew cab 4wd,0.2755551450852271
silverado 1500 lt crew cab long box 4wd,0.313063154066831
silverado 1500 lt dbl,0.2928603175885894
silverado 1500 lt doub,0.403228413269223
silverado 1500 lt double cab 4wd,0.3938744999797972
silverado 1500 lt ext,0.0131015394561396
silverado 1500 lt ext cab lifted,0.2423532263929855
silverado 1500 lt lifted 4x4 5.3 v8,0.4140773364580387
silverado 1500 lt lt2,0.24742918905814376
silverado 1500 lt rwd,0.1615822861529758
silverado 1500 lt tra,0.5075407087155037
silverado 1500 lt z71,0.3032685256751983
silverado 1500 lt z71 4x4,0.21243619270812286
silverado 1500 lt z71 crew,0.1487467507104664
silverado 1500 lt1,0.1396869009297794
silverado 1500 lt1 crew cab lifted fox shocks 22 wheels leather,0.1716432987191401
silverado 1500 lt1 ext,0.0806598246393793
silverado 1500 lt1 lt1,0.14794032082104325
silverado 1500 lt2,0.0807305345670532
silverado 1500 lt2 4dr extended cab 4x4 v8 leather short bed,0.131237625762657
silverado 1500 lt3 4dr crew cab,0.1715927916279445
silverado 1500 ltz,0.31471125439215547
silverado 1500 ltz 1lz,0.2625560628712271
silverado 1500 ltz 4wd,0.2423532263929855
silverado 1500 ltz 4x4,0.26215552989221075
silverado 1500 ltz automatic,0.4948179724433311
silverado 1500 ltz crew cab 4wd,0.25390924885853966
silverado 1500 ltz dbl,0.1706836639864236
silverado 1500 ltz double cab 4wd,0.3927936482282112
silverado 1500 ltz ext. cab 4wd,0.1413390440017778
silverado 1500 ltz lifted crew 4wd,0.4746858458927633
silverado 1500 ltz ltz 4dr crew cab,0.1615418804800193
silverado 1500 ltz redline crew cab 6.2 liter,0.4948886823710048
silverado 1500 ltz z,0.3771263485393349
silverado 1500 ltz z7,0.4035213543981575
silverado 1500 ltz z71,0.3779012716242503
silverado 1500 ltz |,0.242393632065942
"silverado 1500 ltz, $493.72 month, $2k down, 2.9% apr, oac $36980 ltz $493.72 month, $2k down, 2.9% apr, oac,",0.363418723988848
silverado 1500 quad 4x4,0.3938744999797972
silverado 1500 regula,0.1210654975958624
silverado 1500 regular,0.2567441279830606
silverado 1500 regular cab,0.15922576958376383
silverado 1500 rst,0.5041779465837004
silverado 1500 rst 4x4,0.5370048621493125
silverado 1500 rst automatic,0.5250414158147805
silverado 1500 rst z71,0.5252333427613237
silverado 1500 scottsdale,0.0555274960604468
silverado 1500 short,0.0201220251323285
silverado 1500 ss,0.1817952240494565
silverado 1500 trail,0.4694211703686834
silverado 1500 trail bos,0.5898824194916967
silverado 1500 truck,0.3332659905450725
silverado 1500 work,0.15413956119439162
silverado 1500 work tr,0.1962071194795749
silverado 1500 work truck,0.20123641359246833
silverado 1500 work truck 2dr regular cab work truck,0.0706291163279324
silverado 1500 work truck 2wt crew cab long box 4w,0.2524546446321063
silverado 1500 work truck 4x4 double cab,0.2625055557800315
silverado 1500 work truck automatic,0.1918865408703381
silverado 1500 work truck v8 auto extended cab long bed 8ft,0.1413390440017778
silverado 1500 wt,0.2988652222156606
silverado 1500 z-71,0.0706291163279324
silverado 1500 z-71 ltz,0.0252232413430845
silverado 1500 z71,0.09933465325198321
silverado 1500 z71 4dr crew cab z71,0.1211766131964928
silverado 1500 z71 4x4,0.28524817741553765
"silverado 1500,ls",0.0696694815952159
silverado 1500hd,0.09760525083604088
silverado 1500hd (plo,0.090831952806174
silverado 1500hd crew cab,0.1191664309669077
silverado 1500hd lt,0.130525475776799
silverado 1500ls,0.161592387571215
silverado 1500lt z71,0.1110347892844155
silverado 2500,0.19076799104243714
silverado 2500 2wd,0.1110347892844155
silverado 2500 4wd,0.5226760003771197
silverado 2500 4x4,0.2451109135722655
silverado 2500 4x4 chassis,0.2827993050224251
silverado 2500 4x4 duramax,0.3030021415006666
silverado 2500 4x4 ltz z71,0.515131924522203
silverado 2500 6.0l 1-owner 4x4 crew*new wheels* clean car-fax!!!,0.30941942820200524
silverado 2500 crew cab,0.0888116691583498
silverado 2500 crew cab lt 4x4,0.41123162263410357
silverado 2500 crew cab ltz 4x4,0.5050305062830822
silverado 2500 crew cab w/t 4x4,0.3030021415006667
silverado 2500 crewcab,0.2760246205233881
silverado 2500 diesel,0.0934078144571497
silverado 2500 diesel 4x4 6.6l lmm duramax turbo diesel crew cab long bed allison 1000 ltz,0.43332053820356375
"silverado 2500 diesel 4x4 6.6l lmm duramax turbo diesel crew cab ltz allison 1000 automatic 6"" lifted one owner",0.4535233746818053
silverado 2500 duramax,0.15401632389187436
silverado 2500 hd,0.32539998459533714
silverado 2500 hd 3/4 ton,0.1302779910299406
silverado 2500 hd 4x4,0.1783763531308886
silverado 2500 hd c...,0.4746252373833286
silverado 2500 hd crew,0.4080057692273908
silverado 2500 hd crew cab,0.2805787389339586
silverado 2500 hd crew cab lt pickup 4d 6 1/2 ft,0.444381591175401
silverado 2500 hd double cab,0.29362550002020277
silverado 2500 hd ext,0.272586771182674
silverado 2500 hd extended cab,0.21054217678828768
silverado 2500 hd gas,0.1908865004646652
silverado 2500 hd lt,0.3994706856842701
silverado 2500 hd ltz,0.5014776561808765
silverado 2500 hd regular cab,0.1663400541436017
silverado 2500 heavy,0.41859267041092574
silverado 2500 heavy d,0.19611566797311675
silverado 2500 high country lifted diesel 4x4 loaded,0.6858559941815832
silverado 2500 high ct,0.4639480383045779
silverado 2500 lifted highcountry 6.6l,0.6565113741969373
silverado 2500 ls,0.1605822457473029
silverado 2500 ls 4dr crew cab 6.0 liter 6.0l v8 300hp 360ft. lbs.,0.1917956281061861
silverado 2500 ls 4dr extended cab ls,0.0898723180734575
silverado 2500 lt,0.20342524661891095
silverado 2500 lt 4dr crew cab lt,0.1968968443169421
silverado 2500 lt 4x4,0.2533757103133643
silverado 2500 lt 4x4 v8 6.0l automatic crew cab short bed 1owner,0.3433674087841933
silverado 2500 lt 6.0 gas 4x4,0.4746858458927633
silverado 2500 lt 6.0 gas 4x4 8 ft bed stock or lifted,0.4342801729362802
silverado 2500 lt duramax v8 4x4,0.1362883348822174
silverado 2500 lt z71,0.1605822457473029
silverado 2500 ltz,0.5380096496695678
silverado 2500 ltz 4x4,0.34475130308295276
silverado 2500 ltz crew cab 6.6 duramax,0.444381591175401
silverado 2500 ltz lifted crew 4wd,0.6565113741969373
silverado 2500 ltz lifted diesel 4x4 on 37's with 56k,0.6353489029859792
silverado 2500 ltz lifted duramax 6.6 liter,0.6464099559578165
silverado 2500 reg cab w/t _liftgate 4x4,0.2625964685441836
silverado 2500 utility,0.0151218231039637
silverado 2500 utility truck,0.3063288752407504
silverado 2500 work,0.2726978867833043
silverado 2500 work truck,0.25257249451156266
silverado 2500d,0.2823043355287082
silverado 2500hd,0.3152325419446001
"silverado 2500hd 2wd ext cab 157.5"" ltz",0.211867146147319
"silverado 2500hd 4wd crew cab 153.7"" lt",0.4090670330114348
"silverado 2500hd 4wd crew cab 153.7"" ltz",0.5808012444947271
"silverado 2500hd 4wd crew cab 159"" lt",0.7676673805002223
silverado 2500hd 4x2,0.1917754252697078
silverado 2500hd 4x4,0.25128163686489274
silverado 2500hd 4x4 ex-cab short box,0.2615964281385106
silverado 2500hd 4x4 ext-cab long box,0.2615964281385106
silverado 2500hd 8.1 liter,0.0807305345670532
silverado 2500hd built,0.5470322033213464
silverado 2500hd built after aug,0.333306396218029
silverado 2500hd built after aug 14,0.1615822861529758
silverado 2500hd class,0.1913915713766212
silverado 2500hd classic,0.23472034223604987
silverado 2500hd cng,0.242393632065942
silverado 2500hd crew,0.4747262515657198
silverado 2500hd crew cab,0.2484831036944253
"silverado 2500hd crew cab 153"" wb 4wd ls",0.1413390440017778
"silverado 2500hd crew cab 153"" wb 4wd lt",0.2421511980282031
silverado 2500hd crew cab 4wd,0.2827993050224251
silverado 2500hd duramax,0.352955781307485
silverado 2500hd ext cab,0.1262374237342922
silverado 2500hd flatbed,0.16073376702088968
silverado 2500hd heavy,0.2322518081538647
silverado 2500hd high,0.6414571043274476
silverado 2500hd lbz,0.3390665357108445
silverado 2500hd ls,0.1881776368068743
silverado 2500hd ls automatic,0.1312881328538526
silverado 2500hd lt,0.29880018642989564
silverado 2500hd lt 4,0.2524142389591498
silverado 2500hd lt 4d,0.1413390440017778
silverado 2500hd lt 4x,0.5201927350600025
silverado 2500hd lt w,0.2625964685441836
silverado 2500hd lt1,0.26256953142887923
silverado 2500hd lt2,0.1110347892844155
silverado 2500hd ltz,0.4369253350147105
silverado 2500hd ltz crew cab 4wd 6-speed automati,0.463624792920926
silverado 2500hd ltz crew cab long box 4wd,0.3434078144571498
silverado 2500hd work,0.314409889577068
silverado 2500hd work truck crew cab long box 4wd,0.1898763586407531
silverado 2500hd z71,0.3491083814834269
silverado 2wd,0.0327993050224251
silverado 3500,0.16737429620158034
silverado 3500 - 9ft,0.2683037698492868
silverado 3500 4x4,0.21391571376621274
silverado 3500 4x4 diesel,0.14608671057416456
silverado 3500 4x4 dually,0.4747262515657198
silverado 3500 4x4 duramax,0.464624833326599
silverado 3500 classic,0.24276876200691302
silverado 3500 crew cab w/t utility bed drw 4x4,0.3434078144571498
silverado 3500 crewcab,0.2070487696472584
silverado 3500 diesel,0.2119782617479494
silverado 3500 diesel 4x4 6.6l duramax turbo diesel single rear wheel allison automatic,0.2919006828558729
silverado 3500 diesel trucks 6.6l duramax lbz with allison 1000 6 speed automatic,0.3332154834538769
silverado 3500 diesel trucks 6.6l duramax utility bed with lumber rack,0.4342296658450846
silverado 3500 drw,0.242393632065942
silverado 3500 dually,0.1817851226312174
silverado 3500 duramax,0.2928603175885894
silverado 3500 flat,0.2322922138268212
silverado 3500 flatbed,0.2524546446321063
silverado 3500 hd,0.3213708880402484
silverado 3500 hd -,0.3187199482807386
silverado 3500 hd 4x4 lt,0.6212069174512103
silverado 3500 hd cre,0.5655279001171765
silverado 3500 hd crew,0.24607391544439502
silverado 3500 hd crew cab,0.6968463372257465
silverado 3500 hd crew cab & chassis,0.25786900480827507
silverado 3500 hd crew cab lt pickup 4d 8 ft,0.131237625762657
silverado 3500 hd diesel,0.1706836639864236
silverado 3500 hd double cab,0.3686714614731908
silverado 3500 hd extended cab,0.13802241167993318
silverado 3500 hd flatbed,0.2524546446321063
silverado 3500 hd high,0.6969574528263769
silverado 3500 hd lt,0.4545234150874783
silverado 3500 hd lt / 4x4 / dually / 6.6l duramax diesl / allison transmission / long bed / 139k miles / ** lbz engine **,0.3938239928886015
silverado 3500 hd ltz,0.5449277411881961
silverado 3500 hd regular cab & chassis,0.16255202230393145
silverado 3500 high country diesel lifted fully optioned 4x4,0.827275849529274
silverado 3500 high country drw,0.8282354842619905
silverado 3500 high country drw 4wd 6.6l duramax,0.626207119479575
silverado 3500 high country lifted diesel 4x4 loaded,0.6757545759424624
silverado 3500 high ct,0.4742817891631985
silverado 3500 ls,0.1463897531213382
silverado 3500 lt,0.28230096838929514
silverado 3500 ltz,0.5243511522351071
silverado 3500 ltz drw leveled,0.6767142106751788
silverado 3500 ltz lifted longbed diesel,0.695957412420704
silverado 3500 ltz z71 lifted diesel fully loaded only 34k miles,0.695957412420704
silverado 3500 regular,0.1997151400056568
silverado 3500 work,0.1614408662976282
silverado 3500 work tr,0.2019475534365024
silverado 3500 xlt,0.4393813891470362
silverado 3500h,0.3532870014950099
silverado 3500hd,0.41084175039881027
"silverado 3500hd 4wd reg cab 133.7"" lt",0.2140692553234474
silverado 3500hd 4x4,0.31941997656470966
silverado 3500hd built,0.444381591175401
silverado 3500hd built after aug 14,0.39251207119479575
silverado 3500hd built after aug 14 ltz automatic,0.5525374762616672
silverado 3500hd cc,0.3631156814416744
silverado 3500hd cc crew cab 4x4 flat bed premium wheels newer tires,0.2928603175885894
silverado 3500hd cc st,0.3737120691745121
silverado 3500hd cc work truck,0.4594579578972888
silverado 3500hd cc wt,0.4383813487413632
silverado 3500hd lt,0.4651784562165431
silverado 3500hd lt 4x,0.353468827023314
silverado 3500hd ltz,0.4604012749543882
silverado 3500hd ltz 4,0.5959028647622127
silverado 3500hd work truck,0.3282657885167077
silverado 3500hd wt,0.1615418804800193
silverado 3500hd z-71,0.4545335165057174
silverado 4-dr,0.1311871186714614
silverado 4wd,0.0504666855226473
silverado 4x4,0.23529738575295966
silverado 4x4 crew cab,0.1161360054951715
silverado 4x4 lt,0.2120994787668188
silverado 4x4 ltz,0.28937532829609275
silverado 4x4 z71,0.3686209543819952
silverado 6500hd,0.5857509394318963
silverado ambulance,0.1413390440017778
silverado blazer,0.1110852963756111
silverado c10,0.14593518930057775
silverado c1500,0.0887359085215564
silverado c1500 ls cre,0.1898763586407531
silverado c20,0.09509138416366987
silverado c2500,0.1060345872560507
silverado c2500hd,0.2716978463776314
silverado classic,0.1080548709038749
silverado classic 1500,0.1514404622408986
silverado crew,0.25702553638530845
silverado crew 8' bed',0.3231645723059517
silverado crew cab,0.1547444677899443
silverado crew cab 4wd,0.1514404622408986
silverado crew cab 4x4,0.13229827467776473
silverado crew cab 5.3,0.1907652834457957
silverado crew cab ls 4wd,0.06052769808881161
silverado crew cab ltz 4x4,0.4633217503737524
silverado crew custom 4wd,0.4444320982665966
silverado custom,0.3939250070709927
silverado custom 4x4,0.3533678128409228
silverado deisel 2500,0.595943270435169
silverado deisel 3500,0.7339959863698198
silverado diesel,0.07421511980282029
silverado diesel 1500,0.5959432704351691
silverado diesel 2500,0.6273699049568782
silverado diesel 3500,0.6187775263647016
silverado diesels 2500,0.6174087841933008
silverado diesels 3500,0.7892052877557343
silverado diesels hd,0.7474645440219807
silverado duramax,0.5117681522485756
silverado duramax 4x4,0.5959432704351691
silverado duramax hd,0.6843453096676843
silverado duramax ltz,0.6475727414351198
silverado durmax 1500,0.5959432704351691
silverado durmax 2500,0.643925848855846
silverado durmax 3500,0.7600913168208817
silverado durmax hd,0.7339959863698198
silverado ex- cab 4x4,0.12366156208331644
silverado ex-cab 4x4,0.1109842821932199
silverado ext cab,0.10713311648955508
silverado ext cab 3,0.1413289425835387
silverado ext cab 4wd,0.0302234433714493
silverado ext cab 4x4,0.08098307002303115
silverado ext cab ls 4x4,0.131237625762657
silverado ext cab lt,0.1504303204169865
silverado extended cab,0.0271930178997131
silverado flatbed,0.17028465796597841
silverado half ton,0.0888621762495454
silverado hd,0.5959200965933263
silverado hd2500,0.24492908804396135
silverado hd3500,0.2424037334841811
silverado high countr,0.4567962341912805
silverado high country,0.4001564597447259
silverado hybrid,0.1312780314356135
silverado k-1500,0.050355569922017
silverado k15 4wd,0.2817992646167522
silverado k15 cab chas,0.3113257101297022
silverado k1500,0.09863724097632534
silverado k1500 4x4,0.0656289142995676
silverado k1500 ltz cr,0.3838134874136328
silverado k1500 z71 4x4,0.0817911834821609
silverado k2500,0.0810840842054224
silverado k2500 4x4 pickup,0.1413390440017778
silverado k3500,0.6868661360054952
silverado k5,0.1908865004646652
silverado ld,0.3291547133217504
silverado long bed,0.0302234433714493
silverado long box,0.2877591013778334
silverado ls,0.1562575760636793
silverado ls 1500,0.12368681562891426
silverado ls 1500 4x4,0.0282536668148208
silverado ls 1500 xcab 4wd,0.0805285062022708
silverado ls 4 doors,0.0201725322235241
silverado ls 4x4,0.09970352337468177
silverado lt,0.24590141430215773
silverado lt 1500,0.28378475449064156
silverado lt 1500 cr,0.20540223847428174
silverado lt 1500 do,0.3973291850175764
silverado lt 2019,0.3030021415006667
silverado lt 2500,0.2216958260939835
silverado lt 2500 hd crew,0.424229261788355
silverado lt 2500hd,0.1918461351973817
silverado lt 4wd,0.13448691529624082
silverado lt 4x4,0.19960318262017315
silverado lt crew cab,0.281646620963361
silverado lt crew cab 4x4,0.4513010626691987
silverado lt double,0.2115944078548628
silverado lt extended,0.1312679300173744
silverado lt w/1lt 4wd,0.2423532263929855
silverado lt z71,0.28644900355120967
silverado lt z71 2500,0.272586771182674
silverado lt z71 4x4,0.15975645480625472
silverado lt**nice co,0.3872277667784556
"silverado lt**v8,5.3l",0.2559093296698856
silverado ltz,0.31802116781902057
silverado ltz 1500,0.3533981170956402
silverado ltz 1500 c,0.3165178391046103
silverado ltz 2500 c,0.508444785647905
silverado ltz 2500 hd,0.2524546446321063
silverado ltz 3500 c,0.2963150026263687
silverado ltz 3500hd,0.2919006828558729
silverado ltz 4x4,0.364104778644255
silverado ltz 6.2l,0.41407733645803874
silverado ltz crew ca,0.3555194149258556
silverado ltz z71,0.3302052608186189
silverado ltz z71 150,0.3569235120610933
silverado max,0.136338841973413
silverado medium duty,0.6996288187952499
silverado pick up,0.0100711139844034
silverado regular,0.1514404622408986
silverado rst,0.4746858458927633
silverado rst 4x4,0.5453957735666088
"silverado rst**v8,5.3",0.5892561315608712
silverado scottsdale,0.0302739504626449
silverado single cab,0.0797708998343367
silverado ss,0.2420670195428771
silverado texas,0.1615822861529758
silverado texas ed.,0.2524950503050628
silverado texas edition,0.4444320982665966
silverado trail boss,0.49776421942974125
silverado utility,0.090831952806174
silverado w/t,0.0499717160289304
silverado w/t 4x4,0.0252232413430845
silverado work truck,0.3261949977776879
silverado work truck 4x4,0.090831952806174
silverado xcab,0.0696694815952159
silverado z-71 4x4,0.1816740070305871
silverado z-71 ltz 4x4,0.0252232413430845
silverado z17,0.2019475534365024
silverado z71,0.1368961035462712
silverado z71 4x4,0.1236559501842947
silverado z71 crew 4x4,0.20714978382964966
silverado z71**leathe,0.3872277667784556
"silverado z71**v8,5.3",0.4983433674087842
silverado z71/ltz,0.3626106105297184
silverado/sierra 3500hd,0.2615964281385106
silverado1500,0.3535193341145096
silverado1500 lt 4x4,0.1110347892844155
silverado2500,0.1908865004646652
silveradoo 1500,0.2423532263929855
silveradopa,0.0353246595822053
silverao 3500 4x4 duramax,0.464624833326599
silverardo,0.1464402602125338
silvia,0.2070487696472584
sinic,0.0762354034506444
siverado,0.2928603175885894
sivlerado 2500hd,0.2168976524304012
sky,0.10252227821877097
sky 2007,0.0454260778213261
sky convertable,0.0504262798496909
sky red line,0.1151132368984605
sky redline,0.11588094468463367
sky redline turbo,0.11908484258882253
sky roadster,0.13378823386803504
sky roadster 2d,0.2119984645844276
skylark,0.0252106145702856
skyline,0.18223463574285825
skyline gtr,0.4292547173623176
skyline gtr r32,0.4444320982665966
skyline gtr r32 bnr32,0.4444320982665966
skyline gts,0.2615964281385106
skyline r32 gts-t,0.1918966422885773
skyline r33,0.1968968443169421
sl,0.06515975954135068
sl 320,0.0747201907147763
sl 400,0.3828134470079599
sl 450r,0.8484888278314275
sl 500,0.04997171602893039
sl 500 conv.,0.2312921734211483
sl 550,0.4276178284522056
sl 560,0.1666430966907753
sl 600,0.1817952240494565
sl 600 twin turbo hard top convertible pano 20s,0.2524546446321063
sl class,0.09330680027475853
sl-class,0.23180721456409362
sl-class sl 400,0.41182288356921676
sl-class sl 500,0.1413794496747343
sl-class sl 550,0.3913521164253814
sl-class sl 63 amg,0.37968200735383234
sl-class sl500,0.10741242070386678
sl1,0.011970180613358071
sl2,0.015902267460960157
sl320,0.0706291163279324
sl380,0.1161360054951715
sl500,0.10524667663339929
sl500 5.0l,0.11633601357630605
sl500 convertible,0.22405282368311175
sl500 roadster,0.1660875186876237
sl500 silver arrow,0.2716978463776314
sl55,0.17068366398642362
sl55 amg,0.27093518930057775
sl550,0.2315640699287513
sl550 5.5l v8,0.2221907955877005
sl550 amg sport package,0.3219018950260616
sl550 roadster,0.2916481473998949
sl560,0.2424037334841811
sl600,0.2310780233544789
sl63,0.3635702452624348
sl63 amg,0.38160127681926537
slc,0.3929148652470807
slc 300 roadster,0.3897834255929532
slc-class amg,0.4070568507818497
slc300,0.4571093781566931
sle,0.1161360054951715
sliverado,0.07842404406912061
sliverado 1500,0.21001858660955997
sliverado c10,0.1009838781364903
sliverado z71 4x4,0.090831952806174
slk,0.12134545118706089
slk 230,0.07502323326194996
slk 250,0.2323023152450604
slk 300,0.1528310908184842
slk 300 roadster,0.30266485268190185
slk 32 amg,0.1302779910299406
slk 320,0.0494666451169744
slk 350,0.21857881703734056
slk class,0.0964634934744838
slk konpressor,0.0524970705887106
slk slk 230 kompressor,0.090831952806174
slk slk 250,0.1918461351973817
slk slk 280 2dr c,0.1918057295244252
slk slk 300,0.2727079882015434
slk-class,0.1185475507427909
slk-class 2dr,0.1040446078629439
slk-class slk 250,0.2389048547416057
slk-class slk 350,0.282708392258273
slk-class slk320,0.1009737767182512
slk230 kompressor,0.04286158026586929
slk250,0.2827588993494687
slk250 roadster,0.2220998828235484
slk280,0.12677857113995944
slk280 3.0l,0.1211766131964928
slk320,0.057037658087195395
slk320 v6,0.0504666855226473
slk350,0.13108778805877674
sls,0.020340889194176134
slt,0.12831280602705705
slt 1500 2001,0.0929027435451937
slt crew,0.0605681037617681
slt crew cab,0.0604140571336215
slt daytona 4x4,0.0802759707462927
slt promaster cargo van,0.1615822861529758
sltima sl,0.0554769889692512
slx,0.0287587377267768
soarer,0.0907309386237827
sodona,0.0252232413430845
solara,0.03143451557990041
solara convertible,0.05474716150147477
solara convertible sle,0.0503252656672996
solara se,0.04397147359489268
solara se convertible,0.0826296011960079
solara sle,0.028655703260737762
solara sle convertible,0.06552790011717641
solara sle v6,0.07064931916441065
solara sport,0.0322942341104691
solistice,0.0732049779789082
solstice,0.0962454064448084
solstice base 2dr conver,0.0605681037617681
solstice convertible,0.11158459504857335
solstice convertible 2d,0.1715927916279445
solstice gxp,0.10584202897086747
solstice gxp coupe,0.2962139884439775
soltice,0.091715826902097
sona,0.0797708998343367
sonat se,0.2271303891066305
sonata,0.08328168760773805
sonata - gls,0.0583053860762051
sonata 1.6t eco,0.12901026304093088
sonata 2.0t limited,0.09144308860964076
sonata 2.4 l,0.0807305345670532
sonata 2.4l,0.11200200008081129
sonata 2.4l automatic,0.141268334074104
sonata 2.4l limited,0.10459260980241619
sonata 2.4l pzev,0.1007616469352297
sonata 2.4l se,0.09357376632822102
sonata 2.4l sport,0.11309295325063634
sonata 2.4l sport automatic,0.1473493878540547
sonata 2.4l sport pzev,0.1008626611176209
sonata 2007,0.0353246595822053
sonata 2013,0.0555274960604468
sonata 4dr sdn 2.4l auto limited,0.0887409592306759
sonata 4dr sdn 2.4l sport,0.1413727153959082
sonata base,0.1402177865772354
sonata eco sedan 4d,0.1574508060931754
sonata gl,0.05926249545436173
sonata gls,0.06117029433342076
sonata gls 4dr sedan,0.05754389454740979
sonata gls auto,0.0797708998343367
sonata gls fwd,0.0368398723180734
sonata gls pzev,0.09884290912338825
sonata gls sedan 4d,0.13725302032405345
sonata gls v6,0.0019899793931067
sonata gls v6 4dr sedan,0.0383045779627459
sonata gls v6sedan,0.0504262798496909
sonata glssedan 6a,0.06941189543011837
sonata hybrid,0.10635961524292124
sonata hybrid limited,0.14981655824477755
sonata hybrid limited 2.0l w/blue pearl interior,0.1311871186714614
sonata hybrid limited wi,0.126217220897814
sonata hybrid se,0.1110347892844155
sonata hybrid se sedan,0.1690674370681643
sonata hybrid sedan,0.08987231807345748
sonata liited hybrid,0.1211362075235363
sonata limited,0.09429052300481444
sonata limited 2.0t,0.16949422198876718
sonata limited 2.0t se,0.0603256697240292
sonata limited 2010,0.0232029576952604
sonata limited 3.3l,0.0681542688593478
sonata limited auto,0.0706291163279324
sonata limited fwd,0.0454260778213261
sonata limited pzev,0.1464402602125338
sonata limited sedan 4d,0.23184478041893547
sonata limited v-6,0.0383550850539415
sonata limited v6,0.0125964685441836
sonata limited￼,0.2878601155602246
sonata limted,0.0847205947715059
sonata lmtd hyb,0.1513697523132247
sonata lx,0.02118267404743625
sonata plug-in hybrid,0.19089740199524013
sonata sdn 2.4l auto,0.0605377995070507
sonata sdn 2.4l man gl,0.0706291163279324
sonata se,0.10175616523226523
sonata se 109k miles 37mpg,0.0706291163279324
sonata se 2.0t,0.0706695220008889
sonata se 2.4l,0.1312881328538526
sonata se 4dr sedan,0.07786678249626243
sonata se fwd gas sedan,0.176734413511657
sonata se sedan 4d,0.18232006711726817
sonata se sedan clean carfax,0.040314760192331
sonata se*fuel economy!,0.1346923108004363
sonata sedan 4d,0.16603701159642806
sonata sel,0.1815265263242959
sonata sel plus sedan 4d,0.2625055557800315
sonata sel sedan 4d,0.18534526035334145
sonata sport,0.12139018603926274
sonata sport 2.0t,0.1009737767182512
sonata sport 2.0t ltd,0.1777546567538082
sonata sport 2.0t sedan,0.1540769324013091
sonata sport sedan,0.1816942098670653
sonata sport sedan 4d,0.16759920767294326
sonata sport+,0.1514404622408986
sonata sportsedan,0.0999737363125782
sonata v6,0.0201725322235241
sonic,0.06788422914071716
sonic 4dr sdn auto lt,0.08327272482389857
sonic 4dr sdn auto premier,0.1110347892844155
sonic hatchback,0.0504262798496909
sonic ls,0.05816277781871159
sonic ls auto w/ turbo,0.1312780314356135
sonic ls sedan 4d,0.1473493878540547
sonic lt,0.05568534098610204
sonic lt 1.8,0.0398702977898096
sonic lt auto,0.060619529163712736
sonic lt auto 5-door,0.0807709402400097
sonic lt auto sedan,0.0696694815952159
sonic lt fwd,0.06052769808881161
sonic lt hatchback,0.057547779708271
sonic lt hatchback 4d,0.16149137338882374
sonic lt hb,0.0705786092367368
sonic lt sedan,0.0646187724756555
sonic lt sedan 4d,0.09397716712153655
sonic lt turbo,0.0403753687017657
sonic ltz,0.06678690415407046
sonic ltz auto,0.06121459452907183
sonic ltz turbo,0.0605276980888116
sonic premier auto,0.0898723180734575
sonic premier sedan 4d,0.14977372823144364
sonic rs,0.08476100044446236
sonic rs hatchback sedan 4d manual,0.0907915471332175
sonic rs turbo,0.0459311487332821
sonic sedan,0.0787607580104246
sonic sedan 4 door,0.1110852963756111
sonnic lt2,0.0706291163279324
sonoma,0.04379803738004134
sonoma /chevy s10,0.0151218231039637
sonoma sl,0.033641089875685155
sonoma sls,0.03737524748474681
sonoma sls automatic,0.024425229302194
sonoma sls ext cab,0.04778307541045427
sonota,0.0434057941735019
sonota gls,0.0853266798658531
sonota sport,0.1035092326962705
sorent,0.0737100488908642
sorent0,0.0802759707462927
sorento,0.11066147742070286
sorento **1 owner vehicle,0.1262374237342922
sorento 2wd 4dr i4 lx,0.0959331690169299
sorento 2wdv6 sx,0.0852963756111358
sorento 3.6,0.0353246595822053
sorento 4wd,0.0605276980888116
sorento 4x4,0.0403753687017657
sorento awd,0.07875354271168238
sorento awd 4dr v6 lx,0.1161259040769323
sorento awd lx,0.0605276980888116
sorento awd sxl gdi,0.1817447169582609
sorento base,0.05130173609708133
sorento ex,0.10194794763818983
sorento ex 4wd,0.10821986073511382
sorento ex awd,0.06560366075396983
sorento ex ex 4dr suv,0.0504262798496909
sorento ex fwd,0.242393632065942
sorento ex sport utility 4d,0.2288880358802375
sorento ex v6,0.0590629924441391
sorento exl,0.1009737767182512
sorento l,0.21459957978100114
sorento l sport utility 4d,0.22007959917572426
sorento limited v6,0.282708392258273
sorento limited-sxl sport,0.2468483575093943
sorento lx,0.10627946246986406
sorento lx 2.4l awd,0.1463392460301426
sorento lx 2wd,0.08148814093498723
sorento lx 4d sport utility automatic,0.1852600105054749
sorento lx 4wd,0.05802759707462923
sorento lx 4wd 7 seats,0.0605782051800072
sorento lx auto,0.0251222271606933
sorento lx awd,0.11427275298542822
sorento lx awd gas suv auto,0.10939162525085183
sorento lx sport 4wd,0.0530021415006666
sorento lx sport utility 4d,0.18696203554573995
sorento lx suv,0.15383786550298323
sorento lx v6,0.15749121176613196
sorento lx v6 awd 4dr suv,0.1807850822255444
sorento lx w/ 3rd row seating,0.23229221382682122
"sorento lx**v6,3.3l!",0.1245908925613156
sorento lx-v6,0.10093337104529469
sorento lx-v6 awd,0.1167016849165622
sorento suv,0.0403248616105701
sorento sx,0.09778226020828057
sorento sx awd,0.1287425754575942
sorento sx limited,0.131237625762657
sorento sx sport utility 4d,0.2786678249626247
sorento sxl,0.3166962974935014
sorento sxl awd,0.2524546446321063
sorento sxl-limited,0.1509858984201381
sorrento,0.07563653365503942
sorrento awd lx,0.1311669158349832
sorrento ex,0.0555274960604468
sorrento lx,0.1280893504114644
sorrento lx v6,0.1716938058103357
sorrento s,0.2525051517233019
sorrento sxl limited,0.3434179158753889
sorrnto,0.0403753687017657
sort trac,0.0372944361388338
soul,0.09227794050193545
soul !,0.1194509542473096
soul ! 1-owner **only 33k miles** 2.0l i4 28mpg,0.1211362075235363
soul ! 4dr crossover,0.090831952806174
soul ! wagon 4d,0.16393487162839035
soul +,0.07868872330658827
soul + 2.0l 117k 2-owner super clean 29mpg,0.0807305345670532
soul + automatic,0.10020101822295846
soul + fwd gas suv auto,0.111075194957372
soul + hatchback,0.1575518202755667
soul + nav leather p.r 1 owner,0.1059840801648551
soul + plus automatic,0.0704775950543456
soul + wagon,0.08380473285115893
soul + wagon 4d,0.1430448062180657
soul +crossover,0.2625964685441836
soul +crossover 4a,0.0585579215321831
soul +crossover 5m,0.0565376378843589
soul +plus,0.090831952806174
soul 1-owner **30mpg** new tires,0.090831952806174
soul 33k clean,0.0903773889854135
soul 5dr wgn auto + 90 day w,0.0858317507778092
soul 5dr wgn man base,0.0705382035637803
soul 62k,0.0651238433876116
soul automatic,0.1009333710452947
soul base,0.09425283694446082
soul base 4dr,0.045415976403087
soul base 4dr crossover 6a,0.08546136544237476
soul base 4dr crossover 6m,0.08057901329346635
soul base automatic,0.1444199765647096
soul base manual,0.1564204614327851
soul basecrossover 6a,0.0807709402400097
soul bluetooth power window,0.0605276980888116
soul ev,0.10419055594026086
soul ev + wagon 4d,0.18389815566469164
soul ev base,0.1305002222312012
soul ev plus,0.13296328471184013
soul ex plus,0.1278469163737255
soul ex wagon 4d,0.2322013010626692
soul exclaim,0.10390520829124401
soul fwd,0.1261869166430966
soul fwd gas suv automatic,0.0555173946422077
soul gt-line wagon 4d,0.1978564790496585
soul handicap,0.110075154551699
soul hatchback,0.0706291163279324
soul lx,0.1716837043920966
soul lx wagon 4d,0.19184052329835993
soul plus,0.08948180642744055
soul plus automatic,0.07643743181542684
soul s,0.1918461351973817
soul s wagon 4d,0.17720684907237894
soul sport,0.05386707543739136
soul wagon,0.1008525596993818
soul wagon 4d,0.15260212533839748
soul wgn auto,0.1009333710452947
soul wgn man base,0.0605276980888116
soul x-line,0.18527011192371404
soul x-line wagon 4d,0.19942781077574395
soul!,0.0907814457149783
soul+,0.0812692768731396
sould,0.0605681037617681
soule,0.0807305345670532
southern comfort,0.4949391894622004
sovereign xj12 saloon,0.0201725322235241
spark,0.09240694663155277
spark - ls,0.0605276980888116
spark 1 lt,0.1009333710452947
spark 1lt,0.06417835064042987
spark 1lt hatchback 4d,0.14977372823144366
spark 2lt,0.0605276980888116
spark 2lt hatchback,0.090831952806174
spark 4dr hb cvt ls,0.1262374237342922
spark activ hatchback,0.18153128376643432
spark ev,0.09817568386601475
spark ev 1lt hatchback,0.11583296294799783
spark ev 1lt hatchback 4d,0.0656289142995676
spark ev 2lt hatchback,0.11984204530368006
spark hatchback,0.0605276980888116
spark hb auto lt w/,0.060456988161137794
spark ls,0.07034163990066823
spark ls cvt,0.058052850620227
spark ls hatchback 4d,0.13948442361307523
spark ls manual,0.0605681037617681
spark lt,0.07050862083893716
spark lt hatchback,0.055476988969251254
special editions,0.1666430966907753
spectra,0.029460859493078584
spectra 5,0.0166370358398319
spectra ex,0.02471766536021652
spectra exsedan (2l i4 4a,0.0393652268778536
spectra ld,0.0368398723180734
spectra lx,0.02900622247363525
spectra spectra5 sx,0.0353246595822053
spectra sx,0.012596468544183548
spectra5,0.010407827925707401
spectra5 sx,0.03709240777405145
speed 3,0.0982901666060581
speed 6 sport,0.0706695220008889
speed3,0.04113297506969973
spider,0.1817952240494565
spider 124,0.190532950826296
spider 2000,0.070679623419128
spirit,0.0151218231039637
spo,0.15325366681482075
spo se,0.3030021415006667
sport,0.29371146046567276
sport 1500,0.2422825164653117
sport 3.,0.3913238918744192
sport 4wd 4dr hse,0.2524546446321063
sport 4x4,0.2363428825407087
sport 4x4 - hse lux - 4dr suv - clean carfax,0.1489555133540749
sport au,0.4635187280294154
sport autobiography,0.3929148652470807
sport awd hse 3.0l supercharged v6 clean carfax,0.4241080447694856
sport cc,0.0656188128813285
sport die,0.3833185179199159
sport hs,0.4960452947593842
sport hse,0.2054570747447227
sport hse 4x4 v8 auto gps heated leather moon roof,0.131237625762657
sport hse lux,0.1817447169582609
sport hse lux luxury,0.1412582326558648
sport se,0.3872277667784556
sport su,0.22207462927795057
sport supercharged,0.4654006222473635
sport svr,0.7474695947311003
sport trac,0.04093094670491732
sport track,0.08330639621802895
sport utility vehicle,0.0454260778213261
sportage,0.12619672254112133
sportage awd,0.12453701833070689
sportage ex,0.14249611554553165
sportage ex 2.4l awd,0.1413390440017778
sportage ex awd,0.1290355165865287
sportage ex awd gas suv,0.2410551941492585
sportage ex awd limited,0.1242171400864681
sportage ex sport utility 4d,0.21334195321023064
sportage lx,0.1029036403540325
sportage lx 2.4l,0.08557921532183116
sportage lx 2wd at,0.0504262798496909
sportage lx 4d sport utility automatic,0.16105196169542202
sportage lx 4wd,0.0393652268778536
sportage lx 4x4,0.0484565032930623
sportage lx awd,0.1180095780685703
"sportage lx awd, w/ lane warning",0.2221907955877005
sportage lx fwd,0.1304814624544714
sportage lx sport utility,0.0908319528061739
sportage lx sport utility 4d,0.18739703586029044
sportage s sport utility 4d,0.2382621520061416
sportage sx,0.1483140732958907
sportage sx sport utility 4d,0.23987837892440092
sportage sx turbo,0.1487484342801729
sportgage,0.0353246595822053
sportqage lx,0.0473958543779546
sports trac xlt,0.0242130995191724
sportside,0.0656289142995676
sportster,0.0706291163279324
sporttrac,0.0302234433714493
sporttrax,0.0464362196452382
spriner 2500,0.1110852963756111
sprinter,0.34353060982261907
sprinter 1500,0.3686714614731908
sprinter 2500,0.34231263979910537
sprinter 2500 cargo,0.23431538359414228
sprinter 2500 ext,0.136338841973413
sprinter 2500 high r,0.4540284455937614
sprinter 2500 pas,0.3939149056527536
sprinter 2500 passenger,0.2524546446321063
sprinter 3500,0.2920471534203402
sprinter 3500 cab & chassis,0.2423532263929855
sprinter 3500 cargo van high roof,0.3130126469756353
sprinter 3500 super hi,0.1867954260778213
sprinter cab chassis,0.42102011891700364
sprinter cargo,0.3575073740353145
sprinter cargo van,0.4432510741174727
sprinter cargo vans,0.3938744999797972
sprinter carib,0.0797708998343367
sprinter crew,0.3230635581235605
sprinter crew van,0.46600199334653253
sprinter diesel cargo van 42km,0.2524950503050628
sprinter high top,0.4191785526687946
sprinter passenger,0.4087740918825003
sprinter van,0.1110852963756111
sprinter wheelchair,0.2216958260939835
sq5,0.3535165791822626
sq5 3.0t premium,0.2222008970059396
sq5 3.0t premium plus,0.27722837286355
sq5 3.0t premium plus 4d sport utility automatic,0.3833185179199159
sq5 3.0t prestige,0.4773526203078912
sq5 premium plus,0.3149950503050628
sq5 premium plus sport,0.3882023340424821
sq5 prestige awd,0.5554971918057295
sq5 prestige sport utility,0.4301890985494363
sq5 quattro,0.2929007232615459
sq5 quattro prestige,0.2928805204250677
sr 5,0.0524970705887106
sr-5,0.0242130995191724
sr5,0.0454260778213261
sr5 preium 4runner,0.2151097014020768
srt 10,0.5201876843508829
srt-10,0.788880358802376
srt10,0.6958361954018345
srx,0.11719491278644482
"srx **navigation,",0.1292678492060285
srx 3.6,0.2019980605276981
srx awd,0.08485662720379271
srx awd 4dr luxury collection,0.17416865327892028
srx awd 4dr premium collection,0.1817447169582609
srx fwd 4dr luxury col,0.1918461351973817
srx luxory collection,0.1110347892844155
srx luxury,0.09152500864779949
srx luxury awd,0.2245595781647743
srx luxury awd! awd,0.13468653856144255
srx luxury collection,0.19144494818890753
srx luxury fwd,0.1409854943634086
srx performance,0.17605802254636546
srx performance awd,0.0454260778213261
srx performance awd!,0.1764313709644834
srx performance collect,0.15355165865287485
srx premium,0.18884096327124322
srx premium awd,0.1069235120610933
srx premium collection,0.20773029970907914
srx rwd,0.0454260778213261
srx sport utility 4d,0.18890950860929445
srx suv,0.07371004889086424
srx v-6 wagon,0.0454260778213261
srx v8,0.04331488140934983
srx-4,0.1767445149298961
srx-v6 luxury collection,0.090831952806174
srx4,0.055938768088753914
srx4 awd,0.12117661319649274
srx4 premium,0.1151258636712594
srx~awesome colors~ navigation~ camera~ factory ch,0.141359246838256
ss,0.3989514727867792
ss camaro,0.2019980605276981
ss impala,0.0802759707462927
ss sedan,0.4101926196152226
ss sedan 4d,0.36730777001090953
ss454,0.1302779910299406
ssr,0.2452347888590926
ssr ls,0.22854795479952048
st,0.7030183037698493
st3,0.1009737767182512
stanza,0.00805083033657925
starcraft,0.0504262798496909
starcraft e350,0.1161360054951715
starr,0.2120994787668188
station wagon,0.0151218231039637
station wagon v70 t5,0.0201725322235241
stealth,0.032137662127762666
stealth base,0.0262333831669966
stealth es,0.0252232413430845
stealth r/t,0.030172936280253703
stealth rt twin turbo,0.1322982746777647
stealth tt,0.0656289142995676
step side,0.2171501878863792
step side pickup,0.2171501878863792
step van,0.2871385856860017
step-van,0.1009737767182512
stepside,0.0383550850539415
stepvan,0.18533072043314874
sterling,0.5858519536142874
sterling l7500,0.070679623419128
sterling semi truck,0.0858317507778092
sti,0.2497247363529839
stinger,0.3592630005252737
stinger awd,0.2474544426037415
stinger base 4d sedan automatic,0.2465049092892642
stinger gt,0.3011603162417336
stinger gt awd,0.3434078144571498
stinger gt awd gas sedan,0.3737120691745121
stinger gt sedan 4d,0.35947917087559084
stinger gt-line sedan 4d,0.307625223914771
stinger gt1 sedan 4d,0.3231140652147561
stinger gt2,0.30450220210917606
stinger gt2 sedan 4d,0.38978342559295315
stinger premium,0.3231948765606691
stinger premium sedan 4d,0.2928098104973938
stingray,0.1009838781364903
stratus,0.01698838951771432
stratus 4-door,0.005020404864843
stratus es,0.0100711139844034
stratus r/t,0.030240279068514533
stratus sdn,0.02699098953493065
stratus sdn 4dr sxt,0.007714116395275201
stratus se,0.01936441876439446
stratus se plus,0.0181522485757
stratus sxt,0.022867085538809586
stratus sxtsedan,0.0171421067517879
street glide,0.2120489716756232
sts,0.05687649455074398
sts 4dr sdn northstar,0.0989635944886662
sts 4dr sedan northstar,0.0989635944886662
sts awd sedan cars,0.0777506161865125
sts v6,0.051938967230999174
sts v8,0.0433552870823063
sts v8 rwd,0.0353246595822053
sts-4,0.0302739504626449
sts-v,0.0908824598973696
sts4,0.054492100690937004
stx,0.0705786092367368
stx4 all wheel drive.,0.0393652268778536
suburan k1500,0.0554769889692512
suburban,0.15454585970049595
suburban 1500,0.0878415481914613
suburban 1500 4wd,0.0705786092367368
suburban 1500 4x4,0.05853771869570483
suburban 1500 4x4 5.3l.,0.0459311487332821
suburban 1500 ls,0.0560325669724029
suburban 1500 ls 4wd v,0.1716432987191401
suburban 1500 lt,0.12315245060406477
suburban 1500 lt 4dr,0.0301729362802537
suburban 1500 lt 4wd,0.0706695220008889
suburban 1500 lt 4x4,0.18279189731571643
suburban 1500 ltz,0.2842558435629894
suburban 2500,0.1016889112140435
suburban 2500 4x4,0.1085599418158309
suburban 2500 ls,0.0656289142995676
suburban 2500 lt 4x4 4ws,0.1715927916279445
suburban 2wd 4dr lt,0.2726574811103479
suburban 4 x 4 1500,0.0353246595822053
suburban 4dr 1500 4wd lt,0.0705382035637803
suburban 4wd,0.1055244656349751
suburban 4wd 4dr 2500 lt w/1lt,0.1615418804800193
suburban 4wd 4dr ltz,0.2625560628712271
suburban 4x4,0.14788187690123117
suburban 5wd lt,0.3130126469756353
suburban dually,0.1292678492060285
suburban k1500,0.049935639535219255
suburban k2500,0.0807810416582488
suburban le 4x4,0.0398702977898096
suburban ls,0.15228320913399096
suburban ls 1500 4dr,0.1008828639540991
suburban ls 1500 4wd,0.0807709402400097
suburban ls 1500 4x4,0.0393652268778536
suburban ls 4x4,0.0555274960604468
suburban lt,0.15550134099042556
suburban lt 1500,0.12111972626219876
suburban lt 1500 bac,0.417532021495818
suburban lt 1500 lt 15,0.1211766131964928
suburban lt 2500,0.2605862863145985
suburban lt 2500 lt 2500 4dr suv,0.1211362075235363
suburban lt 2wd,0.2696775627298072
suburban lt 4wd,0.1161309547860519
suburban lt 4x4,0.16754100053425272
suburban lt 4x4 gas,0.4747262515657198
suburban lt w/1lt,0.1211766131964928
suburban lt w/3lt,0.0903773889854135
suburban ltz,0.1363959609020015
suburban ltz 1500,0.20239908683179114
suburban ltz 1500 4x4,0.2625560628712271
suburban ltz 4wd,0.10223140328902174
suburban ltz 4x4,0.1548363213724618
suburban ltz rwd gas,0.3939149056527536
suburban ltz sport,0.3433169016929976
suburban premier,0.5713692135709186
suburban premier 4x4,0.5273993754437409
suburban slt,0.0100711139844034
suburban z-71,0.0322942341104691
suburban z71,0.08084097673980088
suburban z71 4x4,0.04860802456664914
suburbann lt 1500,0.0437290395571538
sunbird,0.0489615742050183
sunbird convertible,0.0201725322235241
sundancer,0.0484565032930623
sunfire,0.016802331774653845
sunfire se,0.03422360499414113
sunfire se convertible,0.0151218231039637
sunfire sl,0.0201220251323285
sunfire sport coupe,0.0302234433714493
super crew 4x4,0.110075154551699
super duty,0.12330801244494723
super duty 4x4 f-350,0.2373530243646207
super duty e-250,0.1060345872560507
super duty f 250 srw,0.4938078306194189
super duty f 350 srw,0.6756333589235929
super duty f-150 xcab-4x4,0.1918461351973817
super duty f-250,0.332412218675502
super duty f-250 6.2,0.1816740070305871
super duty f-250 6.2 rwd,0.1816740070305871
"super duty f-250 crew cab 172"" xlt 4wd",0.2318376500060608
super duty f-250 lariat,0.24800104156845837
super duty f-250 lariat -,0.6969170471534204
super duty f-250 pickup,0.48740663958450536
super duty f-250 pow,0.5826902097054427
super duty f-250 srw,0.35262134278040164
"super duty f-250 srw 4wd crew cab 156"" platinum",0.5251929370883672
"super duty f-250 srw 4wd crew cab 156"" xlt",0.2120489716756232
super duty f-250 srw king,0.5050305062830822
super duty f-250 srw king ranch automatic,0.7270899834336741
super duty f-250 srw laria,0.317925044368537
super duty f-250 srw lariat,0.4475972093148545
super duty f-250 srw lariat 4wd crew cab 6.75' box,0.6969170471534204
super duty f-250 srw lariat automatic,0.4750966369011542
super duty f-250 srw platinum 4wd crew cab 6.75' box,0.7474443411855025
super duty f-250 srw srw,0.0018586609559982
super duty f-250 srw xl,0.41968137882114204
super duty f-250 srw xl automatic,0.5006060850943473
super duty f-250 srw xlt,0.3780095011053838
"super duty f-250 supercab 142"" xlt 4wd",0.1009333710452947
"super duty f-250 supercab 158"" xlt 4wd",0.1305608307406359
super duty f-250 xl,0.3426199038344983
super duty f-250 xlt,0.19037738898541348
super duty f-250 xlt 4x4,0.2311406521475615
super duty f-250/40k m,0.3635702452624348
super duty f-350,0.2540708715503657
super duty f-350 20k m/flat bed reg cab/,0.2625560628712271
super duty f-350 6.2,0.1917754252697078
super duty f-350 drw,0.4167044377458076
super duty f-350 drw cab-chassis,0.1716432987191401
super duty f-350 drw chassis cab,0.3787728797123116
super duty f-350 drw king,0.6010105747418367
super duty f-350 drw king r,0.5251424299971716
super duty f-350 drw laria,0.5552359979912609
super duty f-350 drw pickup,0.6245336511912939
super duty f-350 drw plati,0.7676774819184614
super duty f-350 drw xl,0.26253861496699593
super duty f-350 drw xl ut,0.1918461351973817
super duty f-350 drw xlt,0.4343205786092367
super duty f-350 srw,0.35920016766313584
super duty f-350 srw 4wd la,0.3731564911713604
"super duty f-350 srw crew cab 172"" xlt 4wd",0.131237625762657
super duty f-350 srw king,0.515131924522203
super duty f-350 srw laria,0.5001802093013858
super duty f-350 srw lariat automatic,0.6967857287163118
super duty f-350 srw pickup,0.32936179239565233
super duty f-350 srw plati,0.84593316901693
super duty f-350 srw platinum automatic,0.6216412784354924
super duty f-350 srw xl,0.1917653238514687
super duty f-350 srw xl automatic,0.3753484989292496
super duty f-350 srw xlt,0.30971886309980773
super duty f-450,0.18662168168410842
super duty f-450 drw,0.3284732327021123
super duty f-450 drw cab-chassis,0.1614812719705846
super duty f-450 drw chassis cab,0.3929148652470807
super duty f-450 drw laria,0.8290974719517287
super duty f-450 drw platinum 4wd crew cab 8' box,0.919188654087034
super duty f-450 drw xl,0.4241787546971595
super duty f-450 pickup,0.6072804288388757
super duty f-450 xl,0.1903814295527092
super duty f-550,0.2712129783021536
super duty f-550 drw,0.4178983003676723
super duty f-550 drw xl,0.1918461351973817
super duty f-650,0.099283472732905
super duty f-650 chassis v-10,0.4544830094145218
super duty f-650 straight frame,0.0605681037617681
super duty f-750 straight frame,0.27804749427845304
super duty f250,0.8418723988848035
super duty f250 srw,0.8418723988848035
super duty f250 srw lariat,0.5598357509394319
super duty f250 srw stx,0.5946906945735182
super duty f250 srw xl,0.5078041873745741
super duty f250 srw xlt,0.5742403733484182
super duty f350 diesel,0.1201765727908198
super duty f350 drw xlt,0.0969231080043638
super duty lariat f-350 srw,0.6868560345872561
super duty ramp truck,0.1211867146147319
super v8,0.0908824598973696
supercha,0.29924778105512684
superchar,0.2587091060918286
supercharged,0.4186734817568386
superdury,0.0019899793931067
superduty,0.0757303325386884
superduty 4x4 diesel,0.1514404622408986
superduty crew cab,0.2727079882015434
supra,0.21974069659380174
supra - coupe hatchback,0.0856600266677441
supra 3.0 premium gr,0.5605984080164855
supra a91,0.6161461069134107
supra gr rwd gas coupe,0.568164370277587
supra jza80,0.1145702856681078
supra premium rwd gas,0.5757404339569276
supra turbo,0.4939290476382884
supra twin turbo,0.7474746454402199
supreme bus,0.0656289142995676
susburban lt 4x4,0.0805285062022708
suv,0.03364108987568517
sv autob,0.9287951028324376
svautobiography,0.8787829811305508
svt focus,0.0353246595822053
svt raptor,0.3610701442482524
svx,0.06546055732891563
sw2,0.016003171845327024
swb 1500,0.070174552507172
sx4 se,0.0504666855226473
syclone,0.1201765727908198
syncro,0.1413895510929734
syncro 4x4,0.2777586973211038
szuburban 1500 4wd,0.058052850620227
t 250,0.2726574811103479
t camper van,0.4040264253101135
t campervan,0.40619101493278226
t campervan rv,0.4040264253101135
t campervn,0.4040264253101135
t class b camper van,0.4040264253101135
t class b campervan,0.4040264253101135
t class b rv,0.4040264253101135
t garageable campervan,0.4040264253101135
t series,0.23684795345266468
t&c touring,0.0221928158713483
t&c touring-l,0.1008828639540991
t-100,0.005020404864843
t-150,0.1716938058103357
"t-150 130"" low roof cargo",0.1807850822255444
t-350 el super hi cargo,0.1867954260778213
t-350 hd,0.4040062224736352
t-8500 extended cab over 24 foot,0.1918461351973817
t-8500 extended cab over box truck,0.1918461351973817
t-bird,0.12287028432125201
t/c,0.0454260778213261
t100,0.07112520820145365
t100 4x4,0.05590629924441385
t100 dx,0.0328801163683381
t100 sr5,0.057547779708271
t100 tacoma,0.0191623903996121
t250 medium roof 148 wb cargo,0.30258293264374314
t250 vans,0.22170592751222268
t350 el super hi cargo,0.1817447169582609
t350 med roof lwb,0.1908865004646652
t4 eurovan mv,0.0252232413430845
t4 transporter pickup,0.0656289142995676
t6500,0.1161360054951715
t7500,0.27902137460099397
ta,0.0023334276132368
tacom,0.23480241625924275
tacoma,0.2229686360106239
tacoma (2.7l),0.0373449432300295
tacoma *trd sport*back u,0.3771263485393349
tacoma / tundra,0.1565416784516546
tacoma 2008,0.1565416784516546
tacoma 2020 sr5,0.2727079882015434
tacoma 2d,0.0555274960604468
tacoma 2dr regular cab,0.11058022546365505
tacoma 2dr xtracab,0.11938192788934227
tacoma 2wd,0.31546440548824484
tacoma 2wd access cab i4 at prerunner (natl),0.2312921734211483
tacoma 2wd crew cab,0.0696694815952159
tacoma 2wd double cab i4 at prerunner (natl),0.282708392258273
tacoma 2wd double cab lb v6 at prerunner (natl),0.241393591660269
tacoma 2wd double cab v6,0.2524546446321063
tacoma 2wd double cab v6 at prerunner (natl),0.2211907551820275
tacoma 2wd double cab v6 at sr5 (natl),0.27522324134308457
tacoma 2wd sr5 double cab 5' bed v6 at (natl),0.3421173582771021
tacoma 2wd trd sport double cab 5' bed v6 at (natl),0.37725514162188367
tacoma 4 x 4,0.1514909693320942
tacoma 4.0l,0.3029617358277102
tacoma 4dr access cab,0.0807305345670532
tacoma 4dr access cab sr5,0.1408844801810174
tacoma 4dr double cab,0.1711887348983797
tacoma 4dr double cab sr5,0.201492989615742
tacoma 4dr double cab trd,0.1913915713766212
tacoma 4wd,0.4210556681388836
tacoma 4wd 1 owner,0.1918461351973817
tacoma 4wd access cab v6 at (natl),0.2220998828235484
tacoma 4wd dbl v6 mt (natl),0.1766232979110267
tacoma 4wd double cab v6,0.3332659905450725
tacoma 4wd double cab v6 at (natl),0.24206701954287713
tacoma 4wd double lb v6 at (natl),0.1716432987191401
"tacoma 4wd sr | 4x4, v6,",0.3837730817406763
tacoma 4wd sr5,0.4535233746818053
tacoma 4wd trd off road,0.4388712675259606
tacoma 4wd trd off road double cab 5' bed v6 at (natl),0.4040163238918744
tacoma 4wd trd offroad,0.512040890541032
tacoma 4wd trd pro,0.555537597478686
tacoma 4wd trd pro double cab 5' bed v6 at (natl),0.5074598973695907
tacoma 4wd trd sport,0.1918461351973817
tacoma 4wd trd sport automatic,0.3939250070709927
tacoma 4wd trd sport double cab 5' bed v6 at w/ bluetooth automatic,0.4040264253101135
tacoma 4x2 *prerunner 4dr access cab 6.1 sb 4a *1-owner* local *truck,0.2312820720029092
tacoma 4x4,0.15433587837270812
tacoma 4x4 2017,0.3484686249949493
tacoma 4x4 crew cab,0.1176512182310396
tacoma 4x4 limited,0.136338841973413
tacoma 4x4 pre runner,0.1807850822255444
tacoma 4x4 quarter ton,0.0221928158713483
tacoma 4x4 trd,0.313063154066831
tacoma 4x4 trd off road,0.2929007232615459
tacoma 4x4 v6,0.2418986625722251
tacoma 73k,0.141359246838256
"tacoma access 128"" v6 auto 4wd (natl)",0.1104994141177421
tacoma access cab,0.19683384622469807
tacoma access cab 2wd,0.1211362075235363
tacoma access cab 4wd sr5,0.1716432987191401
tacoma access cab pickup,0.2560203598462602
tacoma access cab sr,0.26159744505980986
tacoma access cab sr5,0.27557151163941107
tacoma access cab trd,0.3387849233577849
tacoma access cab trd 4x4,0.136338841973413
tacoma access cab trd pro,0.2887692432017455
tacoma access cab v6 auto 4wd,0.136338841973413
tacoma access sr,0.1817447169582609
tacoma base,0.18500603198974847
tacoma base 4x4 4dr acces,0.222150389914744
tacoma crew cab,0.2802587983352863
tacoma crew cab pickup,0.0393652268778536
tacoma crew cab short bo,0.3939048042345145
tacoma crew cab sr 4x4,0.3358317507778092
tacoma double,0.37362115641036
tacoma double cab,0.28245442782117824
tacoma double cab 4wd,0.3020021010949937
tacoma double cab 4wd v6,0.19633565441476866
tacoma double cab 4x4,0.22739945415609075
tacoma double cab 4x4 / v,0.2119984645844276
tacoma double cab 4x4 / v6 3.4 l / oregon truck / timing belt + water pump replaced / 1-owner / low miles,0.2018970463453068
tacoma double cab limited,0.28926421269546243
tacoma double cab limited v6 4x4 / trd off road / e-locke moon roof / new wheels / new tires / low miles / lifted,0.2322013010626692
tacoma double cab long bed v6 auto 4wd 48k miles,0.3424077740514768
tacoma double cab pickup,0.29280981049739385
tacoma double cab sr,0.2767990625883874
tacoma double cab sr5,0.27879998518458654
tacoma double cab sr5 trd,0.1504808275081821
tacoma double cab trd,0.358188113420648
tacoma double cab trd 4x4,0.1908865004646652
tacoma double cab trd of,0.423724190876399
tacoma double cab trd sport 4wd,0.2211907551820275
tacoma double cab v6,0.2524546446321063
tacoma double cab v6 4wd,0.1817851226312174
tacoma double cab v6 4wd 4-speed automatic,0.1006707341710776
tacoma double cab v6 4x,0.222150389914744
tacoma doublecab,0.1817851226312174
tacoma extended cab,0.1009737767182512
tacoma extra cab,0.078710250919229
tacoma flat bed,0.111075194957372
tacoma for,0.0555274960604468
tacoma hilux pickup,0.1262374237342922
tacoma lifted trd sport,0.4241787546971595
tacoma limited,0.2790213746009939
tacoma limited 4x4,0.3424077740514768
tacoma limited 4x4 gas,0.4311042870419007
tacoma limited double cab 5' bed v6 4x2 at (natl),0.3221544304820397
tacoma limited v6,0.313063154066831
tacoma offroad,0.4040163238918744
tacoma pickup,0.10042830013333864
tacoma pickup truck,0.0656289142995676
tacoma pre runner,0.2120489716756232
tacoma pre-runner,0.2069982625560628
tacoma pre-runner sr5,0.0302739504626449
tacoma pre-runner sr5 4x2,0.20288698533274066
tacoma pre-runner v6,0.0757303325386884
tacoma prerunner,0.1540102630409309
tacoma prerunner 4x2,0.1604610287284334
tacoma prerunner double c,0.1413390440017778
tacoma prerunner rwd gas,0.2824205018384581
tacoma prerunner sr5,0.15947108974099958
tacoma prerunner sr5 rwd,0.171633197300901
tacoma prerunner sr5 trd,0.1312780314356135
tacoma prerunner trd rwd,0.2928603175885894
tacoma prerunner truck,0.1009737767182512
tacoma prerunner v6,0.1689411693401753
tacoma prerunner vs,0.0807810416582488
tacoma reg cab i4,0.1312780314356135
tacoma reg i4 at (natl,0.16821891793607818
tacoma regular cab,0.0655279001171764
tacoma regular cab 2wd,0.0706291163279324
tacoma regular cab 4wd,0.1110852963756111
tacoma regular cab auto 2wd,0.1058325588912683
tacoma regular cab picku,0.1008626611176209
tacoma sport,0.2120994787668188
tacoma sport 4x4,0.2676572790819831
tacoma sr,0.30361664444354647
tacoma sr 4x4 1/4 ton gas,0.3838134874136328
tacoma sr 4x4 quarter ton,0.3679398301807288
tacoma sr 5,0.2493535092326962
tacoma sr access cab 4x2,0.272586771182674
tacoma sr access cab 6',0.3332154834538769
tacoma sr double cab 5' bed v6 4x4 at (natl),0.3382459897369591
tacoma sr v6,0.4140773364580387
"tacoma sr v6, , lifted,",0.2817992646167522
tacoma sr5,0.2281692189583417
tacoma sr5 2.7l 4x4,0.0908824598973696
tacoma sr5 4wd,0.1211362075235363
tacoma sr5 4x4,0.2229383005373954
tacoma sr5 4x4 1/4 ton,0.24519958157680888
tacoma sr5 4x4 double cab,0.4079457755868924
tacoma sr5 access cab,0.2716978463776314
tacoma sr5 dbl cab,0.2676471776637439
tacoma sr5 dbl lb,0.200987918703786
tacoma sr5 double cab,0.20894783627621313
tacoma sr5 double cab 5 b,0.3433674087841933
tacoma sr5 double cab 5' bed v6 4x2 at (natl),0.32220493757323526
tacoma sr5 double cab 5' bed v6 4x4 at (natl),0.3232049779789082
tacoma sr5 prerunner,0.0848847428178916
tacoma sr5 rwd,0.0706291163279324
tacoma sr5 rwd 1/4 ton,0.3059728767737172
tacoma sr5 trd *one,0.1807850822255444
tacoma sr5 trd off road,0.3434078144571498
tacoma sr5 trd sport,0.318164370277587
tacoma sr5 v6,0.292910824679785
tacoma sr5 v6 4dr doubl,0.3433270031112368
tacoma sr5 v6 4x2double,0.3105175966705725
tacoma sr5 v6 4x4double,0.4140369307850822
tacoma sr5 v6 crew cab,0.3411551981898258
"tacoma sr5 v6, , double",0.2716978463776314
tacoma srs,0.1156309345832154
tacoma standard cab,0.1161360054951715
tacoma trail,0.4116226918259323
tacoma trd,0.252553975244791
tacoma trd 4wd,0.0797708998343367
tacoma trd 4x4,0.3110933775102024
tacoma trd off road,0.3234034411372533
tacoma trd off road 4dr,0.4434219564426845
tacoma trd off road 4x4,0.39220397793850253
tacoma trd off road doubl,0.444381591175401
tacoma trd off road double cab 5' bed v6 4x4 at (natl),0.3713988443977534
tacoma trd off road lifted 4wd premium,0.4140773364580387
tacoma trd off-road,0.38089670289708666
"tacoma trd off-road full ads coil over adjustable resivoirs kit* koning ultra light 17""wheels*bfg ko2 tires*trd off road*camburg upper control arms*trd pro grill & roof rack*nav*tech pkg*",0.4444017940118792
tacoma trd offroad,0.2802587983352862
tacoma trd prerunner,0.222150389914744
tacoma trd pro,0.4805867577141163
tacoma trd pro 4x4,0.5049901006101257
tacoma trd pro 4x4 gas,0.4878580952765768
tacoma trd sport,0.3317118452597411
tacoma trd sport 4d double cab automatic,0.3631156814416744
tacoma trd sport 4x4,0.325256342913622
tacoma trd sport 4x4 gas,0.3838134874136328
tacoma trd sport access,0.3332659905450725
tacoma trd sport automatic,0.4039052082912441
tacoma trd sport double c,0.4444118954301184
tacoma trd sport double cab 5' bed v6 4x2 at (natl),0.3499585841852196
tacoma trd sport double cab 6' bed v6 4x2 at (natl),0.3727120287688391
tacoma trd sport rwd gas,0.36072453143849964
tacoma trd sport v6crew,0.3929148652470807
"tacoma trd-sport, v6, ,",0.2514950098993899
tacoma truck 4x4,0.1262374237342922
tacoma v6,0.26635924683825607
tacoma v6 1 owner* trd sport* navigation*back up cam* 6-speed manual* rust free*1-owner*non smoker*bilstein toytec lift,0.2928805204250677
tacoma v6 1-oregon owner*zero rust*4x4*trd off road*45 service records*like new in&out*rear lockers*never off road*zero accidents,0.232272010990343
tacoma v6 4dr double ca,0.2271808961978261
tacoma v6 4dr double cab,0.2928805204250677
"tacoma v6 4dr double cab 1-oregon owner* rust & accident free*timing belt service done*new full buid*bilstein lift*new 33""yokohama goo3*new 17""mk6 wheels*like new in & out",0.2524748474685845
tacoma v6 4dr double cab 1-owner* rust free*arizona truck since new* 6-speed manual*rear lockers*trd off road*leveling kit*rear air bags* zero accidents* all records since new,0.2928805204250677
tacoma v6 4dr double cab v6,0.1110347892844155
tacoma v6 4x4,0.1514404622408986
tacoma v6 4x4double cab,0.2120085660026667
tacoma v6 sr5 4wd,0.1413390440017778
"tacoma v6, 4dr, , tastef",0.2716978463776314
tacoma x runner,0.1105802254636551
tacoma x-cab,0.1807850822255444
tacoma x-runner,0.10300416178431446
tacoma xtra cab,0.1575518202755667
tacoma xtracab,0.16622194525342124
tacoma xtracab v6 auto 4wd (natl),0.1614913733888237
"tacoma, extra cab",0.0302739504626449
tacome,0.06461877247565555
tacpoma double cab 4x4,0.2524546446321063
taho lt,0.0252232413430845
tahoe,0.17297775782702318
tahoe -lt,0.0423956523495898
tahoe 1500,0.15181084757633304
tahoe 1500 4wd,0.0595680633560952
tahoe 1500 lt,0.1346047651756973
tahoe 1500 ltz,0.2447405282368311
tahoe 1500 ltz 4x4 gas,0.2625964685441836
tahoe 1500 rst 4x4 gas,0.7676673805002223
tahoe 2dr,0.1408844801810174
tahoe 4wd,0.09997373631257825
tahoe 4wd 4dr 1500 lt w/1lt,0.1810174148450442
tahoe 4wd 4dr 1500 ltz,0.19153097094832106
tahoe 4wd 4dr lt,0.41311770172532225
tahoe 4wd 4dr ltz,0.3080528506202271
tahoe 4wd 4dr premier,0.5287536870176573
tahoe 4wd ls.,0.0555274960604468
tahoe 4wd premier,0.4645137177259687
tahoe 4wd1500 ls,0.1913915713766212
tahoe 4x4,0.0694320982665966
tahoe 4x4 5.3l,0.0454260778213261
tahoe 4x4 5.3l vortec,0.0767404743626005
tahoe 4x4 lt,0.1514404622408986
tahoe 4x4 ltz 4dr suv loaded dvd leather moon roof,0.4342094630086064
tahoe base,0.1312780314356135
tahoe commercial,0.131237625762657
tahoe hybrid,0.10611034789284413
tahoe k-1500 4x4,0.0656289142995676
tahoe k1500,0.0908218513879348
tahoe ls,0.12478260458406655
tahoe ls 2dr ls,0.1211362075235363
tahoe ls 2wd,0.0605681037617681
tahoe ls 4x4,0.08075218046327985
tahoe ls 4x4 gas suv,0.44009281760302
tahoe ls 4x4suv,0.2827993050224251
tahoe ls sport utility,0.3943290638005575
tahoe ls suv,0.1383591256212372
tahoe lt,0.1788802241167993
tahoe lt 1500,0.1514404622408986
tahoe lt 2014,0.1918865408703381
tahoe lt 2dr 4x4 v8 5.7l automatic leather chrome wheels,0.131237625762657
tahoe lt 4wd,0.25348583107734984
tahoe lt 4wdsuv,0.0806598246393793
tahoe lt 4x2 4dr suv,0.1615418804800193
tahoe lt 4x2suv,0.3636106509353913
tahoe lt 4x4,0.1536990076015368
tahoe lt 4x4 4wd,0.1009333710452947
tahoe lt 4x4 gas suv,0.43684593316901693
tahoe lt 4x4suv,0.2373227201099034
tahoe lt autoride,0.0282536668148208
tahoe lt black & black,0.1413390440017778
tahoe lt heated leath,0.2928603175885894
tahoe lt lt 4dr suv,0.1413390440017778
tahoe lt sport,0.1952301103074871
tahoe lt sport utilit,0.141268334074104
tahoe lt sport utility,0.3786485903726874
tahoe lt w/2lt,0.1357731625520223
tahoe lt z71,0.2465310046197152
tahoe lt**leather*3rd,0.4023798941371368
tahoe lt1,0.1711382278071841
tahoe ltz,0.1981054492991992
tahoe ltz 2wd,0.0651238433876116
tahoe ltz 4dr suv,0.1514000565679421
tahoe ltz 4wd,0.21725905872740087
tahoe ltz 4wd--we finance!!,0.292910824679785
tahoe ltz 4x4,0.180595961228512
tahoe ltz 4x4 4dr suv,0.353468827023314
tahoe ltz 4x4 5.3l,0.3216998666612792
tahoe ltz 4x4 gas suv,0.3366735356310693
tahoe ltz 4x4suv,0.1504808275081821
tahoe ltz loaded 4x4,0.1161360054951715
tahoe ltz w/ 3rd row/ quad seating !,0.2625964685441836
tahoe police,0.08917742467709128
tahoe police vehicle,0.0706291163279324
tahoe ppv,0.13465190512747985
tahoe premier,0.5855216372378683
tahoe premier -,0.5150915188492465
tahoe premier 4x4 gas,0.5136511754485624
tahoe premier rwd gas,0.4949290880439613
tahoe premium edition,0.5453957735666088
tahoe rst 4x4 gas suv,0.73736312578286
tahoe special,0.1615822861529758
tahoe sport,0.0807305345670532
tahoe sport utility,0.08477918299729283
tahoe z-71,0.0454260778213261
tahoe z-71 4x4,0.0605276980888116
tahoe z71,0.09838885862333689
tahoe z71 4wd,0.1109842821932199
tahoe z71 4x4,0.04676283216830305
tahoe z71 4x4 gas suv,0.49492908804396124
tahoe z71 lt,0.4646349347448382
tahoea,0.0252232413430845
tahoez71,0.0232029576952604
tam 1500,0.0454260778213261
tandra,0.0297688795506889
tansit cargo,0.3686209543819952
taoma,0.1696735221625116
tarus,0.01653400137379282
taurus,0.0694074130145706
taurus and blazer 2001,0.0019899793931067
taurus awd,0.0605681037617681
taurus awd police,0.0681542688593478
taurus awd police pkg,0.1009838781364903
taurus awd sedan 4dr cars,0.0766899672714049
taurus gl,0.0252232413430845
taurus limited,0.10554271003322331
taurus limited 4dr sedan,0.12906582084124607
taurus limited awd,0.11360560022627175
taurus limited fwd gas auto,0.17967104009974427
taurus limited fwd w/ sunroof automatic,0.2323023152450604
taurus limited sedan 4d,0.1783152854660794
taurus lx,0.019741538378655
taurus police,0.1413390440017778
taurus police interceptor,0.07489161772430493
taurus s,0.0181522485757
taurus se,0.03920558993491227
taurus se 4dr,0.0146167521920077
taurus se fwd,0.09967574447452415
taurus se sedan 4d,0.1663400541436017
taurus se standard,0.0226978867833043
taurus se w/ dual power seats,0.1211766131964928
taurus se wagon,0.0504262798496909
taurus sel,0.06332479883747102
taurus sel - awd,0.0797708998343367
taurus sel 4dr sedan,0.0806800274758576
taurus sel awd,0.10344205826498036
taurus sel awd gas sedan,0.1211766131964928
taurus sel fwd 6-speed automatic,0.0757303325386884
taurus sel fwd gas sedan,0.1413794496747343
taurus sel sedan 4d,0.18544616521302443
taurus sel sedan 4d automatic,0.1170653359731706
taurus sel sport sedan 4d,0.0676491979473918
taurus sel x,0.0403248616105701
taurus ses,0.023026856303958357
taurus sesedan,0.0141116812800517
taurus sessedan,0.0272435249909087
taurus sho,0.09733628859556392
taurus sho awd,0.11469655339609676
taurus sho sedan 3.5l ecoboost leather gps moon 365 hp,0.1009333710452947
taurus sho sedan 4d,0.3162025685248314
taurus tl,0.020162430805285
taurus touring,0.0498707018465392
taurus wagon,0.01991999676754608
taurus wagon lx,0.0302739504626449
taurus x,0.033444418323605334
taurus x limited awd,0.0555274960604468
taurus x ltd,0.0393652268778536
taurus x sel,0.045400824275728245
taurus xl,0.0080508303365792
taurux x eddie bauer,0.0454260778213261
tbird,0.15904177946583695
tbird convertible,0.1918966422885773
tbird coupe,0.0605782051800072
tbird turbo coupe,0.0605782051800072
tc,0.0340619823023152
tc 4500,0.3121035193341145
tc by maserati,0.07590022002725542
tc maserati,0.0504262798496909
tc4500,0.1716432987191401
tc5500,0.22973167846558756
tc75,0.247333225584872
tc8500,0.1110347892844155
td wagon,0.1287627782940724
tdi jetta,0.0625984888278314
tdi jetta golf sportwagen,0.1398743383571053
tdi jetta sport,0.0600731342680512
tdi jetta sport wg,0.0600731342680512
tdi jetta sportwagen golf,0.1398743383571053
tdi sportwagen jetta,0.1398743383571053
telluride,0.4131424961155455
telluride ex,0.44020970544264415
telluride ex sport utility,0.4131177017253222
telluride lx sport utility,0.37362115641036
telluride s sport utility 4d,0.38655097175643455
telluride sx v6 awd,0.5454462806578044
telluridew,0.3929148652470807
tempo,0.0226726332377065
tempo gl,0.03722372621116
terazza,0.0151218231039637
terazza cx,0.0141116812800517
tercel,0.02305143642167356
tercel 4wd,0.0201725322235241
terrain,0.1503648042780107
terrain awd,0.12115388500545472
terrain awd 4dr sle,0.237373227201099
terrain awd 4dr slt,0.1620823063558123
terrain awd sle,0.215129904238555
terrain denali,0.1668643177502121
terrain denali 4dr suv,0.1615418804800193
terrain denali automatic,0.2776374803022344
terrain denali awd,0.307042708796315
terrain denali awd! awd,0.2062406561881288
terrain fwd 4dr sle,0.2400804072891834
terrain fwd sle,0.14550082831629554
terrain sel,0.0696694815952159
terrain sl,0.1744716958260939
terrain sle,0.14814659178148606
terrain sle 4d sport utility automatic,0.2272516061255
terrain sle automatic,0.1565416784516546
terrain sle awd,0.10116570366479449
terrain sle awd! awd,0.20809426643500745
terrain sle backup cam,0.1160854984039759
terrain sle sport utility 4d,0.22855686781561382
terrain sle-1,0.13425313961699267
terrain sle-1 awd,0.0959230675986908
terrain sle-1 awd! awd,0.11127263176840935
terrain sle-1 sport utility,0.151389955149703
terrain sle-2,0.11491261150843352
terrain sle-2 awd,0.14070724620645828
terrain sle-2 sport utility,0.20492747181704307
terrain sle1,0.12609600387894454
terrain sle2,0.10766764987137527
terrain sle2 awd,0.1403794092690613
terrain slt,0.14569039826524974
terrain slt - 2 awd,0.1413794496747343
terrain slt 2wd,0.1333084165016768
terrain slt 4wd,0.1413390440017778
terrain slt awd,0.13329237307270878
terrain slt awd gas suv auto,0.21899161701126363
terrain slt diesel sport,0.2685664067235039
terrain slt sport utility 4d,0.24391894622004923
terrain slt suv,0.2185744878580952
terrain slt v6 awd,0.1307830619418966
terrain slt-1,0.12885593581783322
terrain slt-1 awd,0.0756798254474928
terrain slt-1 sport utility,0.090831952806174
terrain slt-2,0.13407724666765433
terrain slt1,0.0858317507778092
terrain slt2,0.09062992444139151
terrain sltsuv,0.1514808679138551
terran,0.0959331690169299
terraza,0.08434242292617879
terraza 4dr cxl fwd,0.0555173946422077
terraza cx,0.02519798779748675
terraza cxl,0.04019065705396463
terraza.,0.0605276980888116
terrian,0.0757303325386884
terrian denali,0.2424037334841811
terrian sle awd,0.1105802254636551
terrian sle2,0.070679623419128
terrrain,0.0797708998343367
thomas,0.0656289142995676
thunderbird,0.10848296645152772
thunderbird convertible,0.14914666326844594
thunderbird coupe,0.02926380863873285
thunderbird deluxe,0.18272118738804255
thunderbird lx,0.02671017010788309
thunderbird premium,0.13042951230352737
thunderbird sc,0.04542607782132605
thunderbird super coupe,0.0221928158713483
thunderbird turbo coupe,0.04416340054143595
thunderbird w/hardtop,0.1463897531213382
tiburon,0.031050316607308764
tiburon coupe,0.0080508303365792
tiburon es,0.031284092286557
tiburon gs,0.0181522485757
tiburon gt,0.022898132544868086
tiburon gt v6,0.0359863024768677
tiburon gt v6 2004,0.0302739504626449
tiburon gt v6 special,0.0353246595822053
tiburon se,0.0595680633560952
tiguan,0.1442730172219405
tiguan ** under,0.1686633803385995
tiguan *awd 2.0t se *4motion *clean carfax local suv,0.2512626772798901
tiguan 2.0,0.12923417781189805
tiguan 2.0 4 motion,0.1312881328538526
tiguan 2.0t,0.12049645103505863
tiguan 2.0t 4motion,0.1666835023637318
tiguan 2.0t r-line,0.12875772758495285
tiguan 2.0t s,0.17670410925693963
tiguan 2.0t s 4motion,0.18263791544025082
tiguan 2.0t s sport,0.20587244320070275
tiguan 2.0t se,0.22921506929572907
tiguan 2.0t se 4moti,0.1227019273506
tiguan 2.0t se sport,0.20189704634530684
tiguan 2.0t sel,0.2296254394116934
tiguan 2.0t sel premi,0.3332558891268334
tiguan 2.0t sel sport,0.23781320008440288
tiguan 2.0t wolfsburg,0.1128698802645224
tiguan 2009,0.0504767869408865
tiguan 2012,0.0454260778213261
tiguan 4 motion,0.09251131358842778
tiguan 4motion,0.0845640227887995
tiguan awd,0.2120489716756232
tiguan awd 4-motion,0.0757303325386884
tiguan fwd 4dr sel,0.0891450159602408
tiguan le,0.0504666855226473
tiguan limited,0.1622576381152485
tiguan limited 2.0t,0.17720469064967828
tiguan limited 2.0t 4motion,0.1711079235524667
tiguan limited 4motion,0.1742191603701159
tiguan premium r-line,0.3121035193341145
tiguan s,0.1255521435209503
tiguan s 4motion,0.1998262556062871
tiguan s awd,0.13462496801217558
tiguan s suv,0.109570083639743
tiguan se,0.20431234861163977
tiguan se 4 motion,0.28111910245531807
tiguan se 4motion,0.1437893594546388
tiguan se 4motion automatic,0.1514808679138551
tiguan se awd,0.2524546446321063
tiguan se awd 4motion,0.1009333710452947
tiguan se sport,0.2423027193017899
tiguan sel,0.11394815714479252
tiguan sel 4motion,0.0949230271930179
tiguan sel awd,0.16157555187414976
tiguan sel premium,0.2595660430724473
tiguan ssuv 6a w/,0.0838013657117459
tiguan touareg,0.0787607580104246
tiguan tsi,0.10090559214513711
tiguan wolfburg edition,0.0656289142995676
tiguan wolfsburg,0.1816437027758697
tijuan,0.0696694815952159
tilt master w4500,0.2457708728972214
tiquan le,0.0504666855226473
titan,0.17356969467963845
titan 4wd 5.6l,0.0898723180734575
titan 4wd crew cab swb sv,0.2388682371004889
titan 4x4,0.04835548911067108
titan 4x4 crew cab platinum reserve,0.3635702452624348
titan 4x4 crew cab sv,0.3938340943068407
titan 5.6 le,0.0555274960604468
titan 5.6 se 4x4,0.0706291163279324
titan club cag pro-4x,0.1045193745201826
titan crew cab,0.16930987110590323
titan crew cab 4x4,0.24907066952200083
titan crew cab pro-4x,0.3534183199321184
titan crew cab s pickup,0.2988706614408662
titan crew cab sl,0.3320437189381389
titan crew cab sl 4wd,0.241393591660269
titan crew cab sl pickup,0.42170390722857487
titan crew cab sv pickup,0.2876959675138389
titan crew cab truck,0.1211362075235363
titan diesel xd pro-4x,0.4747262515657198
titan heavy metal chrome.,0.3080629520384662
titan king cab,0.08340741040042016
titan king cab 4x4,0.0393652268778536
titan king cab sv pickup,0.2798799951513192
titan le,0.08064074418270542
titan le 4x4,0.11046910986302474
titan le crew cab,0.0504767869408865
titan midnight 4x4,0.4191280455775991
titan platinum,0.3837225746494808
titan platinum 4x4 gas,0.4444219968483575
titan platinum reserve,0.5268872204202926
titan pro-4x,0.2240595579619378
titan pro-4x 4x4 1/2 ton,0.2322922138268212
titan pro-4x 4x4 half ton,0.23229221382682122
titan pro-4x 4x4 v6 5.6l auto gps leather moon 47k miles,0.2928603175885894
titan s,0.2623338316699664
titan se,0.09674403740830663
titan se 4x4,0.0706291163279324
titan se crew cab,0.11898797257801653
titan se crew cab 5'6,0.0696694815952159
"titan se crew cab 5'6""",0.0985306765641324
titan se crew cab 5.5',0.0696694815952159
titan se endurance,0.1161360054951715
titan se king cab v8 4x4,0.0756798254474928
titan single cab,0.23225180815386473
titan single cab sv,0.2625055557800315
titan sl,0.2994599108381483
titan sl 4x4,0.1893712877287971
titan sl 4x4 1/2 ton gas,0.3939149056527536
titan sl midnight,0.3636106509353913
titan sv,0.23893389631904316
titan sv 4dr crew cab,0.1459351893005777
titan sv 4wd,0.3262455048688836
titan sv 4x4,0.27326068008519827
titan sv 4x4 half ton,0.3636106509353913
titan sv crew,0.1560366075396985
titan sv crew cab v8 4x4,0.1261869166430966
"titan sv,$392 month, 4x4 $1500 down, 3.9%apr, oac, only $392 month, 4x4 $1500 down, 3.9%apr, oac, only 65k miles",0.240888520748313
"titan sv,$392 month, 4x4 $1500 down, 3.9%apr, oac, only $392 month, 4x4 one owner,$1500 down, 3.9%apr, oac, only 65k miles",0.2504848680754777
titan svcrew cab,0.2923956523495898
titan xd,0.3705257030587094
titan xd 4wd,0.4544830094145218
titan xd 4wd crew cab platinum reserve diesel,0.418875510121621
titan xd 4wd pro-4x,0.3424077740514768
titan xd 4x4 diesel crew cab pro-4x,0.464544021980686
titan xd crew cab,0.3802722187909468
titan xd crew cab pro-4x,0.4178837345126892
titan xd crew cab s,0.3897834255929532
titan xd crew cab sv,0.37968200735383234
titan xd cummins platinum,0.3429128449634329
titan xd pro 4x,0.3419027031395207
titan xd pro-4x,0.4079677822480562
titan xd pro-4x 4x4,0.4444219968483575
titan xd pro-4x 4x4 auto,0.4747262515657198
titan xd pro-4x crew ba,0.3973291850175764
titan xd single cab sv,0.2584649884843832
titan xd sl,0.2827588993494687
titan xd sv,0.3730883065982464
titan xd sv 4x4 1/2 ton,0.4949290880439613
titan xd/sl,0.3080629520384662
titan xe,0.0806800274758576
titan xe crew cab,0.0201725322235241
titan xe king cab,0.08076083882177056
tj,0.0732049779789082
tj lwb,0.2575558608428623
tk,0.0353246595822053
tl,0.06757994080795907
tl 2.5s,0.0019899793931067
tl 3.2,0.03673279728473873
tl 3.2 4dr sedan,0.0757303325386884
tl 3.2 premium sedan,0.0604569881611378
tl 3.2 s,0.0242130995191724
tl 3.2 sedan,0.0453755707301305
tl 3.2 touring sedan,0.0150208089215725
tl 3.2 type s,0.0151218231039637
tl 3.5l tech pkg awd,0.1402278879954745
tl 4dr sedan,0.0796496828154672
tl advance,0.191876439452099
tl awd tech package v6,0.0756798254474928
tl base,0.12318073457513432
tl basesedan,0.13173259525637393
tl fwd,0.0807305345670532
tl luxury sedan,0.0302739504626449
tl navigation system,0.0686492383530647
tl sedan 4d,0.15976494918068312
tl sh-awd,0.0772455452745565
tl sh-awd sedan 4d,0.16536701957036395
tl sh-awd w/tech,0.1050244454321386
tl special edition sedan,0.16351165703664788
tl tech,0.11261944927067756
tl tech auto,0.12549424796384265
tl tech package,0.1110347892844155
tl technology,0.0777506161865125
tl technology fwd,0.0908723584791304
tl type s,0.06396606545097389
tl type-s,0.05611674545772887
tl w/advance,0.1211766131964928
tl w/navi,0.03632469998787828
tl w/se,0.1211766131964928
tl w/tech,0.10093337104529475
tl-s,0.1413895510929734
tlx,0.2340353894675576
tlx 2.4 sedan 4d,0.24593922986787345
tlx 2.4 w/technology pkg,0.2936515953506539
tlx 2.4l,0.19977911565450454
tlx 3.5 sedan 4d,0.2510652404688527
tlx 3.5 w/advance pkg,0.3493777526364701
tlx 3.5 w/technology pkg,0.31948673775616276
tlx 3.5l tech fwd,0.1772495858418522
tlx 3.5l v6,0.28604330333693134
tlx a-spec,0.3156390157178068
tlx a-spec awd,0.4544830094145218
tlx a-spec fwd gas sedan,0.3232049779789082
tlx advance pakage,0.2219988686411572
tlx awd,0.2423532263929855
tlx base fwd,0.2776374803022344
tlx sedan v6 tech,0.2201301062669198
tlx sh- v6 w/tech,0.2625964685441836
tlx tech,0.17295648309022585
tlx technology,0.242393632065942
tlx technology fwd,0.0959331690169299
tlx v6 tech,0.2726069740191523
tlx v6 w/advance,0.2302820315972362
tlx w/a-spec pkg,0.4190068285587296
tlx w/a-spec pkg red,0.06899605371260786
tlx w/advance pkg automatic,0.358064972322114
top kick,0.09930030842997017
topkick,0.17640262077411048
topkick c5500,0.1908865004646652
torrent,0.04235834444489335
torrent awd,0.03420340215766289
torrent awd 4dr,0.0340569315931956
torrent base,0.0403753687017657
torrent base 4dr suv,0.0503757727584952
torrent gxp,0.0585579215321831
torrent gxp awd,0.0554769889692512
torrent se,0.0252232413430845
touareg,0.11352688861336352
touareg 2,0.0715331932603337
touareg 4dr tdi sport w/nav,0.191876439452099
touareg 4dr vr6 exec,0.1086609559982221
touareg awd,0.05642854256737637
touareg lux 4x4,0.2120489716756232
touareg luxury,0.1009737767182512
touareg sport utility,0.1201664713725807
touareg tdi,0.12344564426845525
touareg tdi diesel awd,0.11209038749040359
touareg tdi luxury,0.1393591660269101
touareg tdi sport suv,0.1715927916279445
touareg v-6 tdi,0.109570083639743
touareg v10 tdi,0.0729524425229302
touareg v6,0.0430269909895349
touareg v6 executive,0.2119984645844276
touareg v6 tdi,0.1817447169582609
touareg v8 awd,0.0353246595822053
touareg vr6,0.1008828639540991
touareg vr6 lux,0.1009737767182512
touareg vr6 lux sport,0.1574508060931754
touareg vr6 sport,0.1665925895995797
toureg,0.0454260778213261
touring,0.6818154268859349
tow and country,0.0585074144409875
town & country,0.07129932415366028
town & country 4dr wgn touring,0.0761545921047315
town & country limited,0.053960934448529875
town & country lwb,0.13755101216210752
town & country lwb 4dr,0.0403652672835266
town & country lx,0.043229019354317284
town & country lxi,0.0201725322235241
town & country minivan,0.04289062184330676
town & country touring,0.07408134956516824
town & country touring lwb 4.0l w/ sto-n-go,0.0807709402400097
town & country touring lwb w/ sto-n-go,0.09390278395086667
town & country touring w/ sto-n-go,0.0504666855226473
town & country touring wheelchair van fr conversions - manual fold out ramp rear loading conversion,0.2322518081538647
town & country touring wheelchair van vmi northstar - power infloor ramp side loading conversion,0.3231645723059517
town & country touring-l,0.12450334693657654
town & country touring.,0.0393652268778536
town & country white,0.0656289142995676
town & county touring l,0.0807305345670532
town amp; country,0.0807305345670532
town and countr,0.0605276980888116
town and country,0.07978281215108367
town and country awd,0.0009798375691947
town and country ex,0.0251727342518889
town and country limite,0.032667986585316576
town and country lx,0.03090528910258995
town and country lxi,0.018653952348243002
town and country tourin,0.20263377644888003
town and country touring,0.0806800274758576
town and country wgn,0.0655279001171764
town and county,0.036634476813877964
town car,0.047670251112211334
town car - executive,0.0196674613115681
town car black,0.0757303325386884
town car cartier,0.027233423572669557
town car cheese yeah,0.0080508303365792
town car designer,0.0125964685441836
town car executive,0.04150167683542766
town car executive l,0.0171421067517879
town car hearse,0.0807810416582488
town car limited,0.0353246595822053
town car limousine,0.076952604145622
town car mkt limo,0.35857004323407
town car signature,0.06516605826980491
town car signature l,0.0706695220008889
town car signature limit,0.06203280940644065
town car signature ltd,0.0554769889692512
town car signature v8 rwd,0.0554769889692512
town car ultimate,0.0464362196452382
town country,0.08529902122067458
town country limited,0.0807305345670532
town country lwb,0.10676132817936522
town country touring,0.06187455385402773
town country touring l,0.11063915040338328
town n country,0.041006707341710726
town n country limited,0.0327993050224251
town n country touring,0.0251727342518889
town& county,0.0151218231039637
town&country,0.041620368499737326
town/country,0.0100711139844034
townace,0.20873233935377852
townace camper,0.2424037334841811
townace diesel,0.0666390561234797
towncar,0.05286550652764275
towncar 120,0.1110347892844155
towncar signature ltd,0.0348195886702493
towncar signature series,0.0430522445351327
towns be cljnty,0.0019899793931067
tracker,0.03348331534318843
tracker ls,0.0605782051800072
tracker lt,0.005020404864843
tracker lt 4x4,0.111075194957372
tracker zr2,0.03885510525677805
tracker zr2 4x4,0.0605276980888116
tradesman,0.07944007838700551
tradesman 1500,0.1868459331690169
tradesman cargo,0.0706695220008889
trail blazer,0.02961591521735361
trail blazer denali,0.0262333831669966
trail blazer ls,0.0605681037617681
trail blazer ls 4wd,0.0504666855226473
trail blazer lt,0.0302638490444058
trail blazer lt 4x4,0.0499717160289304
trail boss,0.4645339205624469
trail boss lt,0.5176673805002223
trailbalzer,0.0252232413430845
trailblazee,0.0252232413430845
trailblazer,0.047980101168108726
trailblazer 4wd,0.0499717160289304
trailblazer 4wd lt,0.0827508182148773
trailblazer 4wd.,0.0403652672835266
trailblazer 4x4,0.044696020775862336
trailblazer ext,0.040288496504909246
trailblazer ext lo,0.0403753687017657
trailblazer ext ls,0.03452917289587455
trailblazer ext ls 4wd,0.02976887955068885
trailblazer ext lt,0.0555274960604468
trailblazer extended,0.0398702977898096
trailblazer ls,0.05659338748375457
trailblazer ls ** only 76k miles ** 4x4 vortec 4.2l 285hp,0.1009333710452947
trailblazer ls 4wd,0.029877469796759426
trailblazer ls 4x4,0.042974261586326674
trailblazer ls ext,0.0332639702614247
trailblazer ls ls 4dr,0.0301527334437755
trailblazer ls ls 4dr suv,0.0499717160289304
trailblazer lssuvw/,0.035829730494161355
trailblazer lt,0.048040100385649646
trailblazer lt 4wd,0.029263808638732836
trailblazer lt 4x4,0.04642359287243924
trailblazer lt ext,0.0423451452583942
trailblazer lt extd,0.0398702977898096
trailblazer lt w/1lt,0.0706695220008889
trailblazer lt2 4wd 4-speed automatic,0.0484059962018667
trailblazer lt4x4,0.0292638086387328
trailblazer ltz,0.025501751874534573
trailblazer ltz 4wd,0.0292638086387328
trailblazer ltz 4x4,0.0211826740474362
trailblazer lx v6,0.0100711139844034
trailblazer rs,0.2860620631136611
trailblazer ss,0.144784545932067
trailblazer ss awd v8 6.0l auto heated leather moon 1 owner,0.1918461351973817
trailblazser ls 4wd,0.0479514323811063
trailhawk,0.2120489716756232
tran am,0.3484686249949493
tranist,0.0100711139844034
tranist t250,0.3110933775102024
trans,0.0019899793931067
trans am,0.13680687435182562
trans am firehawk,0.0656289142995676
trans am gta,0.1711887348983797
trans am ws6,0.18108812477271807
trans sport,0.0125964685441836
trans-am,0.0352741524910097
transit,0.27750307767860466
transit 150,0.2039241194709638
transit 150 150 3dr swb,0.1868459331690169
transit 150 awd,0.6912400501030345
transit 150 cargo,0.2327905504599512
transit 150 cargo van,0.2287205206944388
transit 150 conversion van,0.4949290880439613
transit 150 extended cargo van,0.1615418804800193
transit 150 high roof,0.1504808275081821
"transit 150 med. roof 130""",0.2119984645844276
transit 150 medium roof 130 wb cargo van,0.2827588993494687
transit 150 van,0.21396319043193657
transit 150 wheelchair han,0.4131177017253222
transit 150 xlt,0.23879079289398897
transit 250,0.3099981711116451
transit 250 cargo van,0.2991212258884074
transit 250 cargo van long wheel base **diesel** long wheel base diesel cargo van,0.2322518081538647
"transit 250 high roof 148"" wb cargo van",0.3635702452624348
"transit 250 high roof 148"" wb extended cargo van",0.38714022115371666
"transit 250 high roof 148"" wb extended extended cargo van",0.3989252090993575
"transit 250 high roof reefer 148"" wb cargo van",0.313063154066831
transit 250 low roof cargo,0.2928603175885894
transit 250 low roof extended cargo van,0.2928603175885894
transit 250 med. roof,0.3635702452624348
transit 250 medium roof,0.3332154834538769
transit 250 medium roof 130 wb cargo van,0.3433674087841933
transit 250 medium roof 148 wb cargo van,0.3231645723059517
transit 250 medium roof 148 wb reefer cargo van,0.444381591175401
transit 250 medium roof 148 wb wheelchair van,0.2423532263929855
transit 250 mr,0.463624792920926
transit 250 van,0.3234603995543831
transit 250 van low roof,0.2584649884843832
transit 250 wheelchair van,0.2322518081538647
transit 350,0.2872537714551533
transit 350 cargo,0.2659029994477891
transit 350 med roof,0.2726069740191523
"transit 350 reefer 148"" high roof extended cargo van",0.5150915188492465
transit 350 utility van,0.3912279284011475
transit 350 van,0.3004909289264212
transit 350 van high roof,0.3181441674411087
transit 350 wagon,0.3181177483472526
transit 350 wagon med. roof xlt w/sliding pass. 14,0.1817851226312174
transit 350hd,0.24240036634476805
transit 350hd box van,0.2322013010626692
transit ada wheelchair van,0.3720352337468181
transit awd,0.828285991353186
transit cargo,0.25784215293700646
transit cargo 150,0.205173272994195
transit cargo 250,0.23832149783829645
transit cargo 250 3dr swb l,0.3332659905450725
transit cargo 350,0.2661196989200141
transit cargo 3dr lwb medium roof cargo,0.3029617358277102
transit cargo cargo 250,0.2018970463453068
transit cargo van,0.2620494706613435
transit cargo van 10km/manufacturer's warranty,0.3535092326962705
transit cargo van base,0.3282304335528708
transit cargo van base automatic,0.4039254111277223
transit cargo van t-250,0.1767445149298961
transit chassis 350hd,0.2726574811103479
transit connect,0.11823444222095093
"transit connect 114.6"" xl w/o side or rear door glass",0.0756697240292537
"transit connect 114.6"" xlt",0.1211362075235363
transit connect carg,0.1918865408703381
transit connect cargo,0.15236099854301893
transit connect cargo van,0.185783194305308
transit connect cargo van x,0.070139197543335
transit connect cargo van xl,0.09166531981090137
transit connect cargo van xlt,0.1009333710452947
transit connect cargo xl,0.13242510359565593
transit connect cargo xl cargo,0.1816942098670653
transit connect cargo xlt,0.15181493624562026
transit connect cargo xlt 4,0.1514404622408986
transit connect lwb cargo,0.1285439142322248
transit connect lwb xlt,0.10089801608145779
transit connect lwb/cargo,0.2019475534365024
transit connect lwd,0.1969473514081376
transit connect passenger,0.22871631177017251
transit connect titanium,0.22449997979716346
transit connect van,0.13877302475831704
transit connect van xl,0.25013384379166836
transit connect van xlt,0.19263202553638523
transit connect wago,0.168370439209665
transit connect wagon,0.1402086953008202
transit connect wagon xlt,0.1109842821932199
transit connect wagon xlt premium 1-owner high roof rear wheelchair ramp ada lowered floor van,0.1615418804800193
transit connect xl,0.11376860038422118
transit connect xl cargo,0.1513152046547335
transit connect xl lwb,0.073103963796517
transit connect xl van,0.1413390440017778
transit connect xl wagon,0.19391692593640145
transit connect xlt,0.11531888266301774
transit connect xlt cargo,0.14037334841811788
transit cutaway,0.3378973278816087
transit e-350,0.1868459331690169
transit explorer,0.4141177421309951
transit passenger,0.3039961210553962
transit passenger 350 xl,0.3126085902460706
transit passenger 350 xl wheelchair van braunability - power fold out platform lift rear loading conversion,0.3332659905450725
transit passenger 350 xlt,0.3147837623068945
transit passenger hd 350 hr,0.2222008970059396
transit passenger van,0.2110893369429067
transit passenger van t-150,0.2928603175885894
transit passenger wagon,0.18417627263439212
transit passenger wagon xlt,0.1514404622408986
transit passenger xlt/397miles/manufacturer's warr,0.4343205786092367
transit t 250,0.2211907551820275
transit t 350 ecoboost van,0.2726978867833043
transit t 350 passanger,0.2272516061255
transit t-150,0.15990292537072204
transit t-350,0.1706836639864236
transit t-350 hd,0.4321992807790213
transit t-350/5km/passenger van/manufacturer's war,0.4343205786092367
transit t150,0.2057979763888261
transit t150 cargo van,0.16866338033859948
transit t150 xlt van,0.3157231942031328
transit t250,0.30927779271704
transit t250 cargo,0.26715220817002705
transit t250 cargo van,0.2917542122914057
transit t250 extended,0.3519243733399116
transit t250 low toof,0.2120893773485797
transit t250 medium roof,0.1610873166592589
transit t250 van,0.28684997373631255
transit t250 xl bus,0.4646349347448382
transit t350,0.27515631944725033
transit t350 148 hr,0.4474524223200937
transit t350 hd,0.3525091922905976
transit t350 stakebed truck,0.2928603175885894
transit t350 xlt,0.26041792934394653
transit t350 xlt van,0.3787728797123116
transit t350hd,0.4948886823710048
transit t350hd xlt van,0.2979615337993454
transit utility van,0.3912279284011475
transit van,0.2796500116988518
transit van automatic,0.3129217342114833
transit van base,0.3333164976362681
transit van t-250 low roof,0.3468220938219726
transit wagon,0.23795237518014192
transit wagon 350,0.2322922138268212
transit wagon 350 passanger,0.23454988080326475
transit wagon xl,0.2827588993494687
transit wagon xlt,0.3626106105297184
transit xl wagon van,0.1918865408703381
transit xlt,0.263303567820922
transit xlt 350,0.2272516061255
transit+connect,0.1110347892844155
transit-150,0.14674666989912044
transit-150 base cargo,0.3086791385510525
transit-250,0.32719563238443383
transit-250 automatic,0.3330235565073336
transit-250 base cargo,0.4132187159077134
transit-350,0.3923620421761761
transit-350 15 passenger,0.3121035193341145
trasit 250,0.3737221705927512
travelmaster,0.1161360054951715
travers ls,0.0705786092367368
traversa,0.08582164935957
traverse,0.14877410474751407
traverse 1lt,0.17501043813218034
traverse 1lt 1 owner,0.1362883348822174
traverse 2lt,0.096817043112853
traverse 2lt 2lt awd,0.1918966422885773
traverse 2lt awd,0.16324902016243079
traverse awd,0.09894675879160097
traverse fwd 4dr ls w/1ls,0.16962301507131602
traverse fwd 4dr lt cloth w/1lt,0.2009273101943512
traverse high country,0.37986383288213665
traverse l t,0.1605822457473029
traverse ls,0.12486868156289137
traverse ls 4dr suv,0.0893672471615014
traverse ls awd,0.08178781634274783
traverse ls awd gas,0.1565416784516546
traverse ls awd! awd,0.1256717443129015
traverse ls fwd gas,0.2524950503050628
traverse ls sport,0.24820278933828974
traverse ls sport uti,0.090831952806174
traverse ls w/ 3rd row seating,0.15484800732689533
traverse lssuv,0.005020404864843
traverse lt,0.11293447185350673
traverse lt awd,0.11072293486175667
traverse lt fwd,0.0706291163279324
traverse lt leather,0.39176936441876437
traverse lt leather automatic,0.3938037900521233
traverse lt leather d,0.12113620752353631
traverse lt sport,0.31373742373429225
traverse lt w / 3rd row seating,0.1615822861529758
traverse lt2,0.1009333710452947
traverse lt2 awd,0.0907814457149783
traverse ltz,0.1259079871588164
traverse ltz awd,0.08546343752816737
traverse premier,0.3481352781930583
traverse premier awd,0.3434078144571498
traverse premium awd,0.2701826336417633
traverse redline,0.4545234150874783
traverse rs,0.4357448785809527
traverse rs 2lt,0.3383672067558285
traverse w/lt awd,0.0706291163279324
travese ltz awd,0.0757303325386884
trax,0.14497175013761537
trax automatic - awd - lt - clean car fax - local suv suv,0.0705584064002586
trax awd,0.1464402602125338
trax awd 4dr lt,0.1843205786092367
trax awd 4dr premier,0.2524546446321063
trax fwd 4dr ls,0.17167023583444443
trax fwd 4dr lt,0.18226662356728215
trax fwd 4dr ltz,0.1504909289264212
trax fwd ls,0.2423532263929855
trax ls,0.16701607213345057
trax ls fwd,0.1211362075235363
trax ls sport utility,0.17064405058156432
trax lt,0.1690020074272973
trax lt - backup,0.1817447169582609
trax lt awd,0.17743646207927588
trax lt sport,0.0958826619257343
trax lt sport utility,0.17140327202873856
trax ltz,0.13117365011380924
trax ltz sport,0.111075194957372
trax ltz sport utility,0.16951934262096707
trax premier awd gas,0.1918865408703381
trax turbo,0.0661339852115237
trekker,0.0555274960604468
tremor f-250 super duty,0.8686916643096692
treverse,0.0554769889692512
tribeca,0.07246593637962984
tribeca 3.6r limited,0.1473493878540547
tribeca awd,0.057547779708271
tribeca b9,0.03815305668915914
tribeca limited,0.07440545178858898
tribeca limited awd,0.0706291163279324
tribeca ltd awd,0.05418064029523073
tribeca ltd. 5 pass. 4d,0.0907915471332175
tribeca ltd. 7-pass.,0.0656188128813285
tribecca,0.0301224291890581
tribue,0.0504262798496909
tribute,0.03605850465950869
tribute - i-sport,0.057547779708271
tribute 4wd,0.0301729362802537
tribute es 4x4,0.0201220251323285
tribute es-v6,0.02951634409471085
tribute grand touring,0.0605276980888116
tribute hybrid,0.0464362196452382
tribute hybrid 4wd,0.0141116812800517
tribute hybrid touring,0.0464362196452382
tribute i,0.0554769889692512
tribute i 4wd,0.0403652672835266
tribute i grand touring,0.090831952806174
tribute i touring,0.058052850620227
tribute lx,0.016773404986059965
tribute s,0.04537809608469025
tribute s 4wd,0.04525098657184797
triple crown van,0.0353246595822053
triveca,0.0696694815952159
truck,0.06328336498444377
truck 1500,0.35857004323407
truck 3500 quad cab,0.1009838781364903
truck equinox,0.1413895510929734
truck f250 super duty,0.0353246595822053
truck sle sierra,0.0201725322235241
truck tacoma lx,0.0656289142995676
truck tundra sr5,0.1262374237342922
tsx,0.07530501189930087
tsx 2.4,0.04113297506969974
tsx 2.4l w/tech,0.1008828639540991
tsx base,0.10022122105943672
tsx grey,0.0757303325386884
tsx navi,0.0302234433714493
tsx sedan,0.0636479139448956
tsx sedan 4d,0.1579279744862192
tsx special edition,0.11857549799991915
tsx sport sedan,0.0989635944886662
tsx sport wagon,0.12972998909046826
tsx sport wagon 5dr sport wgn i4 auto,0.175734373105984
tsx sport wagon w/tech 79k miles heated leather roof navi cam,0.1665925895995797
tsx tech,0.0580629520384662
tsx tech package,0.0772287095774913
tsx tech pkg,0.06699462604549675
tsx tech pkg automatic,0.1492888601559658
tsx w/navi,0.1105802254636551
tsx w/specialsedan 5a,0.0792658289223807
tsx w/tech,0.07853044567457265
tsx wagon,0.1110347892844155
tsx wagon 4d,0.16444409564333598
tt,0.10232534647864555
tt 2.0,0.0807305345670532
tt 2.0t,0.11067113822780714
tt 2.0t quattro prestige,0.1463291446119035
tt 225,0.0151218231039637
tt 225hp quattro,0.0959331690169299
tt 2dr roadster quattro man,0.1403794092690613
tt coupe,0.0625984888278314
tt coupe 2d,0.3163562164127843
tt premium,0.08027597074629275
tt quatro 3.2l,0.0393652268778536
tt quattro,0.07167966382480098
tt quattro roadster,0.0605782051800072
tt quattro roadster awd,0.0464362196452382
tt roadster,0.4020133569610316
tt rs quattro coupe 2d,0.3897834255929532
tt tts quattro prestige,0.1716938058103357
tt turbo quattro,0.0353246595822053
tt1.8t convertible,0.0802759707462927
tts,0.28881166915834977
tts prestige,0.12472221099842415
tuarus se,0.0282536668148208
tubdra sr5,0.2827791021859469
tucson,0.12627130689819704
tucson 1.6t limited,0.1565416784516546
tucson 4wd ltd,0.0503757727584952
tucson awd,0.14136429754737564
tucson awd 4dr gls *90 d,0.1201765727908198
tucson awd 4dr sport,0.186775223241343
tucson awd gas suv auto,0.2625964685441836
tucson eco awd,0.2079882015434967
tucson eco sport utility,0.18245181623499934
tucson fwd 4dr se,0.1816942098670653
tucson gl,0.06560871146308937
tucson gl sport,0.053497110994383604
tucson gls,0.09206253002365972
tucson gls awd,0.0353145581639662
tucson gls pzev,0.1161360054951715
tucson gls sport utility,0.1477534445836195
tucson limited,0.08927050665605754
tucson limited awd,0.1265058328475032
tucson limited pzev,0.090831952806174
tucson limited sport,0.20442240090508704
tucson ltd 4wd,0.0503757727584952
tucson night,0.1716837043920966
tucson se,0.14190421835225664
"tucson se - awd - 3 months / 3,000 miles limited warranty",0.1604610287284334
tucson se awd,0.1947561206824207
tucson se awd gas suv,0.20905895187684345
tucson se fwd,0.1817952240494565
tucson se plus automatic,0.2322013010626692
tucson se plus sport,0.2018970463453068
tucson se sport utility,0.17330084962110492
tucson sel,0.19318457311406517
tucson sport,0.14622611014586442
tucson sport awd,0.1908865004646652
tucson sport suv 4d,0.19154309265020802
tucson spt,0.1615822861529758
tucson suv,0.0706291163279324
tucson value,0.23685083957216158
tucson value sport,0.2180593155279001
tucson walking dead,0.1166410764071275
"tucson, gls",0.111075194957372
tundra,0.23494120132799973
tundra (4.7l),0.1090650127277869
tundra 1794,0.4030162834862014
tundra 1794 4x4,0.3989757161905531
tundra 1794 edition,0.3617437251826519
tundra 1794 edition 1-owner* local oregon truck since new* blind spot* 2-keys* non smoker* like new in & out* new brakes and service,0.3736918663380338
tundra 1794 platinum 4x4,0.4040163238918744
tundra 1794 trd offroad,0.5454361792395653
tundra 2 wd,0.0403753687017657
tundra 2wd,0.3157737012943284
tundra 2wd sr5,0.41050143440139
tundra 2wd truck,0.17967392621924116
tundra 2wd truck grade,0.2322518081538647
tundra 2wd truck limited,0.0858317507778092
"tundra 4 doors, limited",0.1060345872560507
tundra 4.7l v8extended,0.0802658693280536
tundra 4wd,0.4506877622761093
"tundra 4wd double 145.7"" 4.7l v8 ltd (gs)",0.211867146147319
"tundra 4wd double 145.7"" 5.7l v8 ltd (natl",0.1917653238514687
tundra 4wd limited,0.4587862135843872
tundra 4wd limited crewmax 5.5' bed 5.7l (natl),0.5858519536142875
tundra 4wd sr5,0.4307648793890661
tundra 4wd sr5 automatic,0.1055295163440947
tundra 4wd sr5 crewmax 5.5' bed 5.7l (natl),0.444300779829488
tundra 4wd truck,0.27067974326646305
tundra 4wd truck 1794 automatic,0.4369267445149299
tundra 4wd truck limited automatic,0.2889611701482888
tundra 4wd truck sr,0.371701886944927
tundra 4wd truck sr5,0.13885914582407366
tundra 4wd truck sr5 automatic,0.3012444947270596
tundra 4x2 double cab,0.2291506727544547
tundra 4x4,0.21491272374641393
tundra 4x4 - sr5 - crewmax cab - 5.7l v8 - 1-owner - local truck,0.2879611297426158
tundra 4x4 half ton gas,0.4444219968483575
tundra 4x4 limited 4dr cremax cab pickup (5.7 v8),0.3423976726332376
tundra 4x4 trd,0.313063154066831
tundra access cab,0.11165097579700187
tundra access cab sr5,0.07520000808113456
tundra accesscab v8 sr5,0.1210857004323407
tundra base double cab 5.7l 4wd,0.13297170256037275
tundra base double cab 5.7l 4wd trd,0.1383591256212372
tundra bed only,0.005020404864843
tundra cewmax,0.3232049779789082
tundra crew,0.1302779910299406
tundra crew cab short bo,0.4949189866257222
tundra crew max,0.444381591175401
tundra crewmax,0.2557800657585206
tundra crewmax 1794,0.38575062861902737
tundra crewmax 4wd,0.35349408056891185
tundra crewmax 4x4,0.41407733645803874
tundra crewmax 4x4 5.7l,0.25539415733969045
tundra crewmax limited,0.43113312199941956
tundra crewmax limited p,0.3331952806173986
tundra crewmax pickup 4d,0.2527408514822147
tundra crewmax platinum,0.3615149951668598
tundra crewmax sr5,0.366917004621133
tundra crewmax sr5 4x4,0.32260001526436527
tundra crewmax sr5 pickup,0.35669389776344534
tundra crewmax trd pro,0.4573852245778384
tundra dbl cab sr5,0.353468827023314
tundra double cab,0.18735347789768456
tundra double cab 4-door,0.282708392258273
tundra double cab 4wd,0.2120489716756232
tundra double cab 4x4,0.1705826498040324
tundra double cab limited,0.341119249024916
tundra double cab pickup,0.2988225594492514
tundra double cab sr,0.3408873258244482
tundra double cab sr5,0.3178301611595048
tundra double cab sr5 trd,0.1867954260778213
tundra flat bed,0.1590670330114348
tundra grade,0.15168205449378422
tundra grade 4x4 v8 5.7l automatic crewmax 2 owers,0.1918461351973817
tundra iforce v8 trd,0.0403753687017657
tundra limited,0.23369471600128444
tundra limited 4x4,0.23547685428367474
tundra limited 4x4 gas,0.3442512828801163
tundra limited 4x4 trd,0.2524950503050628
tundra limited crewmax,0.1615418804800193
tundra limited crewmax lifted,0.5251929370883672
tundra limited double cab,0.2019475534365024
tundra limited doublecab,0.1297729201179845
tundra limited limited 4,0.1463493474483817
tundra limited trd 4x4,0.1944169461392379
tundra ltd 4x2 crew max,0.1867247161501474
tundra off road 4x4,0.110075154551699
tundra platinum,0.3808156109562227
tundra platinum 4x4,0.4065391530970948
tundra platinum 4x4 gas,0.5347539294516951
tundra platinum crew cab,0.3737019677562729
tundra platinum crew max lifted on 37s,0.4939290476382884
tundra platinum crewmax,0.1918865408703381
tundra rock warrior,0.3131136611580266
tundra sr,0.3737120691745121
tundra sr 4x4,0.3332053820356378
tundra sr double cab,0.378722372621116
tundra sr5,0.17609794933727207
"tundra sr5 4dr 1-oregon owner*0-rust*never off road*new timing belt&water pump*new bilstein-toytec lift*new 33"" yokohama geolanders*new oem 17""toyota wheels*leer canopy",0.24237342922946384
"tundra sr5 4dr double cab 1-owner*rust free*only 112k miles*new water pump & timing belt*new bilstein-toytec lift*new 33"" yokohama tires*like new in&out*0-accidents",0.2524748474685845
tundra sr5 4dr double cab sr5,0.090831952806174
tundra sr5 4dr v8 clean,0.1412986383288213
tundra sr5 4wd,0.03027395046264488
tundra sr5 4wd 5.7l 1 owner,0.3231645723059517
tundra sr5 4x2 crewmax,0.2119782617479494
tundra sr5 4x4,0.19849945628018342
tundra sr5 4x4 1/2 ton,0.380140244417589
tundra sr5 4x4 half ton,0.36072453143849964
tundra sr5 4x4 trd,0.5454361792395653
tundra sr5 4x4crewmax,0.4544426037415653
tundra sr5 4x4double,0.241393591660269
tundra sr5 5.7,0.2454341589559174
tundra sr5 access cab,0.08414818107128903
tundra sr5 access cab 4x4,0.1514404622408986
tundra sr5 automatic,0.1655824477756677
tundra sr5 crew cab,0.313063154066831
tundra sr5 crew max,0.464624833326599
tundra sr5 crewmax,0.16148463910999766
tundra sr5 crewmax 5.5 be,0.5050204048648431
tundra sr5 d/door,0.1464402602125338
tundra sr5 double cab,0.15085836801486924
tundra sr5 double cab 4wd,0.12118671461473185
tundra sr5 double cab 4x4,0.1860075154551699
tundra sr5 limited,0.070174552507172
tundra sr5 sport,0.0858317507778092
tundra sr5 sr5 4dr double cab,0.1514404622408986
tundra sr5 trd,0.1262374237342922
tundra sr5 trd 4x4,0.3792779506242676
tundra sr5 trd off road,0.4545234150874783
tundra sr5 trd offroad,0.43768771802227696
tundra sr5 tss crew max,0.2155036567134025
tundra sr5 tss edition,0.0757303325386884
tundra sr5 v6,0.083306396218029
tundra sr5 v8,0.0403248616105701
"tundra sr5**v8,5.7l*;eat",0.3569235120610933
tundra trd,0.11588347003919343
tundra trd 4x4,0.3501016876102738
tundra trd off road,0.31007111398440335
tundra trd off road 4x4,0.4747262515657198
tundra trd offroad,0.4949391894622004
tundra trd pro,0.5617868398723181
tundra trd pro 4x4,0.5838316699664633
tundra trd pro 4x4 gas,0.6767546163481353
tundra trd sport,0.4898884803426401
tundra trd sr5 crew cab,0.4343104771909976
tundra truck,0.090831952806174
tundra tss,0.1615822861529758
tundra tss off road,0.2272516061255
tundra v6,0.0555274960604468
turbo,0.0504262798496909
turcel sr5 4wd,0.0403753687017657
turtle top,0.0252232413430845
turus,0.0176471776637439
turus se,0.0216877449593923
tuscan,0.068025475776799
tuscan gl,0.0252232413430845
tuscan gls,0.070679623419128
tuscani,0.0403248616105701
tuscon,0.09018546203887023
tuscon gls,0.0908824598973696
tuscon limited,0.0858317507778092
tuscon limited 4x4,0.08419027031395204
tuscon se,0.1060345872560507
tuscon- gls,0.0562851024283809
typhoon,0.1009838781364903
ud,0.0716897652430401
ud 1500,0.0903773889854135
ud 1800,0.1312780314356135
ud2600,0.1918461351973817
unlimited,0.209064002585963
unlimited rubicon,0.1969473514081376
uplander,0.033528522921859566
uplander 4dr ext wb fwd ls,0.0037577275849529
uplander cargo,0.07758394278556704
uplander cargo van,0.057547779708270984
uplander handicap van,0.090831952806174
uplander ls,0.035122631217422866
uplander ls ext. 1ls,0.0271930178997131
uplander lt,0.030843670451331316
uplander van,0.0302234433714493
us bus,0.0555274960604468
ut,0.1411370156369954
utilimaster,0.0605782051800072
utility,0.070679623419128
utility police interceptor,0.0678638530849731
utility truck,0.0807305345670532
utility van,0.070679623419128
utlity,0.0454260778213261
ux,0.3132786509892655
ux 200 f sport suv 4d,0.29584023596913
ux 200 luxury,0.3635702452624348
ux 200 sport utility 4d,0.28809581531913736
ux 250h,0.3635197381712392
ux 250h f sport,0.3535193341145096
ux 250h f sport suv 4d,0.34313323954319547
ux 250h luxury sport,0.3231140652147561
ux 250h sport utility 4d,0.3264812046277964
ux ux 250h f sport awd,0.3331952806173986
v,0.060487292415855154
v 70,0.033294274516142
v 70 t5,0.0363348014061174
v-10,0.0201725322235241
v-70 2.5t,0.0297688795506889
v-series,0.7574548466604711
v15 suburban 4wd,0.0403551658652874
v3500,0.0030001212170188
v3500 crewcab,0.3434179158753889
v40,0.031023980766899627
v40 wag,0.0151218231039637
v50,0.03810647792727873
v50 2.4i,0.055515374358559896
v50 t5,0.04904844640187478
v50 t5 4dr wagon,0.0705887106549759
v50 wagon,0.05295163440947105
v6,0.515131924522203
v60,0.18320310921653396
v60 cross country,0.21832470733436427
v60 cross country t5,0.18255687098468618
v60 polestar r-design,0.1009838781364903
v60 r design,0.1009838781364903
v60 t5 awd premier,0.1040042021899874
v60 t5 awd wagon,0.4540284455937614
v60 t5 cross country wagon,0.25460009802767614
v60 t5 dynamic wagon 4d,0.2524041375409107
v60 t5 momentum wagon 4d,0.36149945452341503
v60 t5 platinum,0.1716432987191401
v60 t5 premier,0.1087599498969655
v60 t5 premier wagon 4d,0.1574508060931754
v60 t8 polestar engineered,0.6363590448098914
v60cc,0.1413794496747343
v65 magna,0.0151218231039637
v70,0.03133363733792031
v70 2.5t,0.03869179899524557
v70 3.2,0.0499717160289304
v70 convertible,0.0302739504626449
v70 glt,0.0151218231039637
v70 r,0.07825568709846856
v70 t5,0.0151218231039637
v70 turbo,0.0393652268778536
v70 wagon,0.031036944253639835
v70 xc,0.023581760879227427
v70 xc awd,0.01754616348135274
v70 xc cross country,0.0807507374035314
v70r,0.03562096785055283
v8 efi,0.0757303325386884
v8 supercharged awd,0.6222069578568832
v90,0.12253357037994793
v90 cross country,0.3433270031112368
v90 t5 cross country wagon,0.3837225746494808
van,0.04669526109940408
van 1500,0.05026465715786492
van 1987,0.0292638086387328
van 2500,0.04593114873328213
van 30,0.0201725322235241
van 3500,0.2827588993494687
van b250,0.0555274960604468
van b2500,0.1085599418158309
van box truck,0.0503757727584952
van e250 2007,0.005020404864843
vanagon,0.11019606546698547
vanagon bus,0.1110852963756111
vanagon gl,0.10098387813649032
vanagon gl westfalia,0.292910824679785
vanagon syncro,0.19358021199509742
vanagon westfalia,0.2066559367157371
vanagon/campmobile,0.21614004606246712
vanden plas,0.04428461756030542
vandenplas,0.0211826740474362
vandura,0.0302571147655797
vandura 2500,0.02926380863873283
vandura 3500,0.06989395755608528
vandura/rally,0.1312881328538526
vanette,0.070174552507172
velar,0.5097339510911776
velar diesel,0.5201927350600025
velar fi,0.6454503212251
velar r,0.6160248898945413
velar r-,0.6286146241598988
velar s,0.502010182229585
velar se,0.5252333427613237
veloster,0.09823635712813049
veloster 2.0,0.1716938058103357
veloster 2.0 coupe 3d,0.2180593155279001
veloster 2.0 premium,0.2018970463453068
veloster 3 door coupe,0.0600731342680512
veloster 3dr cpe auto,0.1514909693320942
veloster 3dr cpe man w/g,0.0858317507778092
veloster 60k miles backup camera paddle shift,0.1009333710452947
veloster base 3dr,0.0848216089538971
veloster base 3dr coupe,0.06206563901571775
veloster coupe,0.1161259040769323
veloster coupe 3d,0.11530217933506952
veloster ecoshift dct,0.0656188128813285
veloster hatchback,0.10724675744474521
veloster hi brother,0.0782556870984686
veloster i4 fwd,0.0686088326801082
veloster n,0.2898601963715705
veloster n coupe 3d,0.2927503903901048
veloster turbo,0.10427936482282109
veloster turbo automatic,0.1312881328538526
veloster turbo coupe 3d,0.12287509452041348
veloster turbo r-spec,0.17891631985130707
veloster value edition,0.15847104933532663
veloster value edition automatic,0.135833771061457
veloster w/ 3rd door,0.1413794496747343
veloster w/black int,0.0706291163279324
velostor,0.136338841973413
venteur,0.0141116812800517
venture,0.024772962972486146
venture ls,0.021167521920077523
venture ls 4dr extend,0.0301729362802537
venture minivan,0.0024950503050628
venture passenger,0.005020404864843
venture van,0.02930513262243832
venue,0.17292617883550845
venue denim sport,0.2119984645844276
venue se,0.1757141702695058
venue se sport utility,0.19684633722574646
venue sel,0.1868459331690169
venue sel sport utility,0.2018970463453068
venva,0.0797708998343367
venza,0.12051143480544664
venza 4dr wgn i4 fwd (natl),0.08582164935957
venza 5-door v6 sedan,0.1334195321023071
venza awd,0.11063267513528127
venza awd v6,0.09889793527011188
venza awd v6 4dr,0.1261869166430966
venza awd xle,0.1656329548668633
venza crossover,0.1211362075235363
venza fwd 4cyl,0.10089296537233824
venza le,0.1129468434511062
venza le awd,0.12114967608118843
venza le wagon 4d,0.15322657664772493
venza limited,0.1312780314356135
venza limited awd,0.1514909693320942
venza limited wagon 4d,0.1877550608105377
venza ltd awd,0.1565416784516546
venza se,0.1106812396460463
venza v6,0.111075194957372
venza v6 awd,0.12117661319649276
venza wagon 4d,0.15112643989129113
venza wagon v6,0.1060345872560507
venza xle,0.3252174049681019
venza xle awd,0.16779802550944814
venza xle wagon 4d,0.1698611199298095
veracruz,0.062315649117135996
veracruz gls,0.0684909828006518
veracruz gls limited,0.044415935997414
veracruz limited,0.07787520034479505
veracruz se,0.0029496141258232
verano,0.08674446515479176
verano 4dr sdn leather group,0.090831952806174
verano base,0.12098384446509618
verano basesedan,0.0867913855105256
verano convenience,0.0807305345670532
verano convenience group,0.09625497134083336
verano convenience sedan,0.1473493878540547
verano leather,0.0403652672835266
verano leather group,0.08096034183199317
verano leather group sedan,0.177653642571417
verano leather sedan 4d,0.1695725079801204
verano premium,0.08482160895389709
verano premium group,0.1223887833851872
verano premium group sedan,0.1816942098670653
verano premium turbo,0.1716432987191401
verano sedan,0.0858317507778092
verano sedan 4d,0.15995595781647737
verano sl leather package,0.111075194957372
verano sport,0.0797708998343367
verano sport touring,0.11058022546365509
verano sport touring sedan,0.15543773774409347
verao,0.0605276980888116
verrano,0.0969332094226029
versa,0.05774578115632296
versa (s),0.045173542365348
versa 1.6,0.0656188128813285
"versa 1.6 ""sl""",0.0302234433714493
versa 1.6 s,0.10255221684976418
versa 1.6 s plus,0.0613105580023435
versa 1.6 sl,0.0504262798496909
versa 1.6 sv,0.08244134749246063
versa 1.6 sv automatic,0.111075194957372
versa 1.6 svsedan,0.0600731342680512
versa 1.6l,0.0807810416582488
versa 1.6s,0.0503757727584952
versa 1.6sl,0.0454260778213261
versa 1.8 s,0.04773481307886733
versa 1.8 shatchback 4a,0.04406238635904477
versa 1.8 sl,0.04870230447021421
versa 1.8 sl hatchback cvt,0.0504262798496909
versa 2013,0.0656289142995676
versa 4dr sdn cvt 1.6 s,0.0498909046830175
versa 4dr sdn cvt 1.6 sv,0.0628611257020485
versa fit rio corolla,0.0302638490444058
versa hatchback,0.031018930057780048
versa hatchback sv,0.0595680633560952
versa note,0.06824033294274512
versa note 5dr hb cvt 1.6 sv,0.0806901288940967
versa note fuel economy!,0.0841852196048325
versa note s,0.0731797244333104
versa note s 4dr hatchbac,0.090831952806174
versa note s hatchback,0.0655531536627742
versa note s plus,0.055022425148490796
versa note sl,0.058052850620227
versa note sr,0.07547274637359086
"versa note sr sr, hatchback",0.137338882379086
versa note sv,0.06367879455680978
versa note sv hatchback,0.0867543469769822
versa note svhatchback,0.0696694815952159
versa only 58k miles,0.0797708998343367
versa only 69k miles,0.0696694815952159
versa s,0.04129062343303815
versa s hatchback,0.06611041523563237
versa s plus,0.05780873301278158
versa s sedan 4d,0.13410642854256735
versa sedan,0.1088359125621237
versa sedan 's',0.0787607580104246
versa sedan s,0.0706695220008889
versa sedan s plus cvt,0.1287627782940724
versa sedan sv,0.11097586434468724
versa sedan sv cvt,0.104973938340943
versa sl,0.04226029334518563
versa sl hatchback,0.044395733160935764
versa sl sedan 4d,0.1473493878540547
versa special edition,0.0504262798496909
versa splus,0.0594468463372257
versa sr sedan 4d,0.18910191657575384
versa sv,0.08632009461010043
versa sv sedan 4d,0.09679852384608129
versa sv special edition,0.0807305345670532
versa sv.1.6,0.0302234433714493
very clean ready for work,0.090831952806174
vibe,0.03746427966571609
vibe 1.8l,0.07367570406885122
vibe 1.8l 1-owner* only 87k miles* no accidents* no damages* all service records since new* fresh trade in*2-keys* newer good year all season tires*60k service done,0.0807507374035314
vibe 1sb,0.0352741524910097
vibe awd,0.03597403646900592
vibe base,0.021014737969210814
vibe base fwd 4dr wagon,0.0402844559376136
vibe fwd,0.0403652672835266
vibe gt,0.034055668915915736
vibe hatch,0.0560325669724029
vibe hatchback,0.0403248616105701
vibe sport wagon,0.05717402723342354
villager,0.017472086414265845
villager estate,0.0191623903996121
villager estate edition,0.0201725322235241
villager sport,0.059029321050008736
villager van,0.015119297749403975
viper,0.5235127345212601
viper convertible,0.5449412097458484
viper gts,0.696967554244616
viper rt 10 removable top,0.3938744999797972
viper rt/10,0.39636449957574044
viper srt10,0.3939250070709927
vmi ♿,0.1017010788314679
vn,0.136338841973413
vnl,0.1716938058103357
vnl 670,0.14896561477231396
vnl64t670,0.0605782051800072
vnm 64t200,0.3025071720069497
vnm200,0.3126085902460705
vnm64t200,0.6242373429229464
volt,0.10694166304699175
volt 5dr hb,0.0554264818780556
volt base,0.0908824598973696
volt hatchback,0.0857812436866136
volt hybrid,0.07067962341912801
volt lt,0.13330841650167674
volt lt hatchback 4d,0.16596125095963468
volt lt sedan 4d,0.1843458321548345
volt premier,0.09486241868358312
volt premier hatchback,0.19241181461877244
volt premier sedan 4d,0.2165014523594668
volt premium,0.10573980950561818
volt sedan 4d,0.13573275687906575
voyager,0.10751949573720145
voyager lxi,0.5215227551281534
voyager lxi fwd,0.2703846620065457
voyager lxi minivan 4d,0.25262861350178
vt1100c2,0.0302234433714493
vt1300cx,0.0656289142995676
vt750c,0.0302234433714493
vt750c2,0.0403248616105701
vtx 1300 vtx,0.0352943553274879
vtx1300c,0.0453048608024566
vtx1300s,0.0504767869408865
vtx1800r,0.0302234433714493
vue,0.035422152495562444
vue awd,0.0287082306355812
vue awd v6,0.022596872600913098
vue awd v6 2002,0.0070406885126671
vue basesuv (3.5l v6 5a,0.0434057941735019
vue cr,0.0398702977898096
vue fwd,0.0353246595822053
vue fwd v6 xr,0.0332538688431855
vue hybrid,0.0302739504626449
vue i4,0.0504666855226473
vue redline,0.02269788678330435
vue suv,0.029920400824275665
vue v6,0.0211321669562406
vue v6 xe,0.0302234433714493
vue wagon,0.0050103034466039
vue xe,0.030400939720508145
vue xe-v6,0.0706695220008889
vue xr,0.046591108058238
vue xr awd,0.0292638086387328
vue xr suv,0.0322942341104691
vuw,0.0151218231039637
w 4500 crew cab,0.3929148652470807
w150,0.04668875510121617
w150 club cab 4x4,0.0757303325386884
w250,0.15010202432421504
w350,0.2525051517233019
w3500,0.0221928158713483
w4,0.03700822928872543
w4500,0.098264576346519
w4500 14' stakebed,0.131237625762657
w4500 crew cab,0.3929148652470807
w55,0.0908824598973696
w5500,0.2737029778980969
w5500 box truck,0.083811467129985
w5500 isuzu dump,0.1807850822255444
w5500 isuzu npr dump,0.1807850822255444
wagon,0.012341407733645724
wagon 3500,0.1245504868883591
wagoneer,0.1464402602125338
wagoneer limited,0.0353246595822053
waldoch conversion van,0.1262374237342922
westfalia,0.17910151251902431
westfalia vanagon,0.2017960321629156
wg,0.2626065699624227
willys,0.0858317507778092
willys mahindra roxor,0.0802759707462927
windstar,0.015637957473991198
windstar le,0.005020404864843
windstar limited,0.0221928158713483
windstar lx,0.026227069780597148
windstar passenger sport,0.0251020243242151
windstar se,0.028065107007690503
windstar sel,0.019526041456220403
windstar van,0.014225322235241762
windstar wagon,0.0115863267202715
winnebago,0.0504767869408865
winstar lx,0.0151218231039637
work truck,0.0211826740474362
workhorse,0.3272334235726696
wranger,0.07319992726978865
wranget,0.0988120732150794
wrangkwr,0.393692674451493
wrangle rubicon,0.0898723180734575
wrangler,0.2045796386153572
wrangler / tj,0.12241024889894538
wrangler 2dr sahara,0.29038041941088527
wrangler 2dr sport,0.24953196762158739
wrangler 2dr sport right ha,0.1413693482564952
wrangler 4wd,0.22891834013495493
wrangler 4wd 2dr rubicon,0.16563295486686325
wrangler 4wd 2dr sahara,0.2070487696472584
wrangler 4wd 2dr sport,0.1766056204291082
wrangler 4wd 4dr unlimited sahara,0.1615418804800193
wrangler 4x4,0.11231710821088166
wrangler 4x4 2dr. suv,0.14947068568427
wrangler 4x4 4dr. suv,0.1302779910299406
wrangler 4x4 sport,0.15267926344131438
wrangler all new rubicon,0.3938239928886015
wrangler all new sport suv,0.3190734979191078
wrangler apex edition,0.2272516061255
wrangler bad credit,0.2625762657077053
wrangler cj7,0.2171501878863792
wrangler columbia edition,0.136338841973413
wrangler freedom edition,0.1393692674451493
wrangler golden eagle (jk),0.282708392258273
wrangler islander,0.0994686654006222
wrangler j.p,0.0504767869408865
wrangler jk,0.3318731427165101
wrangler jk rubicon automatic,0.3382964968281546
wrangler jk sahara,0.3232150793971473
wrangler jk sahara unlimitd,0.240383449836357
wrangler jk sport,0.2716978463776314
wrangler jk unlimite,0.3525091922905976
wrangler jk unlimited,0.3536331079830976
wrangler jk unlimited 4x4,0.3939149056527536
wrangler jk unlimited rubi,0.4609782213422764
wrangler jk unlimited saha,0.37140894581599254
wrangler jk unlimited sport,0.2835328233930197
wrangler jk unlimited sport 4wd,0.311982302315245
wrangler jku,0.19863092111465783
wrangler jl,0.3913996525112125
wrangler jl sahara,0.4444320982665966
wrangler laredo,0.0504767869408865
wrangler lj,0.1531745390386143
wrangler lj 4x4,0.35857004323407
wrangler lj unlimited,0.18381550769728064
wrangler loredo,0.0807810416582488
wrangler moab,0.47348938902132975
wrangler oscar mike,0.2929007232615459
wrangler rhd,0.18512869206836635
wrangler rhd 1 owner,0.29538567214836964
wrangler right hand drive,0.1918461351973817
wrangler rio grande,0.2045234150874782
wrangler rubicon,0.2674550636538999
wrangler rubicon (tj),0.0959331690169299
wrangler rubicon 392,0.8720487023044704
wrangler rubicon 4d,0.2019980605276981
wrangler rubicon 4wd,0.19844572844694056
wrangler rubicon 4x4,0.3277607176047517
wrangler rubicon 4x4 2dr,0.2019879591094589
wrangler rubicon 4x4 gas,0.2929007232615459
wrangler rubicon hard,0.3289728877934462
wrangler rubicon hard rock,0.4479675946502889
wrangler rubicon sport,0.29952842820992526
wrangler rubicon unlimited,0.2556309794784076
wrangler s,0.2863416443023439
wrangler s yj,0.0151218231039637
wrangler sahara,0.19170821583350298
wrangler sahara (jk) sport,0.3231140652147561
wrangler sahara 2d,0.1257323528223362
wrangler sahara 4x4,0.16819492706776026
wrangler sahara 4x4 4 door,0.2610913572265546
wrangler sahara 4x4 gas suv,0.3434078144571498
"wrangler sahara 94k 6 speed manual hardtop bfg's ac air conditioning 35"" bfgs lifted 2 door",0.2019475534365024
wrangler sahara altitude,0.5151420259404421
wrangler sahara i6 4x4,0.0857812436866136
wrangler sahara jk,0.2272415047072609
wrangler sahara sport,0.2517307096583027
wrangler sahara unlimited,0.2573346397834256
wrangler sahara unlimited lifted backup cam nav alpine fuel,0.5949432300294962
wrangler se,0.11209543819952314
wrangler se 2dr 4x4 tj,0.1262374237342922
wrangler se 2dr se,0.090831952806174
wrangler se 4wd,0.1201765727908198
wrangler se 4x4,0.1009333710452947
wrangler se sport utility,0.1514808679138551
wrangler smokey moutain,0.3737221705927512
wrangler sport,0.16832178404514656
wrangler sport 2 door,0.1565416784516546
wrangler sport 2d,0.1464402602125338
wrangler sport 2dr suv,0.15144046224089855
wrangler sport 35k manual hardtop lifted winch rancho bumpers,0.2726574811103479
wrangler sport 4wd,0.12522728191038018
wrangler sport 4x4,0.22504300318050366
wrangler sport 4x4 2dr,0.19012889409673114
wrangler sport 4x4 gas suv,0.267647177663744
wrangler sport automatic,0.1629863832882136
wrangler sport jk,0.2747282718493676
wrangler sport rhd 1 owner,0.2423532263929855
wrangler sport s,0.27604145622045334
wrangler sport s 4x4,0.2928603175885894
wrangler sport s utility 2d,0.312728099982984
wrangler sport sport 2dr suv,0.1514404622408986
wrangler sport suv 2d,0.3090458226705786
wrangler sport tj,0.1262374237342922
wrangler sport unlimited,0.2846895329104206
wrangler sport x,0.11765121823103955
wrangler sport x unlimited,0.1565416784516546
wrangler tj,0.10741688659403566
wrangler tj rubicon,0.1262374237342922
wrangler tj sahara,0.09424959931040978
wrangler tj sport,0.1146785151492412
wrangler tj willys edition,0.1009838781364903
wrangler ulimited x,0.1514404622408986
wrangler unlimi,0.2535351948488194
wrangler unlimi sahara,0.28953358384850564
wrangler unlimi sport,0.333225584872116
wrangler unlimited,0.29419923161682254
wrangler unlimited 4 door,0.110075154551699
wrangler unlimited 4-door,0.2817992646167522
wrangler unlimited 4wd,0.2928603175885894
wrangler unlimited 4wd 4dr,0.2827588993494687
wrangler unlimited 4wd 4dr sahara,0.2724938381348741
wrangler unlimited 4x4,0.2386116610772152
wrangler unlimited 4x4 sport 1-owner local suv hard top automatic,0.2474443411855024
wrangler unlimited 4x4 v6 auto hard top bumpers new 35s,0.1716432987191401
wrangler unlimited 75th 4x4,0.38886419653319326
wrangler unlimited all new,0.37647489040794657
wrangler unlimited altitude,0.3332154834538769
wrangler unlimited black b,0.3020021010949937
wrangler unlimited freedom,0.2860418602771829
wrangler unlimited jl,0.3737221705927512
wrangler unlimited lj,0.18557062911632788
wrangler unlimited moab,0.2119782617479494
wrangler unlimited rubicon,0.396235040295363
wrangler unlimited rubicon 4x4,0.5533253868843186
"wrangler unlimited rubicon local trade* terra fles sport lift*37"" nitto trail grabblers*17"" kmc xd beadlock wheels* x2o winch* steel bumpers*led lights* never off roaded",0.5353145581639662
wrangler unlimited rubicon recon,0.4040264253101135
wrangler unlimited sahara,0.2970275275556985
wrangler unlimited sahara 4,0.3434179158753889
wrangler unlimited sahara 4dr hardtop,0.4140773364580387
wrangler unlimited sahara 4wd,0.1716837043920966
wrangler unlimited sahara 4wd hard top automatic clean carfax***4x4 suv,0.23219119964443
wrangler unlimited sahara 4x4 hard top lifted 18s 35s,0.2928603175885894
wrangler unlimited sahara automatic,0.36430259808477106
wrangler unlimited sahara jk,0.2928906218433068
wrangler unlimited sahara lifted,0.313063154066831
"wrangler unlimited sahara, $374.52, $1500 down, 2.9% apr, $374.52, $1500 down, 2.9% apr,",0.2368479534526647
wrangler unlimited sport,0.2992292142298888
wrangler unlimited sport 4 doors 4x4 only 84k hard top,0.2423532263929855
wrangler unlimited sport 4d,0.444381591175401
wrangler unlimited sport 4wd,0.2928603175885894
wrangler unlimited sport 4x4 v6 3.6l auto newer tires,0.1766940078387005
wrangler unlimited sport 4x4 v6 auto hard top 107k clean,0.1918461351973817
wrangler unlimited sport manual,0.3231241666329952
wrangler unlimited sport s,0.34724206028526405
wrangler unlimited sport v6 4x4,0.1766940078387005
wrangler unlimited sport*,0.3165178391046103
wrangler unlimited sport**,0.326619257343731
wrangler unlimited sterling,0.2726978867833043
wrangler unlimited unlimite,0.5653561760071114
wrangler unlimited willys,0.3236804461235246
wrangler unlimited winter,0.3534183199321185
wrangler unlimited x,0.15949823730251722
wrangler unlmited sahara,0.3938744999797971
wrangler unlmtd. sahara 4x4,0.2878601155602246
wrangler unlmted x,0.1514404622408986
wrangler w,0.0999737363125782
wrangler willys,0.2070487696472584
wrangler willys edition,0.424229261788355
wrangler with rubicon kit,0.0504767869408865
wrangler x,0.12840456646266976
wrangler x *4x4 *6 *speed *manual *local *suv 1-owner,0.1513798537314639
wrangler x 2dr suv,0.1882601317224938
wrangler x 4 x 4,0.1412885369105822
wrangler x 4x4,0.11402480908319523
wrangler x columbia edition,0.1504808275081821
wrangler x sport,0.1211362075235363
wrangler x sport utility,0.1514808679138551
wrangler x virgin stock,0.136338841973413
wrangler yj,0.06622381568086441
wrangler/tj,0.0403753687017657
wrangleryj,0.1565416784516546
wranler yj,0.0757303325386884
wranlger,0.2514950098993899
wringler sport,0.2624045415976403
wrnagler,0.1413895510929734
wrx,0.22195402446624712
wrx *back up cam!!,0.2761121661481271
wrx awd 6-spd,0.2928603175885894
wrx awd gas sedan manual,0.2625964685441836
wrx awd premium 4dr sedan,0.21200856600266674
wrx awd sti series hyperblue 6 speed manual,0.3432966988565194
wrx base 4dr sedan,0.2018970463453068
wrx hatchback,0.1312881328538526
wrx impreza,0.1413895510929734
wrx limited,0.23340177487234995
wrx limited awd,0.1903814295527092
wrx limited hatch,0.117095640227888
wrx limited manual,0.3231140652147561
wrx limited sedan 4d,0.2919006828558729
wrx manual,0.2625055557800315
wrx premium,0.24224098841255085
wrx premium 1 owner,0.2423027193017899
wrx premium awd gas sedan,0.3131035597397875
wrx premium awd turbo,0.25604064810699423
wrx premium cvt awd gas,0.333306396218029
wrx premium seda,0.1666430966907753
wrx premium sedan 4d,0.29240575376782896
wrx premium**navi*back u,0.2458079114307648
wrx sedan 4d,0.25676795022021087
wrx sedan only 4200 miles 4cyl 2.0l turbo 1 owner,0.2928603175885894
wrx sti,0.2723585337327306
wrx sti awd,0.4140773364580387
wrx sti awd gas sedan,0.3838134874136328
wrx sti extremely clean 1 owner low miles 29k recaros,0.3727120287688391
wrx sti launch edition,0.2823043355287082
wrx sti limited,0.33834026964052416
wrx sti limited awd,0.313063154066831
wrx sti limited manual,0.4039052082912441
wrx sti sedan 4d,0.326676144278025
wrx sti sti manual,0.2928199119156329
wrx wagon,0.1413895510929734
wrx wrx premium sedan 4d,0.29971412986383283
"wrx,sti,evalotion",0.1312881328538526
ws 4500,0.1413895510929734
x & 2019,0.7424239363206595
x 3,0.0590629924441391
x drive 28i,0.0959331690169299
x p90d,0.5959533718534082
x type,0.03204001508478452
x-3,0.0706291163279324
x-5 40e m packg,0.2676572790819831
x-type,0.03583526222319704
x-type 2.5,0.0272435249909087
x-type 2.5l,0.1009333710452947
x-type 4dr sedan 2.5l au,0.0403652672835266
x-type v6,0.0180512343933088
x1,0.18402305036284095
x1 28i sport line pkg,0.1110347892844155
x1 28i xdrive,0.1110347892844155
x1 328i,0.3332659905450725
x1 awd 4dr xdrive28i,0.11310558002343524
x1 drive28i,0.3206897248373672
x1 s sport,0.0545173542365348
x1 s type,0.135833771061457
x1 sdrive28i,0.18869361432258125
x1 sdrive28i sdrive28i,0.1211362075235363
x1 sdrive28i sport utility,0.27927391005697194
x1 x,0.2929007232615459
x1 xdrive 28i,0.2059254919390682
x1 xdrive 28i sport utility,0.1312780314356135
x1 xdrive 35i,0.1402581922501919
x1 xdrive28i,0.19630132686013727
x1 xdrive28i 8-speed automatic,0.0989635944886662
x1 xdrive28i awd,0.208688566541409
x1 xdrive28i awd gps heated leather backup camera,0.2322518081538647
x1 xdrive28i awd sports,0.13053052648591862
x1 xdrive28i awd! awd,0.13111640874378758
x1 xdrive28i sport utility,0.23736611879567146
x1 xdrive28i xdrive28i,0.1604004202189987
x1 xdrive35i,0.1554480315702991
x1 xdrive35i awdsuv,0.1110347892844155
x1 xdrive35i sport utility,0.19280576993009813
x1 xline xdrive28i,0.2109681199240373
x1/9,0.0504717362317669
x2,0.29051173784799383
x2 m35i,0.42416865327892034
x2 m35i sport utility 4d,0.3897834255929532
x2 sdrive28i,0.28255687098468624
x2 sdrive28i sport utility,0.2766475413148005
x2 xdrive28i,0.29338643312187695
x2 xdrive28i sport utility,0.3004868883591256
x3,0.15559596729542988
x3 2.5i,0.0605782051800072
x3 2.8i xdrive,0.1009333710452947
x3 28i msport xdrive,0.2919006828558729
x3 3.0i,0.05056506455245442
x3 3.0i awd,0.0807305345670532
x3 3.0i sport utility 4d,0.0857812436866136
x3 3.0si,0.05138807917203
x3 3.0si awd,0.0737100488908642
x3 3.0si awdsuv,0.0666390561234797
x3 3.0si i6 awd,0.0605276980888116
x3 3.0si luxury awd,0.0600731342680512
x3 35i,0.12622732231605316
x3 35i x drive,0.1706836639864236
x3 awd,0.0100711139844034
x3 awd 3.0,0.0499717160289304
x3 awd 4dr 28i,0.0757303325386884
x3 awd 4dr xdrive28i,0.1868257303325387
x3 awd xdrive 35i nav,0.1211362075235363
x3 awd xdrive35i nav,0.090831952806174
x3 m sport,0.0706695220008889
x3 m3,0.0383550850539415
x3 m40i,0.4781034923969992
x3 m40i sport utility 4d,0.3969756353792072
x3 sdrive28i,0.21553901167723946
x3 sdrive28i sport utility,0.2402824356539658
x3 sdrive30i,0.24765647096852395
x3 sdrive30i sport utility,0.36079235524667663
x3 sdrive30i sports activity,0.4135722655460827
x3 sdrive30i suv,0.3243262354034506
x3 sport,0.0848216089538971
x3 x3 xdrive28i,0.1312780314356135
x3 xdrive,0.1085094347246353
x3 xdrive 28i,0.15936075117254148
x3 xdrive 30i awd,0.0681239646046305
x3 xdrive 30i awd gas suv,0.38044634800059257
x3 xdrive28d 2.0l diesel turbo leather 1 owner 34 mpg,0.1716432987191401
x3 xdrive28d awd tdi,0.1413390440017778
x3 xdrive28i,0.1537886936567273
x3 xdrive28i 28i,0.0905794173501959
x3 xdrive28i automatic,0.2645864479372904
x3 xdrive28i awd,0.2019475534365024
x3 xdrive28i awd 4dr suv,0.1716432987191401
x3 xdrive28i awdsuv,0.11576562015973706
x3 xdrive28i sport utility,0.24508060931754813
x3 xdrive28i sports activit,0.2423027193017899
x3 xdrive28i x3 xdrive28i,0.1262374237342922
x3 xdrive28i xdrive28i,0.1311871186714614
x3 xdrive30i,0.18914424632837493
x3 xdrive30i awd gas suv,0.37779592826261377
x3 xdrive30i awdsuv,0.090831952806174
x3 xdrive30i sport utility,0.33628742160330816
x3 xdrive30i sports activity vehicle,0.3231645723059517
x3 xdrive35i,0.16063548295153607
x3 xdrive35i awd,0.1209846862499495
x3 xdrive35i awd sport heated leather gps pano 1owner,0.1009333710452947
x3 xdrive35i sport utility,0.25038385389308654
x3si awd,0.0479514323811063
x4,0.269245469410844
x4 m-sport awd,0.3736716635015556
x4 m40i sport utility 4d,0.33801365711745923
x4 xdrive m-sport,0.3231645723059517
x4 xdrive28i,0.24584398792447598
x4 xdrive28i sport utility,0.295634167037052
x4 xdrive30i,0.5959533718534082
x5,0.1768359556911501
x5 3.0,0.0898723180734575
x5 3.0 sport,0.0504666855226473
x5 3.01,0.070679623419128
x5 3.0i,0.04950284186566457
x5 3.0i awd,0.055476988969251254
x5 3.0i awd 126k miles 3.0l v6 pano roof heated leather,0.0605276980888116
x5 3.0l awd suv,0.0656289142995676
x5 3.0si,0.05274960604468865
x5 3.0si awd,0.0853266798658531
x5 3.5i premium,0.1514707664956159
x5 35d,0.12819709887268171
x5 35i awd 1 owner,0.1211362075235363
x5 35i msport,0.1908865004646652
x5 35i premium,0.1573194876560669
x5 35i x drive sport,0.1807850822255444
x5 4.4i,0.04306908023219788
x5 4.4i 4.4i,0.0706695220008889
x5 4.4i awd,0.0403248616105701
x5 4.4i sport utility 4d,0.0595680633560952
x5 4.4i top,0.0352741524910097
x5 4.4l v8,0.0403652672835266
x5 4.8i,0.0833013455089094
x5 4.8i awd,0.0858317507778092
x5 48i,0.0907814457149783
x5 5.0,0.2676572790819831
x5 5.0 v8,0.6919168451250556
x5 50i,0.17741625924279764
x5 awd,0.07520000808113456
x5 awd 4dr 4.8i,0.0302739504626449
x5 awd 4dr xdrive35i,0.2019475534365024
x5 awd 4dr xdrive35i premium,0.1059335730736595
x5 awd xdrive35i premium,0.1211362075235363
x5 awd xdrive35i sport,0.1211362075235363
x5 drive 35d diesel,0.3232049779789082
x5 m,0.3431032178456317
x5 m 4dr suv,0.7464645036163078
x5 m base 4dr suv,0.7262616671380663
x5 m sport,0.3333164976362681
x5 m-sport awd,0.5655986100448503
x5 sdrive35d,0.1060345872560507
x5 sdrive35i,0.2249419889981124
x5 sdrive35i sdrive35i,0.3128947970961789
x5 sdrive35i sport utility,0.35009928251069306
x5 sdrive35i twin turbo,0.2625055557800315
x5 sdrive40i,0.6060345872560507
x5 sport package,0.12340902662733841
x5 xdrive,0.0706291163279324
x5 xdrive 35d awd,0.0958826619257343
x5 xdrive 35i,0.1285102428380944
x5 xdrive 35i awd gas suv,0.44442199684835754
x5 xdrive 4.8i awd sport-suv,0.0903773889854135
x5 xdrive 48i,0.0696694815952159
x5 xdrive 5.0i,0.1008626611176209
x5 xdrive 50i,0.1493595700836397
x5 xdrive30i,0.09889743019919996
x5 xdrive30i 30i,0.1100650531334599
x5 xdrive35d,0.16418614316307148
x5 xdrive35d diesel 122k navi camera pano heated wheel-front & rear seats,0.1362883348822174
x5 xdrive35d diesel 3rd,0.1514404622408986
x5 xdrive35d sport utility,0.36407072462064577
x5 xdrive35i,0.20451907147763543
x5 xdrive35i 4d,0.2323023152450604
x5 xdrive35i 4dr suv,0.2018970463453068
x5 xdrive35i awd,0.1202674855549719
x5 xdrive35i awd luxury suv,0.15749570128534932
x5 xdrive35i awd suv,0.2823043355287082
x5 xdrive35i premium,0.14103672298447842
x5 xdrive35i premium awd,0.19334619580589113
x5 xdrive35i premium sport,0.17361307527576864
x5 xdrive35i premium sport leather pano gps 20 niche,0.1665925895995797
x5 xdrive35i sport,0.0423956523495898
x5 xdrive35i sport activity,0.12983785780666462
x5 xdrive35i sport utility,0.34322906327352704
x5 xdrive35i sports activity,0.3464483413471251
x5 xdrive40e awd,0.313063154066831
x5 xdrive40e iperformance,0.3773027866445782
x5 xdrive40e sport utility,0.26394861552847726
x5 xdrive40i,0.58835205462847
x5 xdrive40i sport utility,0.5212572691359714
x5 xdrive48i,0.0916148127197058
x5 xdrive50i,0.16787142914865244
x5 xdrive50i 6-speed automatic,0.1504808275081821
x5 xdrive50i awd m,0.1716432987191401
x5 xdrive50i m performance,0.2625560628712271
x5 xdrive50i m-sport 7-pass,0.2621014990504667
x5 xdrive50i m-sport w/3rd r,0.2621014990504667
x5 xdrive50i sport utility,0.4595877088729464
"x5, xdrive 35i",0.1211362075235363
x5m,0.2281228534486241
x6,0.2882724911048099
x6 351 x,0.5302436462079276
x6 35i,0.1767445149298961
x6 5.0 sport package,0.1464402602125338
x6 m,0.35335995618229243
x6 sdrive35i sport utility,0.42117552535145164
x6 sport package,0.136338841973413
x6 xdrive 50i xdrive50i,0.449482807386157
x6 xdrive35i,0.249226519974833
x6 xdrive35i m sport package,0.3494282597276658
x6 xdrive35i sport utility,0.3907681016565986
x6 xdrive50i,0.3557376055598206
x6 xdrive50i awd,0.4696856438643985
x6m,0.383823588831872
x6~ only 62k miles~ brown leather~ clean carfax~ l,0.3230938623782779
x7,0.8585094347246353
xc,0.0100711139844034
xc 60,0.1110347892844155
xc 70,0.0493353266798658
xc 90,0.14496112397037683
xc350l,0.0302638490444058
xc40,0.3149293910865085
xc40 save demo loaner,0.4118752272819104
xc40 t4 inscription sport,0.37513636914622805
xc40 t4 momentum sport,0.3130126469756353
xc40 t5 momentum sport,0.3294635281079178
xc40 t5 r-design sport,0.38776314194512906
xc60,0.19190619768420888
xc60 3.0t r-design,0.1008626611176209
xc60 3.2,0.11206109337751016
xc60 3.2 awd,0.0807305345670532
xc60 3.2 premier 4dr suv,0.0958826619257343
xc60 3.2 sport utility 4d,0.1311871186714614
xc60 3.2l awd,0.1009333710452947
xc60 awd,0.10753296429485364
xc60 awd 4dr 3.0t w/moonroof,0.065578407208372
xc60 inscription,0.2434071410292671
xc60 inscription awd,0.5521300523926893
xc60 local lots of records,0.1293348858907063
xc60 premier plus**back u,0.1447937290395571
xc60 r type,0.0807709402400097
xc60 save,0.5356731585114551
xc60 t5,0.12371206917451205
xc60 t5 all wheel drive,0.3332962947997899
xc60 t5 awd,0.2120691745121015
xc60 t5 awd inscription,0.2282415451129338
xc60 t5 drive-e premier,0.18381550769728067
xc60 t5 dynamic sport,0.2423027193017899
xc60 t5 inscription,0.201492989615742
xc60 t5 inscription sport,0.3763148679407922
xc60 t5 momentum sport,0.35734664924733206
xc60 t5 platinum awd,0.2120489716756232
xc60 t5 premier,0.16967352216251155
xc60 t5 premier plus sport,0.1614913733888237
xc60 t5 premier sport,0.1917956281061861
xc60 t5 r-design sport,0.4342296658450846
xc60 t6,0.13934401389955145
xc60 t6 awd,0.14893531051759665
xc60 t6 awd inscription,0.46303477826468653
xc60 t6 awd momentum,0.4090771344296739
xc60 t6 awd r design,0.1009333710452947
xc60 t6 dynamic sport,0.2887692432017455
xc60 t6 inscription sport,0.37304393251098167
xc60 t6 momentum,0.4020061416622894
xc60 t6 momentum awdsuv,0.4544426037415653
xc60 t6 momentum sport,0.35819353582697555
xc60 t6 platinum,0.1625974786860075
xc60 t6 platinum awd,0.1817649197947391
xc60 t6 platinum sport,0.23291817590544545
xc60 t6 premier plus,0.1307830619418966
xc60 t6 r design,0.07042708796315
xc60 t6 r-design premier plus leather pano gps 1 owner,0.1514404622408986
xc60 t6 r-design sport,0.3796820073538324
xc60 t6 sport utility 4d,0.2106516088192115
xc60 t8,0.5050406077013213
xc60 t8 inscription,0.5050406077013213
"xc60 t8 inscription 1,300 miles",0.686845933169017
xc70,0.06795048372617599
xc70 3.2,0.07034290947782397
xc70 3.2 awd,0.07620678276563357
xc70 3.2 awd premier pzev,0.1514404622408986
xc70 awd,0.0530243646207927
xc70 awd t6,0.13380338599539374
xc70 awd wagon,0.0151218231039637
xc70 cross country,0.04729989090468297
xc70 cross country awd,0.034617560305466866
xc70 premier e drive,0.1777041496626126
xc70 t5 classic platinum,0.22816073376702078
xc70 t5 classic premier,0.2322013010626692
xc70 t6,0.2520000808113459
xc70 t6 awd,0.08514148719813593
xc70 t6 platinum awd,0.14762212614651093
xc70 t6 turbo,0.2070487696472584
xc70 t6 wagon awd,0.1716432987191401
xc70 wagon awd,0.0797708998343367
xc90,0.1309297553317662
"xc90 11,200 miles wwow",0.4631695075702914
xc90 2.5 t,0.04492100690937
xc90 2.5l turbo,0.0403652672835266
xc90 2.5t,0.028842074427249523
xc90 2.5t 4wd,0.0535072124126227
xc90 2.5t awd,0.02471817043112845
xc90 2.5t**3rd row*leathe,0.0639823831265909
xc90 3.2,0.07590991330738388
xc90 3.2 awd,0.07376055598205984
xc90 3.2 awd 3.2l heated leather dvd tvs moon 1 owner,0.1211362075235363
xc90 3.2 awd 3rd row,0.0806598246393793
xc90 3.2 r-design premier plus i6 awd,0.1009333710452947
xc90 3.2 sport utility 4d,0.1614913733888237
xc90 3.2 versatility pkg,0.0605276980888116
xc90 3.2l awd r-design,0.0828013253060729
xc90 3.2l**3rd row*r*cam!,0.1447937290395571
xc90 awd,0.05671178633480137
xc90 awd 2.5t,0.0302234433714493
xc90 awd premium,0.0907612428785001
xc90 hybrid,0.36610065053133456
xc90 inscription,0.3838033859953937
xc90 momentum,0.3736009535738818
xc90 r design,0.0666390561234797
xc90 r-design,0.1170451331366923
xc90 r-design awd,0.0959230675986908
xc90 r-design fwd,0.0802759707462927
xc90 r-design wow nice,0.0984080164855145
xc90 t5,0.0605276980888116
xc90 t5 awd momentum,0.3464483413471251
xc90 t5 momentum,0.2817992646167522
xc90 t5 momentum 4dr suv,0.2928199119156329
xc90 t5 momentum sport,0.32850148827562053
xc90 t6,0.27670814982423525
xc90 t6 all services up to date,0.250252535455978
xc90 t6 awd,0.11563093458321543
xc90 t6 inscription,0.5172027152612227
xc90 t6 inscription sport,0.3567854593451587
xc90 t6 momentum awd 360 cam 3rd row seating leather,0.4131177017253222
xc90 t6 momentum sport,0.3693561131538423
xc90 t6 r design awd gas,0.333306396218029
"xc90 t8 1,300 miles",0.6833375269524206
xc90 t8 hybrid inscription,0.3366836370493083
xc90 t8 inscription,0.2424037334841811
xc90 t8 inscription 1300 miles,0.7070487696472585
xc90 v8,0.06998935983945477
xc90 v8 awd,0.0196674613115681
xc90 v8 awdsuv,0.0545173542365348
xc90t6 awd 24733 miles,0.4228601829030129
xcab,0.0555274960604468
xcs chassis,0.5453957735666088
xe,0.22879838579336534
xe 20d,0.2423532263929855
xe 20d premium sedan 4d,0.2281607337670208
xe 20d sedan 4d,0.2526145837542257
xe 25t,0.2567603741565315
xe 25t premium,0.26209644834134704
xe 25t premium sedan 4d,0.2519848333875887
"xe 25t premium,lo miles,v",0.2422522122105943
xe 25t prestige sedan 4d,0.28245585680229496
xe 25t sedan 4d,0.2231100246474605
xe 35t first edition,0.2988706614408662
xe 35t premium,0.2413733888237908
xe 35t premium sedan 4d,0.23556844047570946
xe 35t prestige sedan 4d,0.2628843589639985
xe 35t r-sport awd,0.3837730817406763
xe 35t r-sport sedan 4d,0.29780735425780086
xe navigation 1-owner 30m,0.2019677562729807
xe p300 r-dynamic s sedan,0.4301890985494363
xe s awd,0.4039759182189179
xer,0.0898723180734575
xf,0.2756914070735531
xf 2.0t automatic 52k gps heated leather moon roof,0.1514404622408986
xf 20d premium,0.2827588993494687
xf 20d premium sedan 4d,0.2576167777925486
xf 20d prestige sedan 4d,0.2483635702452624
xf 20d sedan 4d,0.23826215200614156
xf 3.0 l,0.313063154066831
xf 3.0 portfoliosedan,0.1918461351973817
xf 3.5t r-sport sedan 4d,0.2786678249626247
xf 30t prestige sedan 4d,0.4847367570406885
xf 35t premium sedan 4d,0.25309528720990315
xf 35t prestige,0.2322013010626692
xf 35t r-sport sedan 4d,0.31351771788759136
"xf 43,000 miles 1 owner",0.1464402602125338
xf 4dr sedan,0.0757202311204493
xf approved certified,0.3433674087841933
xf i4 rwd,0.1504808275081821
xf luxury,0.0757303325386884
xf portfolio,0.0893672471615014
xf portfolio sedan 4d,0.2079578972887793
xf portfolio sport,0.1311871186714614
xf premium,0.144369469473514
xf premium luxury,0.070679623419128
xf s,0.5310719625035355
xf s sedan 4d,0.2928098104973938
xf sedan 4d,0.18506134928010554
xf sport sedan 4d,0.2322013010626692
xf supercharged,0.1009333710452947
xf supercharger,0.1666430966907753
xfr,0.2722029172895874
xg 350 l,0.0181522485757
xg 350l,0.0908824598973696
xg300,0.031917114496208564
xg300 l,0.0302638490444058
xg350,0.015478258861829871
xg350 l,0.018785270785351568
xg350l,0.022529529812652337
xg50,0.0504262798496909
xi,0.0403248616105701
xj,0.15675120635422057
xj 4dr sdn xjl portfolio awd,0.227675865691543
xj cherokee,0.0555274960604468
xj cherokee sport,0.070174552507172
xj l,0.241393591660269
xj l supercharged,0.0242130995191724
xj sdn xj8 lwb,0.0706291163279324
xj sedan,0.0019899793931067
xj sedan 4d,0.217049173703988
xj sport,0.0656289142995676
xj supercharged,0.2625055557800315
xj vanden plas,0.0352741524910097
xj xjl,0.1110852963756111
xj xjl portfolio sedan 4d,0.3195519861514872
xj-sc,0.0959331690169299
xj-series,0.2928893591660269
xj12,0.0201725322235241
xj40,0.0807709402400097
xj6,0.04030703557838339
xj6 sedan,0.0302739504626449
xj6 vanden plas,0.03719342195644263
xj6 vanden plas majestic,0.0302739504626449
xj6l,0.0181522485757
xj8,0.05090984451636359
xj8 l,0.09000026937115302
xj8 sedan,0.0504767869408865
xj8 sport,0.0575225261626732
xj8 vandan plas,0.1009838781364903
xj8 vanden plas,0.04303540883806747
xj8 xj6,0.1211362075235363
xj8l,0.06755940756304404
xjl,0.21334132187159072
xjl portfolio,0.2268980564871308
xjl rwd supercharged,0.3635702452624348
xjl supercharged,0.1918966422885773
xjr,0.0590609721604913
xjr s,0.0605782051800072
xjr super charged,0.0503757727584952
xjr supercharged,0.06896238231847747
xjs,0.08919889019084941
xjs 2+2 convertible,0.1908865004646652
xjs convertable,0.2828094064406642
xjs convertible,0.08911597438280332
xjs coupe,0.0858317507778092
xjs v-12 convertible,0.0906804315325871
xjs v12,0.050981857852842496
xjs v12 coupe,0.0908824598973696
xjsc he,0.0605782051800072
xk,0.1822111648004791
xk base,0.1810275162632833
xk convertible,0.12623742373429225
xk convertible 2d,0.3635197381712392
xk coupe,0.12421714008646809
xk series,0.18335757673710718
xk xk8,0.1302779910299406
xk-series,0.0756798254474928
xk6,0.0696694815952159
xk8,0.09145787997206234
xk8 2dr convertible,0.11863105580023431
xk8 convertable,0.0696694815952159
xk8 convertible,0.11011758050830331
xk8 convertible 4.0 l,0.0403753687017657
xk8 convertible v8,0.0802759707462927
xk8 coupe,0.0984585235767101
xke,0.0484565032930623
xkr,0.19475871078966145
xkr convertible,0.21325777472490462
xl1200x,0.065578407208372
xlr,0.1770439498276986
xlr convertible,0.2104478968847226
xlr hardtop convertible 119k new wheels and tires,0.1413390440017778
xls explorer,0.0252232413430845
xlt,0.0454260778213261
xlt econoline e350,0.1464402602125338
xlt f-350 diesel 4x4,0.23119368459331685
xlt f150,0.0353246595822053
xlt x-cab,0.070174552507172
xplorer,0.1161360054951715
xrs (luxury),0.1817952240494565
xt4,0.37951986664055837
xt4 2.0 turbo litre,0.2424037334841811
xt4 awd premium luxury,0.3550042425956604
xt4 luxury,0.3524485837811629
xt4 luxury sport,0.2887692432017455
xt4 premium luxury,0.3266823912077256
xt4 sport,0.3939048042345145
xt4 sport suv 4d,0.3390373761164239
xt5,0.2815271511542901
"xt5 $391 month, 37k miles luxury, panoramic roof, nav $391 month, luxury, only 37k miles",0.2423532263929855
xt5 base,0.2928098104973938
xt5 fwd 4dr premium luxury,0.3130227483938745
xt5 luxury,0.38157718882192593
xt5 luxury awd,0.30360317588589436
xt5 luxury awd gas suv,0.333306396218029
xt5 luxury fwd,0.2698896925128288
xt5 luxury premium,0.2615964281385106
xt5 luxury sport,0.2892266659144604
xt5 platinum,0.443876520263445
xt5 platinum awd,0.3737120691745121
xt5 platinum sport,0.36416255569554684
xt5 premium,0.2624853529435532
xt5 premium luxury,0.37330477236739884
xt5 premium luxury fwd,0.3282152814255121
xt5 sport suv 4d,0.4948381752798093
xt5 sport utility 4d,0.28780960846902903
xt6,0.5446795830134551
xt6 premium luxury,0.49416474739720123
xt6 sport,0.5537597478686008
xt6 sport suv 4d,0.5418097700917209
xterra,0.06703527660131962
xterra 2wd 4dr auto x,0.1199745444260374
xterra 4dr xe 2wd v6 auto,0.0075457594246232
xterra 4wd,0.0731898258515495
xterra 4wd 4dr auto s,0.0655076972806982
xterra 4x4,0.04206351771788755
xterra 4x4 s,0.0908723584791304
xterra 4x4 suv,0.0696694815952159
xterra 4x4s,0.0663865206675017
xterra 5speed,0.021182674047436196
xterra le,0.0019899793931067
xterra off road,0.06038852299307264
xterra off- road 4x4,0.045415976403087
xterra off-road,0.0807305345670532
xterra offroad,0.0802759707462927
xterra offroad 4x4,0.0479514323811063
xterra pro 4x,0.1158531657844761
xterra pro-4x,0.18999757565962255
xterra pro-4x 4wd,0.10346882702331406
xterra s,0.06797775986695896
xterra s 4x4,0.1090145056365913
xterra s 4x4 gas suv auto,0.1060244858378116
xterra s sport utility 4d,0.17693211269719408
xterra se,0.04662118009644411
xterra se 4dr 4x4,0.0340619823023152
xterra se 4x4,0.0583243262354034
xterra supercharged,0.0287587377267768
xterra x,0.09655801388800696
xterra x 4wd,0.0302739504626449
xterra xe,0.02829205220412941
xterra xe 4wd,0.0146167521920077
xterra xe 4x4,0.038481352781930545
xterra xe v6 4dr 4wd suv,0.0403248616105701
xterra xe v6 4wd,0.0302234433714493
xtravan,0.1413895510929734
xts,0.17448883909839397
xts 3.6l v6,0.1403289021778657
xts 4,0.19033092246151356
xts 4dr fwd,0.1050244454321386
xts luxury,0.1481260086563212
xts luxury automatic,0.2120893773485797
xts luxury awdsedan,0.1373489837973251
xts luxury collection,0.18654289062184326
xts luxury sedan 4d,0.2602032742063652
xts luxury* black,0.2559093296698856
xts platinum,0.1795665986504505
xts platinum awd,0.2320699826255606
xts premium,0.191206378708904
xts premium collection,0.18827275849529268
xts professional,0.1108529637561113
xts sedan 4d,0.1892702735464059
xts standard sedan 4d,0.2281607337670208
xts vsport platinum,0.2928098104973938
xts4,0.2969513919754333
xtype,0.02774859590286475
xtype 4 door,0.0191623903996121
xv crosstrek,0.12883882636959623
xv crosstrek 2.0 limited,0.2014020768515899
xv crosstrek 2.0 limited cvt,0.0807305345670532
xv crosstrek 2.0 premium,0.1059840801648551
xv crosstrek 2.0i,0.1237057557881126
xv crosstrek 2.0i limited,0.12636019481750618
xv crosstrek 2.0i premiu,0.131237625762657
xv crosstrek 2.0i premium,0.1221766536021657
xv crosstrek 5dr cvt 2.0,0.1665420825083841
xv crosstrek 5dr cvt 2.0i premium,0.1908865004646652
xv crosstrek awd limited,0.1105802254636551
xv crosstrek hybrid,0.1614913733888237
xv crosstrek hybrid touri,0.1600771748353468
xv crosstrek limited,0.16196536301389017
xv crosstrek limited awd,0.1514404622408986
xv crosstrek manual,0.1110852963756111
xv crosstrek premium,0.16152869251731825
xv crosstrek premium 4wd,0.0802759707462927
xv crosstrek premium awd,0.110075154551699
y performance,0.5949432300294962
yari ia,0.0828013253060729
yaris,0.051294480148768716
yaris 2dr hatchback,0.0504262798496909
yaris 5-door l,0.06730574972726167
yaris coupe hatchback,0.0423956523495898
yaris fwd,0.0362842943149218
yaris hatchback,0.05281684360984279
yaris ia,0.11439718409191921
yaris ia sedan,0.0903773889854135
yaris ia sedan 4d,0.15595755296217498
yaris l,0.12172512020687701
yaris l sedan 4d,0.16149137338882372
yaris le,0.07036041860277178
yaris le 3 dr,0.0555274960604468
yaris le 4dr h/b,0.0302739504626449
yaris le 5-door at 4-speed automatic,0.0555274960604468
yaris le sedan 4d,0.1614913733888237
yaris prius civic fit,0.0196674613115681
yaris rs,0.0656289142995676
yaris s,0.0499531967621587
yaris se,0.08566002666774407
yaris se hatchback,0.0858317507778092
yaris se hatchback sedan,0.1574508060931754
yaris sedan,0.07349589882419488
yaris sedan le,0.0405268899753525
yaris sedan le auto (natl),0.1492686573194876
yj,0.057446765525879795
yj wrangler,0.09778509569410206
ykuon,0.2928603175885894
yokon xl,0.1161360054951715
yukon,0.18269867305585918
yukon 1500 4wd,0.1590266273384783
yukon 1500 slt 4x4 1/2 ton,0.1211766131964928
yukon 1500 slt 4x4 half ton,0.1211766131964928
yukon 2wd,0.0247181704311285
yukon 2wd 4dr slt,0.41411774213099517
yukon 4dr 4wd sle,0.020162430805285
yukon 4wd 4dr 1500 sle,0.151389955149703
yukon 4wd 4dr 1500 slt,0.1035092326962705
yukon 4wd 4dr denali,0.4535233746818053
yukon 4wd 4dr sle,0.3661461069134106
yukon 4x4,0.1065396581680068
yukon 4x4 *,0.1065396581680068
yukon denali,0.18196720069497754
yukon denali 1500 4x4,0.0906299244413915
yukon denali 2wd,0.4939290476382884
yukon denali 4dr suv,0.0705786092367368
yukon denali 4wd,0.2120994787668188
yukon denali 4x2suv,0.3434078144571498
yukon denali 4x4,0.26159642813851064
yukon denali 4x4 gas suv,0.5434158955917411
yukon denali 6.2l v8! 4wd,0.39101074790900636
yukon denali awd,0.1445043234070063
yukon denali awd 6.2l auto leather moon 3 row 1 owner,0.1817447169582609
yukon denali hybrid,0.2323023152450604
yukon denali hybrid sport,0.282708392258273
yukon denali sport,0.0201725322235241
yukon denali sport utility,0.2702264064541328
yukon denali suv 3rd row,0.1464402602125338
yukon denali v8 awd,0.1059840801648551
yukon denali xl,0.1383202164546865
yukon denali xl 4wd,0.1696735221625116
yukon denali xl awd,0.10431397901598714
yukon gt,0.1413895510929734
yukon hybrid,0.1417329993131035
yukon sle,0.1399684078144571
yukon sle 4wd,0.24490888520748308
yukon sle 4x4,0.3231140652147561
yukon sle sport utility 4d,0.45089700593963394
yukon sle suv,0.15637668862041565
yukon slt,0.15664040883513955
yukon slt *i deliver 2u,0.0807305345670532
yukon slt 2003,0.0393652268778536
yukon slt 4wd,0.1514909693320942
yukon slt 4x2suv,0.12674249464624832
yukon slt 4x4,0.11759599714466575
yukon slt 4x4 gas suv auto,0.4787668188613681
yukon slt 4x4 v8 auto leather seats 3 row seating loaded,0.131237625762657
yukon slt sport,0.4948381752798093
yukon slt sport utility,0.2474544426037415
yukon slt sport utility 4d,0.4651318979395233
yukon slt v8 4x4,0.0302739504626449
yukon slt2 4wd v8,0.1514404622408986
yukon sport,0.0605782051800072
yukon xl,0.16164242994825428
yukon xl 1500,0.12253764639081642
yukon xl 1500 denali,0.129146632187159
yukon xl 1500 denali sport,0.3119596839222313
yukon xl 1500 sle,0.0555173946422077
yukon xl 1500 slt,0.282708392258273
yukon xl 1500 sltsuv,0.0696694815952159
yukon xl 2500,0.10047678694088644
yukon xl 2500 4wd,0.2019980605276981
yukon xl 2500 slt,0.0757303325386884
yukon xl 2500 slt 4x4 v8 6.0l leather 3 row seating,0.0807305345670532
yukon xl 4wd 4dr denali,0.4342801729362802
yukon xl 4x4,0.0625984888278314
yukon xl denali,0.17546393059040027
yukon xl denali 1 owner,0.3938239928886015
yukon xl denali 2wd 4dr 1500,0.1816942098670653
yukon xl denali 4x4,0.381399248454483
yukon xl denali 4x4 gas suv,0.6161461069134107
yukon xl denali automatic,0.4644430077982949
yukon xl denali awd,0.05753767829003185
yukon xl denali denali,0.0705786092367368
yukon xl denali!,0.1614913733888237
yukon xl denali**3rd row*na,0.3771263485393349
yukon xl denali**dvd*3rd ro,0.3771263485393349
yukon xl sle,0.0726999070669522
yukon xl sle 1500,0.0595680633560952
yukon xl slt,0.24665225823792614
yukon xl slt 1500,0.12233154201516555
yukon xl slt 1500 4x4suv,0.39383409430684074
yukon xl slt 4wd,0.11101963715705679
yukon xl slt 4x4,0.1920342741120853
yukon xl slt 4x4 gas suv,0.5555375974786861
yukon xl slt automatic,0.5049193906824518
yukon xl slt suv,0.1868459331690169
"yukon, xl, slt",0.0391631985130712
yukonslt,0.0514869287647985
yulon denali awd,0.1645723059517556
z,0.22014626853610242
z-28,0.0252232413430845
z-3,0.0302234433714493
z-3 convertible,0.0019899793931067
z26,0.1413895510929734
z28 camaro,0.0504767869408865
z28 camaro converitible,0.1514404622408986
z28 convertible,0.0403753687017657
z3,0.1174890343493115
z3 1.9,0.0696593801769768
z3 2.3,0.12216318504451353
z3 2.5i,0.10567767047826844
z3 2.5i roadster 2.5i,0.1206816437027758
z3 2.8,0.09020566487534847
z3 2.8l,0.0905794173501959
z3 2.8l 2.8l,0.09057941735019588
z3 3.0i,0.111075194957372
z3 3.2l,0.2120893773485797
z3 4-cyl roadster 2d,0.141268334074104
z3 conv.,0.0368398723180734
z3 convertible,0.07583579134510482
z3 coupe,0.1244696755424461
z3 m roadster,0.13521614148912217
z3 roadster,0.07014200349284593
z3 roadster 3.0i convertible,0.0706291163279324
z3 roadster convertible,0.0757303325386884
z3m,0.2221907955877005
z4,0.11925092796542143
z4 2.5i,0.09735578541893943
z4 2.5i 2dr roadster,0.0454260778213261
z4 2dr roadster 3.0si,0.1403794092690613
z4 3.0 sdrive,0.1999777768798739
z4 3.0i,0.09037187912091944
z4 3.0i 3.0i,0.10674067639096523
z4 3.0i convertible,0.1666329952725362
z4 3.0si,0.1504303204169865
z4 35i roadster 2d,0.2524041375409107
z4 convertible,0.0720918016889571
z4 covertible,0.1161360054951715
z4 m,0.1716938058103357
z4 m convertible,0.2423532263929855
z4 m coupe,0.2323023152450604
z4 roadster,0.1034839791506727
z4 roadster 3.0i,0.1716938058103357
z4 roadster 3.0si,0.0605782051800072
z4 sdrive 35i,0.4136227726372782
z4 sdrive28i,0.22327164733928642
z4 sdrive28i roadster 2d,0.2668347350253689
z4 sdrive30i roadster 2d,0.2524041375409107
z4 sdrive35i,0.2211907551820275
z4 sdrive35i convertible sport premium m pkg leather,0.2777081902299083
z4 sdrive35is,0.2676572790819831
z4 sdrive35is roadster 2d,0.32317654821417335
z4 z3 tt z 330ci sc430,0.0757202311204493
z71,0.08431653804194106
zdm,0.0252232413430845
zdx,0.12876277829407246
zephyr,0.03113728500814844
zephyr 4dr sdn,0.0605276980888116
zj,0.0302739504626449
zl1 camaro,0.6464604630490122
zr2 sonoma,0.0378500141419855
zx2,0.0080508303365792
♿,0.1009737767182512
♿ vmi,0.10095357388177295
